Timestamp,cost-per-transaction
2016-02-20 00:00:00,8.06686200631205
2016-02-21 00:00:00,6.90521951372273
2016-02-22 00:00:00,5.94171379587346
2016-02-23 00:00:00,6.07447871299474
2016-02-24 00:00:00,5.65994249697343
2016-02-25 00:00:00,7.76012828106063
2016-02-26 00:00:00,7.6052634948602
2016-02-27 00:00:00,8.86339352332775
2016-02-28 00:00:00,6.552574145045
2016-02-29 00:00:00,5.57188180092123
2016-03-01 00:00:00,5.68823396108778
2016-03-02 00:00:00,6.41027107788066
2016-03-03 00:00:00,6.64770749487023
2016-03-04 00:00:00,7.93500316104195
2016-03-05 00:00:00,6.57631789960665
2016-03-06 00:00:00,9.31494722925863
2016-03-07 00:00:00,7.43772423515425
2016-03-08 00:00:00,8.02493273889666
2016-03-09 00:00:00,9.40564349504068
2016-03-10 00:00:00,8.59461655399094
2016-03-11 00:00:00,8.94827741370047
2016-03-12 00:00:00,8.947359385739
2016-03-13 00:00:00,9.37684970525775
2016-03-14 00:00:00,8.31734727883832
2016-03-15 00:00:00,8.35615789644623
2016-03-16 00:00:00,7.70289201219767
2016-03-17 00:00:00,7.26443942815048
2016-03-18 00:00:00,6.89835761740046
2016-03-19 00:00:00,7.87485958708264
2016-03-20 00:00:00,8.59816120917134
2016-03-21 00:00:00,7.23844029697589
2016-03-22 00:00:00,7.63106467603342
2016-03-23 00:00:00,8.580950294766
2016-03-24 00:00:00,8.43328264414113
2016-03-25 00:00:00,8.87551890838176
2016-03-26 00:00:00,10.1900942180538
2016-03-27 00:00:00,9.32429690155126
2016-03-28 00:00:00,9.32788745155284
2016-03-29 00:00:00,8.37920831616159
2016-03-30 00:00:00,7.63582229288839
2016-03-31 00:00:00,6.36311162126745
2016-04-01 00:00:00,7.56276260352157
2016-04-02 00:00:00,8.51476851421795
2016-04-03 00:00:00,8.48474770508334
2016-04-04 00:00:00,8.71544915949304
2016-04-05 00:00:00,7.65726772141982
2016-04-06 00:00:00,7.70783850632323
2016-04-07 00:00:00,6.88108636440647
2016-04-08 00:00:00,7.16808952461495
2016-04-09 00:00:00,8.78167344971438
2016-04-10 00:00:00,9.78741993782213
2016-04-11 00:00:00,7.27930495791414
2016-04-12 00:00:00,6.68450012117592
2016-04-13 00:00:00,7.87886597430276
2016-04-14 00:00:00,7.72059961984612
2016-04-15 00:00:00,7.38215616004168
2016-04-16 00:00:00,8.25333153649982
2016-04-17 00:00:00,8.88765062838533
2016-04-18 00:00:00,6.6677770358042
2016-04-19 00:00:00,7.32772381629562
2016-04-20 00:00:00,8.4534541625636
2016-04-21 00:00:00,7.99050855667362
2016-04-22 00:00:00,8.12289825859514
2016-04-23 00:00:00,8.81528806470347
2016-04-24 00:00:00,8.32317229712625
2016-04-25 00:00:00,6.8257637560181
2016-04-26 00:00:00,7.71148377096035
2016-04-27 00:00:00,6.61570649994093
2016-04-28 00:00:00,6.19983572145338
2016-04-29 00:00:00,6.94868282057739
2016-04-30 00:00:00,7.74539194686365
2016-05-01 00:00:00,9.51391685639959
2016-05-02 00:00:00,7.94208387706811
2016-05-03 00:00:00,7.23171549208083
2016-05-04 00:00:00,8.23636335930553
2016-05-05 00:00:00,7.66189057526479
2016-05-06 00:00:00,8.03413783958048
2016-05-07 00:00:00,8.61462360257081
2016-05-08 00:00:00,10.3081114006317
2016-05-09 00:00:00,8.77159228341533
2016-05-10 00:00:00,7.41584263991518
2016-05-11 00:00:00,6.50678002529119
2016-05-12 00:00:00,7.131053376757
2016-05-13 00:00:00,7.6937707931739
2016-05-14 00:00:00,8.07919540883829
2016-05-15 00:00:00,8.07500684764486
2016-05-16 00:00:00,6.82390581543288
2016-05-17 00:00:00,6.80459992524274
2016-05-18 00:00:00,7.91622621872739
2016-05-19 00:00:00,6.37659991519156
2016-05-20 00:00:00,7.92867058543853
2016-05-21 00:00:00,8.24298424315032
2016-05-22 00:00:00,11.2074722375222
2016-05-23 00:00:00,9.03677247803086
2016-05-24 00:00:00,6.85457397177824
2016-05-25 00:00:00,6.41199443880915
2016-05-26 00:00:00,7.01819915280141
2016-05-27 00:00:00,7.78802522904296
2016-05-28 00:00:00,8.79740852481592
2016-05-29 00:00:00,11.1536228782996
2016-05-30 00:00:00,9.49515967844125
2016-05-31 00:00:00,8.11837140218208
2016-06-01 00:00:00,8.3796243807907
2016-06-02 00:00:00,8.26911635178399
2016-06-03 00:00:00,8.65150417717435
2016-06-04 00:00:00,8.86908216459622
2016-06-05 00:00:00,13.2069458375419
2016-06-06 00:00:00,11.5180501215928
2016-06-07 00:00:00,9.10313957840628
2016-06-08 00:00:00,9.2039697612761
2016-06-09 00:00:00,10.1754029276919
2016-06-10 00:00:00,9.24603229886439
2016-06-11 00:00:00,10.9456642183003
2016-06-12 00:00:00,11.4569861189325
2016-06-13 00:00:00,11.365333111259
2016-06-14 00:00:00,9.50976344776362
2016-06-15 00:00:00,10.2750187124439
2016-06-16 00:00:00,10.5610492423668
2016-06-17 00:00:00,11.2707678947578
2016-06-18 00:00:00,12.8492833629791
2016-06-19 00:00:00,15.6648774074626
2016-06-20 00:00:00,12.9955526650742
2016-06-21 00:00:00,10.2816873288637
2016-06-22 00:00:00,9.15596277314637
2016-06-23 00:00:00,8.73794839460847
2016-06-24 00:00:00,9.11191528827647
2016-06-25 00:00:00,13.3542929242102
2016-06-26 00:00:00,13.0779968332116
2016-06-27 00:00:00,11.0208074374005
2016-06-28 00:00:00,11.4753581125845
2016-06-29 00:00:00,11.2958199272297
2016-06-30 00:00:00,10.7518871025575
2016-07-01 00:00:00,13.2885091735631
2016-07-02 00:00:00,13.0850748304231
2016-07-03 00:00:00,15.1511055988455
2016-07-04 00:00:00,12.2461453091458
2016-07-05 00:00:00,11.5552595190852
2016-07-06 00:00:00,11.1632815127855
2016-07-07 00:00:00,10.3933160067103
2016-07-08 00:00:00,11.62658778245
2016-07-09 00:00:00,11.5096841009321
2016-07-10 00:00:00,7.9428288261913
2016-07-11 00:00:00,5.53676287314308
2016-07-12 00:00:00,5.51527906453499
2016-07-13 00:00:00,5.17609502156344
2016-07-14 00:00:00,5.49264641107202
2016-07-15 00:00:00,5.41324640373743
2016-07-16 00:00:00,7.46002946436918
2016-07-17 00:00:00,7.55058216805459
2016-07-18 00:00:00,5.87712266209777
2016-07-19 00:00:00,5.02439011888917
2016-07-20 00:00:00,5.68046413013719
2016-07-21 00:00:00,5.28877014815405
2016-07-22 00:00:00,5.00429047508524
2016-07-23 00:00:00,5.68310067081166
2016-07-24 00:00:00,5.73700939724215
2016-07-25 00:00:00,4.7193195745529
2016-07-26 00:00:00,4.6170731188229
2016-07-27 00:00:00,4.73905287819979
2016-07-28 00:00:00,4.94807782010003
2016-07-29 00:00:00,5.38403822278937
2016-07-30 00:00:00,5.19471168750698
2016-07-31 00:00:00,6.59838204580573
2016-08-01 00:00:00,5.53496977499455
2016-08-02 00:00:00,4.75037424818455
2016-08-03 00:00:00,4.88630842725568
2016-08-04 00:00:00,4.83728032738708
2016-08-05 00:00:00,5.44485569818566
2016-08-06 00:00:00,6.2458201682282
2016-08-07 00:00:00,5.91943255012196
2016-08-08 00:00:00,4.88478883126565
2016-08-09 00:00:00,4.12094621199303
2016-08-10 00:00:00,4.72708166321646
2016-08-11 00:00:00,4.54992609802703
2016-08-12 00:00:00,4.85901824443907
2016-08-13 00:00:00,5.67254751415503
2016-08-14 00:00:00,6.03886899421687
2016-08-15 00:00:00,5.30192250532391
2016-08-16 00:00:00,3.99430857835657
2016-08-17 00:00:00,3.86973628281872
2016-08-18 00:00:00,4.84351849030825
2016-08-19 00:00:00,4.71554430659382
2016-08-20 00:00:00,5.54097566906778
2016-08-21 00:00:00,6.59041139439931
2016-08-22 00:00:00,5.19785385517792
2016-08-23 00:00:00,4.55167379316782
2016-08-24 00:00:00,4.90177090584539
2016-08-25 00:00:00,4.2063143238462
2016-08-26 00:00:00,4.46186368686164
2016-08-27 00:00:00,5.56648882041277
2016-08-28 00:00:00,6.36233464147681
2016-08-29 00:00:00,5.0470152980462
2016-08-30 00:00:00,5.00060094328242
2016-08-31 00:00:00,4.42028849609448
2016-09-01 00:00:00,4.35986766901164
2016-09-02 00:00:00,5.10927466643099
2016-09-03 00:00:00,5.18829862136778
2016-09-04 00:00:00,7.5328265275793
2016-09-05 00:00:00,4.79684277789694
2016-09-06 00:00:00,4.60841907045581
2016-09-07 00:00:00,4.86067700336518
2016-09-08 00:00:00,5.14072486774004
2016-09-09 00:00:00,5.20418980746178
2016-09-10 00:00:00,6.4492580710634
2016-09-11 00:00:00,7.27613097133759
2016-09-12 00:00:00,6.2487000232182
2016-09-13 00:00:00,5.37932824714086
2016-09-14 00:00:00,5.26598383695747
2016-09-15 00:00:00,5.17786975288982
2016-09-16 00:00:00,5.17704805199407
2016-09-17 00:00:00,5.87511577145573
2016-09-18 00:00:00,5.90225242200261
2016-09-19 00:00:00,4.69890026680753
2016-09-20 00:00:00,4.85705658099237
2016-09-21 00:00:00,5.31267773743832
2016-09-22 00:00:00,4.83274605324744
2016-09-23 00:00:00,4.66540482135687
2016-09-24 00:00:00,6.26469046699237
2016-09-25 00:00:00,7.29340313944838
2016-09-26 00:00:00,5.14813067935532
2016-09-27 00:00:00,5.40951350154585
2016-09-28 00:00:00,4.95131824594944
2016-09-29 00:00:00,4.61831797388982
2016-09-30 00:00:00,4.44380651536175
2016-10-01 00:00:00,5.84159703355093
2016-10-02 00:00:00,5.77402573819877
2016-10-03 00:00:00,4.6216018266872
2016-10-04 00:00:00,4.70323375612627
2016-10-05 00:00:00,4.93588333507212
2016-10-06 00:00:00,4.78342979873153
2016-10-07 00:00:00,4.28061274298973
2016-10-08 00:00:00,5.35228995063199
2016-10-09 00:00:00,6.003666301609
2016-10-10 00:00:00,4.46133977194096
2016-10-11 00:00:00,4.34537204046186
2016-10-12 00:00:00,5.05159886051468
2016-10-13 00:00:00,4.63029319806687
2016-10-14 00:00:00,4.71342917034791
2016-10-15 00:00:00,5.57422490374028
2016-10-16 00:00:00,5.37730852434711
2016-10-17 00:00:00,4.3850233732316
2016-10-18 00:00:00,5.08942078120962
2016-10-19 00:00:00,5.15152448437572
2016-10-20 00:00:00,4.08878012129508
2016-10-21 00:00:00,5.03938208287282
2016-10-22 00:00:00,5.6950691065362
2016-10-23 00:00:00,6.36181587290425
2016-10-24 00:00:00,5.34286483965412
2016-10-25 00:00:00,5.05696120007998
2016-10-26 00:00:00,5.48785535741827
2016-10-27 00:00:00,4.44089763226519
2016-10-28 00:00:00,5.44480745598786
2016-10-29 00:00:00,5.93212435161856
2016-10-30 00:00:00,7.32567288986038
2016-10-31 00:00:00,5.50572029485647
2016-11-01 00:00:00,5.52188436781879
2016-11-02 00:00:00,4.71189921751938
2016-11-03 00:00:00,5.38872526620786
2016-11-04 00:00:00,4.30984059437448
2016-11-05 00:00:00,5.61904876087763
2016-11-06 00:00:00,6.19395326888833
2016-11-07 00:00:00,4.89485610455567
2016-11-08 00:00:00,5.24274797412034
2016-11-09 00:00:00,5.20584661816689
2016-11-10 00:00:00,5.75422699038107
2016-11-11 00:00:00,5.90050927505733
2016-11-12 00:00:00,6.76911870690227
2016-11-13 00:00:00,5.82450005770922
2016-11-14 00:00:00,5.78728076034721
2016-11-15 00:00:00,5.15971406802468
2016-11-16 00:00:00,5.55725529525964
2016-11-17 00:00:00,5.62196728875979
2016-11-18 00:00:00,5.24689940843214
2016-11-19 00:00:00,5.53789367863351
2016-11-20 00:00:00,5.08401105478176
2016-11-21 00:00:00,4.70100094913096
2016-11-22 00:00:00,4.61026345273263
2016-11-23 00:00:00,5.21926741998258
2016-11-24 00:00:00,4.83550483556208
2016-11-25 00:00:00,4.80680320499818
2016-11-26 00:00:00,5.30969221776379
2016-11-27 00:00:00,5.78489942200971
2016-11-28 00:00:00,5.25857104951665
2016-11-29 00:00:00,4.95336717912084
2016-11-30 00:00:00,4.78209995493797
2016-12-01 00:00:00,5.9978832236731
2016-12-02 00:00:00,4.64782844554404
2016-12-03 00:00:00,5.99539103759692
2016-12-04 00:00:00,6.0399552666721
2016-12-05 00:00:00,5.50243733524568
2016-12-06 00:00:00,4.70910248685672
2016-12-07 00:00:00,5.6267632970283
2016-12-08 00:00:00,5.50486043635139
2016-12-09 00:00:00,5.11250084740038
2016-12-10 00:00:00,5.36726948921545
2016-12-11 00:00:00,8.28678032291226
2016-12-12 00:00:00,5.89086973037948
2016-12-13 00:00:00,6.2288127204816
2016-12-14 00:00:00,4.96982668114231
2016-12-15 00:00:00,4.64117230319725
2016-12-16 00:00:00,4.90725020628675
2016-12-17 00:00:00,6.22676767540542
2016-12-18 00:00:00,6.48044681618959
2016-12-19 00:00:00,5.59328054084621
2016-12-20 00:00:00,4.87764687960614
2016-12-21 00:00:00,5.30912628788641
2016-12-22 00:00:00,5.66341505797263
2016-12-23 00:00:00,5.9014797359838
2016-12-24 00:00:00,6.73251500929887
2016-12-25 00:00:00,9.61971468700678
2016-12-26 00:00:00,6.87283459583006
2016-12-27 00:00:00,6.45747920719224
2016-12-28 00:00:00,6.79059584614315
2016-12-29 00:00:00,6.34336781590833
2016-12-30 00:00:00,6.88800633833908
2016-12-31 00:00:00,7.42088567534611
2017-01-01 00:00:00,10.9144792021981
2017-01-02 00:00:00,7.3506055021278
2017-01-03 00:00:00,7.41546586129318
2017-01-04 00:00:00,7.00053134256953
2017-01-05 00:00:00,6.91339789373447
2017-01-06 00:00:00,5.76884857502753
2017-01-07 00:00:00,5.64244945073942
2017-01-08 00:00:00,7.65456682737101
2017-01-09 00:00:00,6.00323317763685
2017-01-10 00:00:00,5.93800201998557
2017-01-11 00:00:00,5.6125922889298
2017-01-12 00:00:00,5.96202090950719
2017-01-13 00:00:00,5.79404997726875
2017-01-14 00:00:00,7.75460102934692
2017-01-15 00:00:00,7.45382370860672
2017-01-16 00:00:00,6.88394103526127
2017-01-17 00:00:00,6.31790334700444
2017-01-18 00:00:00,5.86755283881679
2017-01-19 00:00:00,6.78585062609898
2017-01-20 00:00:00,7.51814292256151
2017-01-21 00:00:00,8.25555596053456
2017-01-22 00:00:00,8.75977733245173
2017-01-23 00:00:00,7.14951426873412
2017-01-24 00:00:00,6.50967287143476
2017-01-25 00:00:00,5.85343030683339
2017-01-26 00:00:00,5.94370546699148
2017-01-27 00:00:00,7.78499643310705
2017-01-28 00:00:00,7.59248618931995
2017-01-29 00:00:00,8.34424908618347
2017-01-30 00:00:00,7.19429559066189
2017-01-31 00:00:00,6.01768913189268
2017-02-01 00:00:00,7.0791515997671
2017-02-02 00:00:00,8.14953542491348
2017-02-03 00:00:00,6.33718485470554
2017-02-04 00:00:00,6.93647655890516
2017-02-05 00:00:00,7.52243896084413
2017-02-06 00:00:00,7.64130105273798
2017-02-07 00:00:00,6.63131805355775
2017-02-08 00:00:00,6.76261698818451
2017-02-09 00:00:00,6.79440876876739
2017-02-10 00:00:00,6.38121453966524
2017-02-11 00:00:00,7.05558388151642
2017-02-12 00:00:00,7.77919643813921
2017-02-13 00:00:00,7.49987674230427
2017-02-14 00:00:00,7.23013364581935
2017-02-15 00:00:00,6.36819444870969
2017-02-16 00:00:00,7.42573419774795
2017-02-17 00:00:00,6.71153009642214
2017-02-18 00:00:00,7.4695151657384
2017-02-19 00:00:00,7.5772257492853
2017-02-20 00:00:00,7.48843674495371
2017-02-21 00:00:00,7.42651274899143
2017-02-22 00:00:00,7.56283195262449
2017-02-23 00:00:00,7.28182816168332
2017-02-24 00:00:00,7.78024707569713
2017-02-25 00:00:00,8.42213526931624
2017-02-26 00:00:00,10.5523847976288
2017-02-27 00:00:00,8.31323353734896
2017-02-28 00:00:00,7.8327582616783
2017-03-01 00:00:00,7.75104073100081
2017-03-02 00:00:00,8.35151957263402
2017-03-03 00:00:00,8.1278732493868
2017-03-04 00:00:00,9.08758628554645
2017-03-05 00:00:00,9.25831727839153
2017-03-06 00:00:00,9.13034189970902
2017-03-07 00:00:00,8.53351333006872
2017-03-08 00:00:00,8.15234663280434
2017-03-09 00:00:00,8.0737670270553
2017-03-10 00:00:00,8.62248347560514
2017-03-11 00:00:00,8.66600793835928
2017-03-12 00:00:00,11.622891840696
2017-03-13 00:00:00,9.19466202630428
2017-03-14 00:00:00,8.73878691017233
2017-03-15 00:00:00,8.60191896415393
2017-03-16 00:00:00,8.18314863202713
2017-03-17 00:00:00,8.45295245906405
2017-03-18 00:00:00,8.68539676440973
2017-03-19 00:00:00,8.5926961523148
2017-03-20 00:00:00,7.27037483173421
2017-03-21 00:00:00,7.66018275165117
2017-03-22 00:00:00,7.58071627356613
2017-03-23 00:00:00,7.50577455051966
2017-03-24 00:00:00,8.30842585909628
2017-03-25 00:00:00,7.05513226320654
2017-03-26 00:00:00,9.80222608212724
2017-03-27 00:00:00,7.93782924682758
2017-03-28 00:00:00,7.70209619944556
2017-03-29 00:00:00,7.15540999641889
2017-03-30 00:00:00,8.19619696206767
2017-03-31 00:00:00,7.85131850805494
2017-04-01 00:00:00,7.84548030766978
2017-04-02 00:00:00,9.66216765766556
2017-04-03 00:00:00,9.84975458859094
2017-04-04 00:00:00,7.89152098172557
2017-04-05 00:00:00,8.17680983458892
2017-04-06 00:00:00,8.31445563228666
2017-04-07 00:00:00,9.22496516883797
2017-04-08 00:00:00,9.92163882683571
2017-04-09 00:00:00,10.9872995004448
2017-04-10 00:00:00,8.96837797015575
2017-04-11 00:00:00,9.21768395598103
2017-04-12 00:00:00,8.78243641348137
2017-04-13 00:00:00,9.41082438847423
2017-04-14 00:00:00,8.0623079402061
2017-04-15 00:00:00,9.13455639137503
2017-04-16 00:00:00,11.2854461437917
2017-04-17 00:00:00,9.38516282180037
2017-04-18 00:00:00,8.24049615392589
2017-04-19 00:00:00,7.77990389310213
2017-04-20 00:00:00,9.00813475882068
2017-04-21 00:00:00,8.79212888745661
2017-04-22 00:00:00,9.24016170649704
2017-04-23 00:00:00,11.607017707655
2017-04-24 00:00:00,9.73148282136155
2017-04-25 00:00:00,8.25668428693148
2017-04-26 00:00:00,8.40530428663121
2017-04-27 00:00:00,9.3526070743789
2017-04-28 00:00:00,8.51590765988459
2017-04-29 00:00:00,9.53166986227116
2017-04-30 00:00:00,9.94513705902652
2017-05-01 00:00:00,9.97152334069835
2017-05-02 00:00:00,9.7638044893811
2017-05-03 00:00:00,9.49152071092852
2017-05-04 00:00:00,10.63738900782
2017-05-05 00:00:00,11.0883304537769
2017-05-06 00:00:00,10.293458203122
2017-05-07 00:00:00,11.8071247153021
2017-05-08 00:00:00,11.5369009336445
2017-05-09 00:00:00,11.5714988345092
2017-05-10 00:00:00,12.2777204363679
2017-05-11 00:00:00,12.2260378997121
2017-05-12 00:00:00,12.6224379501757
2017-05-13 00:00:00,11.8070440595594
2017-05-14 00:00:00,11.5893037190299
2017-05-15 00:00:00,12.9644144672283
2017-05-16 00:00:00,14.8672358711772
2017-05-17 00:00:00,13.7181464752303
2017-05-18 00:00:00,13.8618654315994
2017-05-19 00:00:00,15.0717561785921
2017-05-20 00:00:00,13.8499725472718
2017-05-21 00:00:00,13.7010808582458
2017-05-22 00:00:00,14.9011273042001
2017-05-23 00:00:00,15.3892023516421
2017-05-24 00:00:00,16.9835348658372
2017-05-25 00:00:00,18.8490306323137
2017-05-26 00:00:00,17.3138788297261
2017-05-27 00:00:00,16.7218782210433
2017-05-28 00:00:00,17.888821837629
2017-05-29 00:00:00,16.6768593482583
2017-05-30 00:00:00,18.5665918804198
2017-05-31 00:00:00,18.3323268022102
2017-06-01 00:00:00,20.1850442031322
2017-06-02 00:00:00,20.5581280436309
2017-06-03 00:00:00,24.2679474916166
2017-06-04 00:00:00,23.3837421707828
2017-06-05 00:00:00,22.8568792407899
2017-06-06 00:00:00,23.0181801138157
2017-06-07 00:00:00,22.7231069645585
2017-06-08 00:00:00,22.869985718529
2017-06-09 00:00:00,23.4074255986288
2017-06-10 00:00:00,24.2858830563351
2017-06-11 00:00:00,28.9830746926941
2017-06-12 00:00:00,23.8921194273733
2017-06-13 00:00:00,20.8424223154597
2017-06-14 00:00:00,20.3720263476562
2017-06-15 00:00:00,18.8272383052506
2017-06-16 00:00:00,20.0518910675912
2017-06-17 00:00:00,22.9019068929586
2017-06-18 00:00:00,25.5680589071039
2017-06-19 00:00:00,21.6454512123374
2017-06-20 00:00:00,21.172156661264
2017-06-21 00:00:00,21.4586634127402
2017-06-22 00:00:00,21.9423359095048
2017-06-23 00:00:00,24.4348251870966
2017-06-24 00:00:00,24.7829334513078
2017-06-25 00:00:00,25.2814466127911
2017-06-26 00:00:00,20.3480594537303
2017-06-27 00:00:00,18.4631937034706
2017-06-28 00:00:00,21.1327600739666
2017-06-29 00:00:00,20.6963314192664
2017-06-30 00:00:00,21.5599354671549
2017-07-01 00:00:00,25.5956094099541
2017-07-02 00:00:00,31.7215484457686
2017-07-03 00:00:00,24.0981473352805
2017-07-04 00:00:00,22.4000322904512
2017-07-05 00:00:00,22.7748402107806
2017-07-06 00:00:00,23.4843653542807
2017-07-07 00:00:00,21.8591803545723
2017-07-08 00:00:00,25.784410150473
2017-07-09 00:00:00,25.5464752399398
2017-07-10 00:00:00,26.2101387153078
2017-07-11 00:00:00,20.908507569854
2017-07-12 00:00:00,22.3681107009061
2017-07-13 00:00:00,20.9174868911897
2017-07-14 00:00:00,19.7386057439052
2017-07-15 00:00:00,18.4009264466702
2017-07-16 00:00:00,21.081470308243
2017-07-17 00:00:00,18.2596045974985
2017-07-18 00:00:00,19.92916167243
2017-07-19 00:00:00,18.7766236626001
2017-07-20 00:00:00,24.0905231593985
2017-07-21 00:00:00,22.1486115842861
2017-07-22 00:00:00,26.9621502340532
2017-07-23 00:00:00,34.7901788685211
2017-07-24 00:00:00,27.7038870450733
2017-07-25 00:00:00,22.1030092628635
2017-07-26 00:00:00,21.0309373372021
2017-07-27 00:00:00,23.996652869721
2017-07-28 00:00:00,23.0854347909397
2017-07-29 00:00:00,27.2541636137281
2017-07-30 00:00:00,28.7009971801478
2017-07-31 00:00:00,23.9337421550582
2017-08-01 00:00:00,40.4946517066764
2017-08-02 00:00:00,26.5014002528108
2017-08-03 00:00:00,23.8355973887459
2017-08-04 00:00:00,28.1611176812398
2017-08-05 00:00:00,30.725981768209
2017-08-06 00:00:00,29.7445112340374
2017-08-07 00:00:00,26.9836497789359
2017-08-08 00:00:00,27.4398734734801
2017-08-09 00:00:00,24.520613620437
2017-08-10 00:00:00,24.4984473681818
2017-08-11 00:00:00,25.5213482490476
2017-08-12 00:00:00,27.5504038170066
2017-08-13 00:00:00,31.8811735719214
2017-08-14 00:00:00,30.6214466860145
2017-08-15 00:00:00,30.4737466479167
2017-08-16 00:00:00,30.1050832922743
2017-08-17 00:00:00,32.5335254290573
2017-08-18 00:00:00,29.8672271452455
2017-08-19 00:00:00,32.8614222161876
2017-08-20 00:00:00,35.5604845178853
2017-08-21 00:00:00,29.544749253733
2017-08-22 00:00:00,29.039207999812
2017-08-23 00:00:00,33.3071285854032
2017-08-24 00:00:00,33.8473919999072
2017-08-25 00:00:00,35.3810502053348
2017-08-26 00:00:00,33.0723551852794
2017-08-27 00:00:00,38.1015481755645
2017-08-28 00:00:00,38.3232171622293
2017-08-29 00:00:00,37.0480722324464
2017-08-30 00:00:00,41.9615071356066
2017-08-31 00:00:00,40.8868662325306
2017-09-01 00:00:00,43.9965008168865
2017-09-02 00:00:00,46.5711790636571
2017-09-03 00:00:00,50.9046824253969
2017-09-04 00:00:00,41.5992564167859
2017-09-05 00:00:00,43.1031409175679
2017-09-06 00:00:00,37.806397553988
2017-09-07 00:00:00,44.1792834362869
2017-09-08 00:00:00,39.2832439090191
2017-09-09 00:00:00,44.5983490754711
2017-09-10 00:00:00,40.8263513684359
2017-09-11 00:00:00,38.8826199187666
2017-09-12 00:00:00,41.4292284419852
2017-09-13 00:00:00,37.9318586166607
2017-09-14 00:00:00,31.7656185499971
2017-09-15 00:00:00,28.0037740289374
2017-09-16 00:00:00,36.2720580052517
2017-09-17 00:00:00,42.5946918059666
2017-09-18 00:00:00,31.6946411201146
2017-09-19 00:00:00,30.0895449800118
2017-09-20 00:00:00,26.9673785470232
2017-09-21 00:00:00,34.6789542643919
2017-09-22 00:00:00,29.5484058923417
2017-09-23 00:00:00,39.5863288615073
2017-09-24 00:00:00,37.7744899292997
2017-09-25 00:00:00,28.9235710459966
2017-09-26 00:00:00,27.9347470724604
2017-09-27 00:00:00,30.9227105278174
2017-09-28 00:00:00,35.8369690493698
2017-09-29 00:00:00,36.3279700896266
2017-09-30 00:00:00,36.5998734158416
2017-10-01 00:00:00,36.8703697335118
2017-10-02 00:00:00,30.6507508151719
2017-10-03 00:00:00,37.5830483055086
2017-10-04 00:00:00,33.3593404391801
2017-10-05 00:00:00,26.836440745147
2017-10-06 00:00:00,32.7690809965109
2017-10-07 00:00:00,39.2881813443859
2017-10-08 00:00:00,44.6841628296231
2017-10-09 00:00:00,33.7110165107765
2017-10-10 00:00:00,34.9047971806888
2017-10-11 00:00:00,30.9231345804841
2017-10-12 00:00:00,36.3031395183971
2017-10-13 00:00:00,36.1684265658978
2017-10-14 00:00:00,38.6233436868455
2017-10-15 00:00:00,52.1700404656022
2017-10-16 00:00:00,42.7725860008723
2017-10-17 00:00:00,37.8303579585904
2017-10-18 00:00:00,34.1211705005766
2017-10-19 00:00:00,38.4980033057304
2017-10-20 00:00:00,44.4521780604042
2017-10-21 00:00:00,40.4816653407709
2017-10-22 00:00:00,49.7565390753621
2017-10-23 00:00:00,43.2410619578057
2017-10-24 00:00:00,37.7387353659375
2017-10-25 00:00:00,43.1660355265847
2017-10-26 00:00:00,51.9434237363536
2017-10-27 00:00:00,34.5755757631571
2017-10-28 00:00:00,34.4195358691315
2017-10-29 00:00:00,39.0624012692695
2017-10-30 00:00:00,40.7287162180625
2017-10-31 00:00:00,43.9434557254343
2017-11-01 00:00:00,41.5150165408374
2017-11-02 00:00:00,43.96442723681
2017-11-03 00:00:00,45.9144848353107
2017-11-04 00:00:00,47.3932301911632
2017-11-05 00:00:00,58.5542986324377
2017-11-06 00:00:00,50.9265555068338
2017-11-07 00:00:00,47.4220752348761
2017-11-08 00:00:00,50.6589038229674
2017-11-09 00:00:00,48.2026837644186
2017-11-10 00:00:00,46.783092601285
2017-11-11 00:00:00,44.5760446288334
2017-11-12 00:00:00,51.6532071760938
2017-11-13 00:00:00,51.6366515180724
2017-11-14 00:00:00,53.4432313199225
2017-11-15 00:00:00,54.8481910752345
2017-11-16 00:00:00,57.9207056414472
2017-11-17 00:00:00,63.426049013805
2017-11-18 00:00:00,56.687029931931
2017-11-19 00:00:00,66.4197533127984
2017-11-20 00:00:00,61.035790655769
2017-11-21 00:00:00,54.9385824603277
2017-11-22 00:00:00,55.4150040909331
2017-11-23 00:00:00,51.8099083153389
2017-11-24 00:00:00,56.5078545602444
2017-11-25 00:00:00,53.8759512074881
2017-11-26 00:00:00,57.9216152378945
2017-11-27 00:00:00,59.9366794321589
2017-11-28 00:00:00,59.2488190212512
2017-11-29 00:00:00,64.4105425704192
2017-11-30 00:00:00,61.1897467190676
2017-12-01 00:00:00,62.6203613651528
2017-12-02 00:00:00,73.870866025851
2017-12-03 00:00:00,76.478026162257
2017-12-04 00:00:00,70.2545806339102
2017-12-05 00:00:00,70.9929112229956
2017-12-06 00:00:00,73.7975858353143
2017-12-07 00:00:00,91.3708950130837
2017-12-08 00:00:00,107.275875401684
2017-12-09 00:00:00,104.044428990352
2017-12-10 00:00:00,107.822603671789
2017-12-11 00:00:00,118.826787788516
2017-12-12 00:00:00,113.539312978685
2017-12-13 00:00:00,116.015401821198
2017-12-14 00:00:00,100.585653366536
2017-12-15 00:00:00,118.165318044039
2017-12-16 00:00:00,135.022927210958
2017-12-17 00:00:00,141.60998426868
2017-12-18 00:00:00,136.427815813471
2017-12-19 00:00:00,116.815050828065
2017-12-20 00:00:00,119.379078273877
2017-12-21 00:00:00,135.173009168062
2017-12-22 00:00:00,125.710491451273
2017-12-23 00:00:00,135.118563232675
2017-12-24 00:00:00,137.37138170836
2017-12-25 00:00:00,144.978323844008
2017-12-26 00:00:00,156.200545320086
2017-12-27 00:00:00,140.195627176783
2017-12-28 00:00:00,123.934738498812
2017-12-29 00:00:00,117.348448816351
2017-12-30 00:00:00,100.222281628375
2017-12-31 00:00:00,118.878309458972
2018-01-01 00:00:00,135.535323061897
2018-01-02 00:00:00,113.842161169808
2018-01-03 00:00:00,102.462144097995
2018-01-04 00:00:00,100.52698270696
2018-01-05 00:00:00,114.399122327603
2018-01-06 00:00:00,129.759451733182
2018-01-07 00:00:00,121.983509286774
2018-01-08 00:00:00,122.711498547997
2018-01-09 00:00:00,115.403963106422
2018-01-10 00:00:00,114.098367726941
2018-01-11 00:00:00,126.202160769689
2018-01-12 00:00:00,129.199483748071
2018-01-13 00:00:00,128.16302658443
2018-01-14 00:00:00,141.614290151583
2018-01-15 00:00:00,120.745722838202
2018-01-16 00:00:00,103.199991495645
2018-01-17 00:00:00,92.7762435876046
2018-01-18 00:00:00,104.663622777906
2018-01-19 00:00:00,120.900343455819
2018-01-20 00:00:00,137.559284713305
2018-01-21 00:00:00,147.857056460239
2018-01-22 00:00:00,108.784031457121
2018-01-23 00:00:00,98.0192037211745
2018-01-24 00:00:00,108.789214416885
2018-01-25 00:00:00,104.837545215046
2018-01-26 00:00:00,108.011622378577
2018-01-27 00:00:00,123.665162837462
2018-01-28 00:00:00,115.2140260583
2018-01-29 00:00:00,96.4512716964392
2018-01-30 00:00:00,101.644433550342
2018-01-31 00:00:00,80.4315728963141
2018-02-01 00:00:00,82.2423339562145
2018-02-02 00:00:00,86.2577927661084
2018-02-03 00:00:00,97.4372468245736
2018-02-04 00:00:00,116.928755506511
2018-02-05 00:00:00,88.3332116307733
2018-02-06 00:00:00,63.8501937919114
2018-02-07 00:00:00,70.2650489547429
2018-02-08 00:00:00,81.3318227291612
2018-02-09 00:00:00,82.3949795099214
2018-02-10 00:00:00,91.6689246122588
2018-02-11 00:00:00,109.545543564982
2018-02-12 00:00:00,99.5105504086869
2018-02-13 00:00:00,99.8738964381421
2018-02-14 00:00:00,105.656205897026
2018-02-15 00:00:00,84.5223709285119
2018-02-16 00:00:00,107.867711852188
2018-02-17 00:00:00,117.098578404867
2018-02-18 00:00:00,140.23445084893
2018-02-19 00:00:00,123.108299410527
2018-02-20 00:00:00,105.354393010975
2018-02-21 00:00:00,113.569812525106
2018-02-22 00:00:00,106.960601169637
2018-02-23 00:00:00,104.437936004849
2018-02-24 00:00:00,122.626955224934
2018-02-25 00:00:00,144.02822492504
2018-02-26 00:00:00,96.0836645532095
2018-02-27 00:00:00,98.481440038354
2018-02-28 00:00:00,113.679963556419
2018-03-01 00:00:00,95.634058988861
2018-03-02 00:00:00,113.370090019507
2018-03-03 00:00:00,146.826423212899
2018-03-04 00:00:00,132.269440067678
2018-03-05 00:00:00,109.090078977596
2018-03-06 00:00:00,106.585833922776
2018-03-07 00:00:00,98.7948563047679
2018-03-08 00:00:00,101.853043504672
2018-03-09 00:00:00,84.6350275900364
2018-03-10 00:00:00,105.868916581678
2018-03-11 00:00:00,117.12216511768
2018-03-12 00:00:00,102.614580687324
2018-03-13 00:00:00,95.8283181828082
2018-03-14 00:00:00,86.7575261012632
2018-03-15 00:00:00,72.2250276818011
2018-03-16 00:00:00,87.8896792101859
2018-03-17 00:00:00,98.7336667411227
2018-03-18 00:00:00,89.9796524168846
2018-03-19 00:00:00,85.8501176263817
2018-03-20 00:00:00,72.5190173062756
2018-03-21 00:00:00,89.8079142763034
2018-03-22 00:00:00,86.2387257755955
2018-03-23 00:00:00,80.1708222440691
2018-03-24 00:00:00,113.617666129052
2018-03-25 00:00:00,109.083626240333
2018-03-26 00:00:00,83.1296959150314
2018-03-27 00:00:00,82.0246526601837
2018-03-28 00:00:00,76.4406394057922
2018-03-29 00:00:00,76.0585432105238
2018-03-30 00:00:00,76.0450898655401
2018-03-31 00:00:00,76.8684926299046
2018-04-01 00:00:00,103.051381698566
2018-04-02 00:00:00,82.6617884899488
2018-04-03 00:00:00,76.7367281331601
2018-04-04 00:00:00,71.0331906762988
2018-04-05 00:00:00,73.3404981499533
2018-04-06 00:00:00,66.9350284972282
2018-04-07 00:00:00,101.674411903503
2018-04-08 00:00:00,103.155954607352
2018-04-09 00:00:00,72.8949385162461
2018-04-10 00:00:00,76.1264380051575
2018-04-11 00:00:00,76.4442828519737
2018-04-12 00:00:00,68.0455959703982
2018-04-13 00:00:00,77.0578909251931
2018-04-14 00:00:00,85.8045506323681
2018-04-15 00:00:00,98.0884003879587
2018-04-16 00:00:00,73.7663938052012
2018-04-17 00:00:00,82.0341748907472
2018-04-18 00:00:00,81.2098449206197
2018-04-19 00:00:00,86.5965060658352
2018-04-20 00:00:00,70.6064589486647
2018-04-21 00:00:00,92.4201547038762
2018-04-22 00:00:00,103.493093719615
2018-04-23 00:00:00,76.3258394459511
2018-04-24 00:00:00,74.9949309633367
2018-04-25 00:00:00,70.7422006414317
2018-04-26 00:00:00,74.8763419567392
2018-04-27 00:00:00,79.8772204743019
2018-04-28 00:00:00,75.7084230276674
2018-04-29 00:00:00,104.9699288241
2018-04-30 00:00:00,85.3302338094099
2018-05-01 00:00:00,90.0663501205169
2018-05-02 00:00:00,77.5519548262647
2018-05-03 00:00:00,79.0519022728877
2018-05-04 00:00:00,77.7307134523463
2018-05-05 00:00:00,101.804725949083
2018-05-06 00:00:00,98.0362374036338
2018-05-07 00:00:00,87.4161401067663
2018-05-08 00:00:00,75.3322431390393
2018-05-09 00:00:00,89.221231429526
2018-05-10 00:00:00,89.8619278978751
2018-05-11 00:00:00,66.1273659574819
2018-05-12 00:00:00,98.6636523906677
2018-05-13 00:00:00,100.73039700405
2018-05-14 00:00:00,68.7432654448134
2018-05-15 00:00:00,74.9756182649928
2018-05-16 00:00:00,91.3109077370194
2018-05-17 00:00:00,73.1015080921256
2018-05-18 00:00:00,74.2948619250515
2018-05-19 00:00:00,93.1707224301967
2018-05-20 00:00:00,96.0250536175452
2018-05-21 00:00:00,84.8937385525533
2018-05-22 00:00:00,77.6758711721114
2018-05-23 00:00:00,71.6110203125419
2018-05-24 00:00:00,66.7112972309023
2018-05-25 00:00:00,85.1657315809097
2018-05-26 00:00:00,97.6221313831201
2018-05-27 00:00:00,105.840394419184
2018-05-28 00:00:00,76.7709011485055
2018-05-29 00:00:00,62.6859410026864
2018-05-30 00:00:00,80.4888538204375
2018-05-31 00:00:00,77.5525996309524
2018-06-01 00:00:00,76.1254713964738
2018-06-02 00:00:00,83.3042145696909
2018-06-03 00:00:00,97.5858109271188
2018-06-04 00:00:00,83.270179451133
2018-06-05 00:00:00,77.5245857591268
2018-06-06 00:00:00,69.2749493356094
2018-06-07 00:00:00,67.0348781808732
2018-06-08 00:00:00,69.5860515374245
2018-06-09 00:00:00,81.2888908342678
2018-06-10 00:00:00,63.7789433010391
2018-06-11 00:00:00,56.2262330785761
2018-06-12 00:00:00,57.087420606717
2018-06-13 00:00:00,55.4039463382079
2018-06-14 00:00:00,59.8185093686304
2018-06-15 00:00:00,62.4483414151768
2018-06-16 00:00:00,84.8882219851024
2018-06-17 00:00:00,90.856356115716
2018-06-18 00:00:00,68.6149016519525
2018-06-19 00:00:00,70.7488809422489
2018-06-20 00:00:00,70.9613389202276
2018-06-21 00:00:00,74.7457732486598
2018-06-22 00:00:00,61.0354686631241
2018-06-23 00:00:00,77.2645560364319
2018-06-24 00:00:00,83.0564995490686
2018-06-25 00:00:00,62.0349525707884
2018-06-26 00:00:00,58.9693415935998
2018-06-27 00:00:00,49.9219816120736
2018-06-28 00:00:00,65.2866849728238
2018-06-29 00:00:00,57.5514573568108
2018-06-30 00:00:00,62.7379487074034
2018-07-01 00:00:00,75.9934713747747
2018-07-02 00:00:00,58.2523981653628
2018-07-03 00:00:00,44.8679497980496
2018-07-04 00:00:00,54.3173579085726
2018-07-05 00:00:00,57.1480074977725
2018-07-06 00:00:00,65.5817167447849
2018-07-07 00:00:00,75.0157881326367
2018-07-08 00:00:00,86.9610145552771
2018-07-09 00:00:00,55.8661199449798
2018-07-10 00:00:00,57.7883932280965
2018-07-11 00:00:00,53.6080436010521
2018-07-12 00:00:00,53.9215144989986
2018-07-13 00:00:00,54.618507183507
2018-07-14 00:00:00,59.2424498047415
2018-07-15 00:00:00,65.8657733717298
2018-07-16 00:00:00,47.6672706829671
2018-07-17 00:00:00,58.6894662861372
2018-07-18 00:00:00,70.5317940206958
2018-07-19 00:00:00,71.1192864354462
2018-07-20 00:00:00,64.1460539385014
2018-07-21 00:00:00,69.256479687694
2018-07-22 00:00:00,102.073089909459
2018-07-23 00:00:00,70.4964195567248
2018-07-24 00:00:00,62.5483011833714
2018-07-25 00:00:00,74.0261387323742
2018-07-26 00:00:00,74.4237292914137
2018-07-27 00:00:00,75.0318708462633
2018-07-28 00:00:00,80.1092998072034
2018-07-29 00:00:00,105.557631595942
2018-07-30 00:00:00,59.9533198563912
2018-07-31 00:00:00,60.6776857900809
2018-08-01 00:00:00,59.5947810387263
2018-08-02 00:00:00,65.8310456930283
2018-08-03 00:00:00,67.6633858843459
2018-08-04 00:00:00,83.9343483703396
2018-08-05 00:00:00,82.15194489449
2018-08-06 00:00:00,52.8879144826183
2018-08-07 00:00:00,57.0925851263462
2018-08-08 00:00:00,54.8693967351441
2018-08-09 00:00:00,54.1544265103333
2018-08-10 00:00:00,63.0410484022052
2018-08-11 00:00:00,69.1435422874878
2018-08-12 00:00:00,74.4656785240302
2018-08-13 00:00:00,53.6196449264516
2018-08-14 00:00:00,42.2560705778465
2018-08-15 00:00:00,52.5811599257107
2018-08-16 00:00:00,54.4881479473316
2018-08-17 00:00:00,53.2014781824441
2018-08-18 00:00:00,68.5153956221419
2018-08-19 00:00:00,70.6491041806635
2018-08-20 00:00:00,57.1738190546521
2018-08-21 00:00:00,55.0237575350838
2018-08-22 00:00:00,58.2829297747418
2018-08-23 00:00:00,55.6324981056916
2018-08-24 00:00:00,55.4328630027361
2018-08-25 00:00:00,58.3585808233344
2018-08-26 00:00:00,83.8920144306261
2018-08-27 00:00:00,71.5620834526375
2018-08-28 00:00:00,57.4334178632683
2018-08-29 00:00:00,52.3257891811764
2018-08-30 00:00:00,58.4472168370485
2018-08-31 00:00:00,57.8528136827828
2018-09-01 00:00:00,63.5048394917615
2018-09-02 00:00:00,70.2686034123349
2018-09-03 00:00:00,59.3181151126792
2018-09-04 00:00:00,50.3810011581179
2018-09-05 00:00:00,48.6274763571803
2018-09-06 00:00:00,48.5639141732628
2018-09-07 00:00:00,53.3491847562543
2018-09-08 00:00:00,58.938536540074
2018-09-09 00:00:00,67.7859808080392
2018-09-10 00:00:00,48.5722036198417
2018-09-11 00:00:00,47.3288520609697
2018-09-12 00:00:00,57.1795191180313
2018-09-13 00:00:00,51.381518640329
2018-09-14 00:00:00,48.7063946535222
2018-09-15 00:00:00,54.4850732912301
2018-09-16 00:00:00,63.9026075388601
2018-09-17 00:00:00,45.3268798004123
2018-09-18 00:00:00,45.8811787255599
2018-09-19 00:00:00,49.9003808239131
2018-09-20 00:00:00,49.0831486504038
2018-09-21 00:00:00,44.5548806432193
2018-09-22 00:00:00,59.2111821680443
2018-09-23 00:00:00,63.2232452208605
2018-09-24 00:00:00,51.5863911594879
2018-09-25 00:00:00,54.4008318678669
2018-09-26 00:00:00,47.1786962832655
2018-09-27 00:00:00,47.4962928396339
2018-09-28 00:00:00,51.2182718361964
2018-09-29 00:00:00,57.4969747870038
2018-09-30 00:00:00,64.9366140025378
2018-10-01 00:00:00,54.7150342283036
2018-10-02 00:00:00,46.4778809906949
2018-10-03 00:00:00,49.3189201681834
2018-10-04 00:00:00,50.9434931291919
2018-10-05 00:00:00,44.0555926527353
2018-10-06 00:00:00,48.4686951639554
2018-10-07 00:00:00,53.6362417211098
2018-10-08 00:00:00,45.2483616730825
2018-10-09 00:00:00,45.871491221072
2018-10-10 00:00:00,48.3763231535571
2018-10-11 00:00:00,47.7500149465423
2018-10-12 00:00:00,42.5242884457825
2018-10-13 00:00:00,53.8114044056421
2018-10-14 00:00:00,46.7632119024497
2018-10-15 00:00:00,48.9542276160793
2018-10-16 00:00:00,42.5873346011671
2018-10-17 00:00:00,43.1894545221286
2018-10-18 00:00:00,44.4005979917394
2018-10-19 00:00:00,45.358892083996
2018-10-20 00:00:00,50.4697405056278
2018-10-21 00:00:00,52.8481039363366
2018-10-22 00:00:00,49.036517951494
2018-10-23 00:00:00,49.0070861386863
2018-10-24 00:00:00,36.1510901234505
2018-10-25 00:00:00,43.5130095115127
2018-10-26 00:00:00,46.0894567898883
2018-10-27 00:00:00,46.6037582362136
2018-10-28 00:00:00,51.4549476520069
2018-10-29 00:00:00,43.379180277564
2018-10-30 00:00:00,43.293035680046
2018-10-31 00:00:00,44.7648245222328
2018-11-01 00:00:00,43.1678072816707
2018-11-02 00:00:00,39.3401641867125
2018-11-03 00:00:00,51.4528894700119
2018-11-04 00:00:00,43.4339449388639
2018-11-05 00:00:00,39.5519153888813
2018-11-06 00:00:00,36.3931929391894
2018-11-07 00:00:00,36.4037474569119
2018-11-08 00:00:00,35.6736529693501
2018-11-09 00:00:00,36.149868018826
2018-11-10 00:00:00,42.4375325001467
2018-11-11 00:00:00,47.2112092029708
2018-11-12 00:00:00,37.4228533747165
2018-11-13 00:00:00,34.2356084784682
2018-11-14 00:00:00,35.2212243119545
2018-11-15 00:00:00,30.6422621575571
2018-11-16 00:00:00,31.4641941971404
2018-11-17 00:00:00,38.1910201531057
2018-11-18 00:00:00,35.8616070661023
2018-11-19 00:00:00,31.5810553362641
2018-11-20 00:00:00,26.9765583402298
2018-11-21 00:00:00,23.7293797189687
2018-11-22 00:00:00,26.2900385721053
2018-11-23 00:00:00,24.9421609684823
2018-11-24 00:00:00,30.9630509828019
2018-11-25 00:00:00,25.5400612891332
2018-11-26 00:00:00,21.2927731620537
2018-11-27 00:00:00,23.1203866878737
2018-11-28 00:00:00,23.9091847331575
2018-11-29 00:00:00,23.2454158776886
2018-11-30 00:00:00,21.1812855421627
2018-12-01 00:00:00,27.0137395309701
2018-12-02 00:00:00,26.8028697996359
2018-12-03 00:00:00,23.8439429149171
2018-12-04 00:00:00,25.4572116339421
2018-12-05 00:00:00,24.5299584444164
2018-12-06 00:00:00,22.6824120363066
2018-12-07 00:00:00,19.263943266872
2018-12-08 00:00:00,23.5736816848656
2018-12-09 00:00:00,23.5346251214163
2018-12-10 00:00:00,21.2737181430504
2018-12-11 00:00:00,21.2257369117645
2018-12-12 00:00:00,19.739620231301
2018-12-13 00:00:00,20.8267426071803
2018-12-14 00:00:00,21.690724529119
2018-12-15 00:00:00,22.9488775708744
2018-12-16 00:00:00,20.6073854521095
2018-12-17 00:00:00,22.5581133511743
2018-12-18 00:00:00,21.3816002622403
2018-12-19 00:00:00,23.4450074780389
2018-12-20 00:00:00,23.3991580237033
2018-12-21 00:00:00,25.2187788994984
2018-12-22 00:00:00,34.0962139469559
2018-12-23 00:00:00,35.5085767316824
2018-12-24 00:00:00,29.4288402852231
2018-12-25 00:00:00,28.5597832347982
2018-12-26 00:00:00,26.5842901558564
2018-12-27 00:00:00,27.1490508980436
2018-12-28 00:00:00,25.5121304539365
2018-12-29 00:00:00,25.4576995164101
2018-12-30 00:00:00,31.8405092365989
2018-12-31 00:00:00,28.5533159937536
2019-01-01 00:00:00,29.8350571576202
2019-01-02 00:00:00,26.9056823976308
2019-01-03 00:00:00,25.6418805349571
2019-01-04 00:00:00,25.2521585501334
2019-01-05 00:00:00,30.0761974070409
2019-01-06 00:00:00,27.2837213076778
2019-01-07 00:00:00,25.1654860048051
2019-01-08 00:00:00,27.5436932461076
2019-01-09 00:00:00,26.3872072254281
2019-01-10 00:00:00,23.0764227799724
2019-01-11 00:00:00,22.0831169583021
2019-01-12 00:00:00,22.4772231791041
2019-01-13 00:00:00,22.5502377614146
2019-01-14 00:00:00,20.6219577052518
2019-01-15 00:00:00,20.1278897188163
2019-01-16 00:00:00,19.8680561871991
2019-01-17 00:00:00,19.537341888967
2019-01-18 00:00:00,20.6140412014379
2019-01-19 00:00:00,22.14279494451
2019-01-20 00:00:00,24.3103004582789
2019-01-21 00:00:00,21.1639368925715
2019-01-22 00:00:00,19.7417340260717
2019-01-23 00:00:00,22.4374361156271
2019-01-24 00:00:00,23.8312340926827
2019-01-25 00:00:00,20.8480330491225
2019-01-26 00:00:00,23.6080325603074
2019-01-27 00:00:00,22.7867437384303
2019-01-28 00:00:00,20.5101792215714
2019-01-29 00:00:00,19.2259894890358
2019-01-30 00:00:00,18.2760955526534
2019-01-31 00:00:00,19.0182862400189
2019-02-01 00:00:00,20.2096869283787
2019-02-02 00:00:00,19.5612192317031
2019-02-03 00:00:00,19.8878114057832
2019-02-04 00:00:00,19.0460366331701
2019-02-05 00:00:00,17.9997707460702
2019-02-06 00:00:00,19.982624440426
2019-02-07 00:00:00,20.8896914955793
2019-02-08 00:00:00,21.2505080573035
2019-02-09 00:00:00,22.0176278199394
2019-02-10 00:00:00,21.3504215563635
2019-02-11 00:00:00,20.9770955871381
2019-02-12 00:00:00,21.5402799872773
2019-02-13 00:00:00,19.7818916620985
2019-02-14 00:00:00,18.0831532401169
2019-02-15 00:00:00,19.4194818046459
2019-02-16 00:00:00,20.625432679088
2019-02-17 00:00:00,21.9415489100301
2019-02-18 00:00:00,21.654393510917
2019-02-19 00:00:00,22.2496021108304
2019-02-20 00:00:00,20.7918663061595
2019-02-21 00:00:00,20.0591936438727
2019-02-22 00:00:00,23.1122615138222
2019-02-23 00:00:00,21.9055254948282
2019-02-24 00:00:00,22.2045952420895
2019-02-25 00:00:00,20.5385414603748
2019-02-26 00:00:00,21.2106368166198
2019-02-27 00:00:00,19.7408545583538
2019-02-28 00:00:00,19.7540348131607
2019-03-01 00:00:00,22.094447065624
2019-03-02 00:00:00,19.00503973256
2019-03-03 00:00:00,19.8388687552258
2019-03-04 00:00:00,21.3595268858544
2019-03-05 00:00:00,24.900209829925
2019-03-06 00:00:00,22.7949666833126
2019-03-07 00:00:00,25.170827019364
2019-03-08 00:00:00,25.2172516559668
2019-03-09 00:00:00,29.335343463359
2019-03-10 00:00:00,31.4305885946778
2019-03-11 00:00:00,23.6731566919761
2019-03-12 00:00:00,24.7000683169799
2019-03-13 00:00:00,23.2114415585926
2019-03-14 00:00:00,25.3413260946652
2019-03-15 00:00:00,25.8197478337991
2019-03-16 00:00:00,31.6249813226159
2019-03-17 00:00:00,32.1080968762959
2019-03-18 00:00:00,28.1276016464015
2019-03-19 00:00:00,28.6581486154429
2019-03-20 00:00:00,27.2264625198396
2019-03-21 00:00:00,24.3242388359713
2019-03-22 00:00:00,27.1792454610183
2019-03-23 00:00:00,28.8525931281735
2019-03-24 00:00:00,33.1598210492987
2019-03-25 00:00:00,23.2713177355741
2019-03-26 00:00:00,18.2139988276273
2019-03-27 00:00:00,19.9420351300245
2019-03-28 00:00:00,19.1179085842191
2019-03-29 00:00:00,20.8127406839735
2019-03-30 00:00:00,19.3800402618881
2019-03-31 00:00:00,19.0752296292184
2019-04-01 00:00:00,19.6801517134978
2019-04-02 00:00:00,24.0868412233068
2019-04-03 00:00:00,26.7872173141449
2019-04-04 00:00:00,26.9536111814813
2019-04-05 00:00:00,27.053718681765
2019-04-06 00:00:00,25.4507192777032
2019-04-07 00:00:00,26.9962286212234
2019-04-08 00:00:00,27.8061463004149
2019-04-09 00:00:00,26.6266575250125
2019-04-10 00:00:00,26.0587104103592
2019-04-11 00:00:00,26.4973487431238
2019-04-12 00:00:00,26.6287777161013
2019-04-13 00:00:00,24.2805241494219
2019-04-14 00:00:00,23.8134010861065
2019-04-15 00:00:00,25.4394178276088
2019-04-16 00:00:00,26.8514981305717
2019-04-17 00:00:00,26.8286900926692
2019-04-18 00:00:00,26.5427252371212
2019-04-19 00:00:00,28.8897142190128
2019-04-20 00:00:00,28.3288870596826
2019-04-21 00:00:00,28.2105046358341
2019-04-22 00:00:00,27.0851421347835
2019-04-23 00:00:00,27.3871298829751
2019-04-24 00:00:00,29.46833019333
2019-04-25 00:00:00,26.6223730837181
2019-04-26 00:00:00,26.7137500643614
2019-04-27 00:00:00,25.381164294873
2019-04-28 00:00:00,28.103245180798
2019-04-29 00:00:00,30.4857896838611
2019-04-30 00:00:00,27.4944434435269
2019-05-01 00:00:00,26.4969092012474
2019-05-02 00:00:00,27.9708514510895
2019-05-03 00:00:00,29.0384334192596
2019-05-04 00:00:00,27.2976230261004
2019-05-05 00:00:00,28.9994092129323
2019-05-06 00:00:00,29.3305522052356
2019-05-07 00:00:00,29.9656862831318
2019-05-08 00:00:00,29.8455120704085
2019-05-09 00:00:00,33.0991212922985
2019-05-10 00:00:00,32.9153756539132
2019-05-11 00:00:00,34.4330982675101
2019-05-12 00:00:00,44.1098467139244
2019-05-13 00:00:00,41.8466056141763
2019-05-14 00:00:00,44.1289479881913
2019-05-15 00:00:00,44.9364454436926
2019-05-16 00:00:00,43.6602175431352
2019-05-17 00:00:00,42.5780670651137
2019-05-18 00:00:00,41.6583075333021
2019-05-19 00:00:00,49.3830406151526
2019-05-20 00:00:00,45.6289717191716
2019-05-21 00:00:00,44.1811915146516
2019-05-22 00:00:00,45.3394913915237
2019-05-23 00:00:00,42.3005448954593
2019-05-24 00:00:00,45.0224517543274
2019-05-25 00:00:00,44.666945828867
2019-05-26 00:00:00,46.8643409346336
2019-05-27 00:00:00,50.1813215354999
2019-05-28 00:00:00,50.2221496823349
2019-05-29 00:00:00,50.4708034582727
2019-05-30 00:00:00,50.2153455036011
2019-05-31 00:00:00,46.5837629574751
2019-06-01 00:00:00,52.6973440587309
2019-06-02 00:00:00,51.1652144494655
2019-06-03 00:00:00,48.9059108007802
2019-06-04 00:00:00,44.8260164966682
2019-06-05 00:00:00,44.9772261025852
2019-06-06 00:00:00,44.8360139982732
2019-06-07 00:00:00,47.0867654909602
2019-06-08 00:00:00,43.7623279680004
2019-06-09 00:00:00,49.0664144120194
2019-06-10 00:00:00,45.5573724249407
2019-06-11 00:00:00,44.0144173026103
2019-06-12 00:00:00,42.7479218067421
2019-06-13 00:00:00,44.765065154586
2019-06-14 00:00:00,51.3515561331295
2019-06-15 00:00:00,50.1857814053655
2019-06-16 00:00:00,52.4325655085327
2019-06-17 00:00:00,51.3471327041772
2019-06-18 00:00:00,50.0432326306077
2019-06-19 00:00:00,52.9126999593201
2019-06-20 00:00:00,54.2462032122193
2019-06-21 00:00:00,51.9282169339068
2019-06-22 00:00:00,57.1239955615097
2019-06-23 00:00:00,66.5162485015371
2019-06-24 00:00:00,65.483492893849
2019-06-25 00:00:00,60.9120469564058
2019-06-26 00:00:00,71.5731340688491
2019-06-27 00:00:00,64.6004942886489
2019-06-28 00:00:00,63.7133801705182
2019-06-29 00:00:00,76.3890180666589
2019-06-30 00:00:00,70.0570831384349
2019-07-01 00:00:00,60.8858357962894
2019-07-02 00:00:00,57.9382290758566
2019-07-03 00:00:00,64.3355567819161
2019-07-04 00:00:00,69.080367156161
2019-07-05 00:00:00,71.6928640593513
2019-07-06 00:00:00,74.6001189118738
2019-07-07 00:00:00,70.7848479653411
2019-07-08 00:00:00,71.5060014146179
2019-07-09 00:00:00,69.1673055847394
2019-07-10 00:00:00,68.1388206314988
2019-07-11 00:00:00,60.4701923318181
2019-07-12 00:00:00,67.6842726899866
2019-07-13 00:00:00,67.6741040903416
2019-07-14 00:00:00,66.547224674243
2019-07-15 00:00:00,56.2523417514088
2019-07-16 00:00:00,60.2185118834706
2019-07-17 00:00:00,50.7894975696866
2019-07-18 00:00:00,50.4623113425228
2019-07-19 00:00:00,54.0467694962078
2019-07-20 00:00:00,74.5069287647335
2019-07-21 00:00:00,70.8051791693474
2019-07-22 00:00:00,66.3459219432144
2019-07-23 00:00:00,57.8716147694272
2019-07-24 00:00:00,58.6820111798732
2019-07-25 00:00:00,57.4308811583028
2019-07-26 00:00:00,64.9097906247496
2019-07-27 00:00:00,66.3434198319484
2019-07-28 00:00:00,76.9097013160833
2019-07-29 00:00:00,62.0451605644715
2019-07-30 00:00:00,53.4797452400545
2019-07-31 00:00:00,59.9883464893205
2019-08-01 00:00:00,54.4208451983898
2019-08-02 00:00:00,64.7035349741656
2019-08-03 00:00:00,72.5873514029389
2019-08-04 00:00:00,76.6382405544222
2019-08-05 00:00:00,63.1067782083659
2019-08-06 00:00:00,65.8068474888384
2019-08-07 00:00:00,62.8462692219344
2019-08-08 00:00:00,65.3523665788906
2019-08-09 00:00:00,66.0566787284843
2019-08-10 00:00:00,73.275797059353
2019-08-11 00:00:00,80.9888479954152
2019-08-12 00:00:00,66.0676369993002
2019-08-13 00:00:00,61.420327482175
2019-08-14 00:00:00,56.9411942998479
2019-08-15 00:00:00,56.4658066588714
2019-08-16 00:00:00,59.7138183628022
2019-08-17 00:00:00,58.3465994829838
2019-08-18 00:00:00,59.6939677631792
2019-08-19 00:00:00,66.2656115572474
2019-08-20 00:00:00,63.4093231776879
2019-08-21 00:00:00,57.8585943874638
2019-08-22 00:00:00,56.5812280925451
2019-08-23 00:00:00,58.754193509411
2019-08-24 00:00:00,68.037592774417
2019-08-25 00:00:00,69.1659356910217
2019-08-26 00:00:00,56.7269683884573
2019-08-27 00:00:00,53.8132363935469
2019-08-28 00:00:00,56.5215223791599
2019-08-29 00:00:00,57.3372246189114
2019-08-30 00:00:00,55.423720672848
2019-08-31 00:00:00,58.9422761810399
2019-09-01 00:00:00,60.9054401216385
2019-09-02 00:00:00,57.7612977607317
2019-09-03 00:00:00,59.4311303489136
2019-09-04 00:00:00,56.5856908668939
2019-09-05 00:00:00,63.6577647816231
2019-09-06 00:00:00,58.7219349243661
2019-09-07 00:00:00,62.7413380689339
2019-09-08 00:00:00,81.9251101978105
2019-09-09 00:00:00,60.4710385004454
2019-09-10 00:00:00,69.6237820517503
2019-09-11 00:00:00,70.6489862166719
2019-09-12 00:00:00,60.9803251937681
2019-09-13 00:00:00,63.600000824058
2019-09-14 00:00:00,67.6138437140606
2019-09-15 00:00:00,70.3762745165825
2019-09-16 00:00:00,61.214821815812
2019-09-17 00:00:00,56.0324493279703
2019-09-18 00:00:00,62.0440781613469
2019-09-19 00:00:00,54.1653606781131
2019-09-20 00:00:00,57.3134687453945
2019-09-21 00:00:00,62.7355135570425
2019-09-22 00:00:00,66.3300828377716
2019-09-23 00:00:00,50.534540179164
2019-09-24 00:00:00,53.0872769255953
2019-09-25 00:00:00,48.7985164480177
2019-09-26 00:00:00,50.309449944586
2019-09-27 00:00:00,44.4266876287536
2019-09-28 00:00:00,52.1545880070646
2019-09-29 00:00:00,48.8152777770494
2019-09-30 00:00:00,43.1497755861691
2019-10-01 00:00:00,45.5094392434382
2019-10-02 00:00:00,48.0947311368581
2019-10-03 00:00:00,47.3077938685327
2019-10-04 00:00:00,45.0705446264621
2019-10-05 00:00:00,49.6996124011376
2019-10-06 00:00:00,53.2545312982838
2019-10-07 00:00:00,47.8824281167047
2019-10-08 00:00:00,50.02011085204
2019-10-09 00:00:00,47.0227841059467
2019-10-10 00:00:00,51.338440016588
2019-10-11 00:00:00,48.4883278411479
2019-10-12 00:00:00,46.4748599476245
2019-10-13 00:00:00,53.5597112186838
2019-10-14 00:00:00,47.3402249495259
2019-10-15 00:00:00,47.4181091790772
2019-10-16 00:00:00,43.2339749883066
2019-10-17 00:00:00,46.2402548337499
2019-10-18 00:00:00,48.0213891674874
2019-10-19 00:00:00,46.9692240058046
2019-10-20 00:00:00,51.4650747772336
2019-10-21 00:00:00,46.8686739347487
2019-10-22 00:00:00,51.2399501978676
2019-10-23 00:00:00,48.5485454719215
2019-10-24 00:00:00,41.449687615801
2019-10-25 00:00:00,42.3285572909028
2019-10-26 00:00:00,54.8506745247245
2019-10-27 00:00:00,54.1633461896998
2019-10-28 00:00:00,52.4996292841207
2019-10-29 00:00:00,51.6559195515456
2019-10-30 00:00:00,49.8983567957221
2019-10-31 00:00:00,52.6256601149877
2019-11-01 00:00:00,48.3729391425207
2019-11-02 00:00:00,56.2313878519737
2019-11-03 00:00:00,55.6179189679099
2019-11-04 00:00:00,51.1410223205603
2019-11-05 00:00:00,52.3194888281144
2019-11-06 00:00:00,50.109660733284
2019-11-07 00:00:00,49.2190917838089
2019-11-08 00:00:00,47.4003359781669
2019-11-09 00:00:00,52.623101472921
2019-11-10 00:00:00,62.5177134399388
2019-11-11 00:00:00,51.6711387049149
2019-11-12 00:00:00,49.7348295591248
2019-11-13 00:00:00,47.2420634605174
2019-11-14 00:00:00,52.8362276962086
2019-11-15 00:00:00,52.9858581574861
2019-11-16 00:00:00,55.9653266122265
2019-11-17 00:00:00,62.7245046677867
2019-11-18 00:00:00,49.1132451680952
2019-11-19 00:00:00,46.6587908046475
2019-11-20 00:00:00,45.4020079764546
2019-11-21 00:00:00,42.3386065467349
2019-11-22 00:00:00,39.7198346975416
2019-11-23 00:00:00,51.6732027041905
2019-11-24 00:00:00,44.2566521666448
2019-11-25 00:00:00,39.3016544806619
2019-11-26 00:00:00,34.7550669694361
2019-11-27 00:00:00,40.4568918848291
2019-11-28 00:00:00,50.7822655372359
2019-11-29 00:00:00,43.463953657116
2019-11-30 00:00:00,44.2660891745267
2019-12-01 00:00:00,47.0675089388549
2019-12-02 00:00:00,42.7224657846594
2019-12-03 00:00:00,43.4983659263729
2019-12-04 00:00:00,45.7717257667715
2019-12-05 00:00:00,43.1867460516921
2019-12-06 00:00:00,43.1343234863841
2019-12-07 00:00:00,53.4140536308424
2019-12-08 00:00:00,50.0963245900911
2019-12-09 00:00:00,44.5458869125117
2019-12-10 00:00:00,42.6369854322623
2019-12-11 00:00:00,41.414941331393
2019-12-12 00:00:00,38.7312182764325
2019-12-13 00:00:00,43.1491637824181
2019-12-14 00:00:00,46.1470631003128
2019-12-15 00:00:00,42.2335470675045
2019-12-16 00:00:00,43.099548684611
2019-12-17 00:00:00,37.9692469134202
2019-12-18 00:00:00,36.705163679023
2019-12-19 00:00:00,44.5246170458534
2019-12-20 00:00:00,42.4593032989739
2019-12-21 00:00:00,50.9285393912032
2019-12-22 00:00:00,54.5694416816695
2019-12-23 00:00:00,45.1174690089122
2019-12-24 00:00:00,39.6845842405523
2019-12-25 00:00:00,47.5542588114732
2019-12-26 00:00:00,52.3447783979696
2019-12-27 00:00:00,40.8919855219548
2019-12-28 00:00:00,45.9245650612103
2019-12-29 00:00:00,51.1481969014049
2019-12-30 00:00:00,47.1261419309612
2019-12-31 00:00:00,44.8222139606688
2020-01-01 00:00:00,63.1365953390269
2020-01-02 00:00:00,42.5491723475771
2020-01-03 00:00:00,49.5736805977311
2020-01-04 00:00:00,53.9107284378774
2020-01-05 00:00:00,53.4236766613
2020-01-06 00:00:00,42.7441166219581
2020-01-07 00:00:00,51.2854004552215
2020-01-08 00:00:00,46.8226009280057
2020-01-09 00:00:00,48.8430300019678
2020-01-10 00:00:00,45.0900867653004
2020-01-11 00:00:00,54.5283533905023
2020-01-12 00:00:00,54.7886892998734
2020-01-13 00:00:00,50.1834040864354
2020-01-14 00:00:00,45.3896676882071
2020-01-15 00:00:00,50.4804035221325
2020-01-16 00:00:00,53.6227320285354
2020-01-17 00:00:00,54.8876145709407
2020-01-18 00:00:00,51.644896291384
2020-01-19 00:00:00,58.851921421606
2020-01-20 00:00:00,50.056922752291
2020-01-21 00:00:00,53.0070246546905
2020-01-22 00:00:00,51.9998545816502
2020-01-23 00:00:00,51.5887007459838
2020-01-24 00:00:00,51.7239595986548
2020-01-25 00:00:00,60.0392153120972
2020-01-26 00:00:00,58.0992383350351
2020-01-27 00:00:00,50.9483378687911
2020-01-28 00:00:00,47.7648977462592
2020-01-29 00:00:00,55.4599640721215
2020-01-30 00:00:00,55.8945940438906
2020-01-31 00:00:00,50.9536765522243
2020-02-01 00:00:00,58.7973400795474
2020-02-02 00:00:00,58.2518215268443
2020-02-03 00:00:00,52.7688716863485
2020-02-04 00:00:00,49.8561284752417
2020-02-05 00:00:00,51.2322154900361
2020-02-06 00:00:00,52.3365386658269
2020-02-07 00:00:00,51.6415384785938
2020-02-08 00:00:00,53.9642782932341
2020-02-09 00:00:00,61.9374694396448
2020-02-10 00:00:00,51.5976410189723
2020-02-11 00:00:00,51.2150334008625
2020-02-12 00:00:00,54.4473644094993
2020-02-13 00:00:00,54.3229361297891
2020-02-14 00:00:00,54.8436204448203
2020-02-15 00:00:00,56.6897318162039
2020-02-16 00:00:00,60.9148465058036
2020-02-17 00:00:00,56.7259918641387
2020-02-18 00:00:00,57.2139873633336
2020-02-19 00:00:00,54.18808224507
2020-02-20 00:00:00,48.5376591752753
2020-02-21 00:00:00,55.7986276879979
2020-02-22 00:00:00,59.2635612495899
2020-02-23 00:00:00,61.9243915821044
2020-02-24 00:00:00,52.837833991223
2020-02-25 00:00:00,51.4271682587918
2020-02-26 00:00:00,47.365384056718
2020-02-27 00:00:00,48.4139173509012
2020-02-28 00:00:00,47.2397000915007
2020-02-29 00:00:00,49.6798861567392
2020-03-01 00:00:00,61.5097699288912
2020-03-02 00:00:00,48.2853310434457
2020-03-03 00:00:00,49.7687489931233
2020-03-04 00:00:00,51.4939195062357
2020-03-05 00:00:00,53.1074931593234
2020-03-06 00:00:00,52.9639674437683
2020-03-07 00:00:00,57.5002119266035
2020-03-08 00:00:00,56.9351412699975
2020-03-09 00:00:00,43.088009974729
2020-03-10 00:00:00,40.367531888613
2020-03-11 00:00:00,41.4148440738767
2020-03-12 00:00:00,37.7012858874398
2020-03-13 00:00:00,30.1972713532277
2020-03-14 00:00:00,32.1144461101509
2020-03-15 00:00:00,36.299335502047
2020-03-16 00:00:00,28.6531555057772
2020-03-17 00:00:00,30.4589458926035
2020-03-18 00:00:00,30.0157174331889
2020-03-19 00:00:00,30.0402961431206
2020-03-20 00:00:00,32.5779202935299
2020-03-21 00:00:00,40.1550498113668
2020-03-22 00:00:00,47.7934498372945
2020-03-23 00:00:00,34.3038742331181
2020-03-24 00:00:00,40.5935264612312
2020-03-25 00:00:00,36.9165986921745
2020-03-26 00:00:00,46.7548124218159
2020-03-27 00:00:00,48.4139360584423
2020-03-28 00:00:00,44.877568332905
2020-03-29 00:00:00,50.6111416094839
2020-03-30 00:00:00,42.0400515117745
2020-03-31 00:00:00,45.2210030614672
2020-04-01 00:00:00,43.6242390477481
2020-04-02 00:00:00,43.5159150777912
2020-04-03 00:00:00,41.0259308138856
2020-04-04 00:00:00,53.3448121281878
2020-04-05 00:00:00,62.2562937358401
2020-04-06 00:00:00,40.9503429131681
2020-04-07 00:00:00,49.7993840083494
2020-04-08 00:00:00,46.4207222199787
2020-04-09 00:00:00,49.6711356833184
2020-04-10 00:00:00,49.7901158867751
2020-04-11 00:00:00,55.2823718033444
2020-04-12 00:00:00,58.4156265205156
2020-04-13 00:00:00,50.1981120036146
2020-04-14 00:00:00,48.7254431006258
2020-04-15 00:00:00,46.9258048671644
2020-04-16 00:00:00,41.7948357085057
2020-04-17 00:00:00,39.9360818632395
2020-04-18 00:00:00,49.3265191176367
2020-04-19 00:00:00,54.4932067671539
2020-04-20 00:00:00,46.4250848596367
2020-04-21 00:00:00,42.2422605181555
2020-04-22 00:00:00,41.6028773016883
2020-04-23 00:00:00,40.127745193341
2020-04-24 00:00:00,43.0990266044061
2020-04-25 00:00:00,46.4020438553101
2020-04-26 00:00:00,52.5184758501002
2020-04-27 00:00:00,44.4534044135194
2020-04-28 00:00:00,46.6323333642837
2020-04-29 00:00:00,46.0787611079707
2020-04-30 00:00:00,49.6286142146446
2020-05-01 00:00:00,49.2306658615637
2020-05-02 00:00:00,59.3473218914269
2020-05-03 00:00:00,69.5408005495611
2020-05-04 00:00:00,54.887253618017
2020-05-05 00:00:00,55.5579450400896
2020-05-06 00:00:00,56.967033117196
2020-05-07 00:00:00,53.3553440801215
2020-05-08 00:00:00,56.0721702694106
2020-05-09 00:00:00,55.6206774079318
2020-05-10 00:00:00,66.5166166003509
2020-05-11 00:00:00,55.6794889441733
2020-05-12 00:00:00,25.9273795567018
2020-05-13 00:00:00,25.9082950114654
2020-05-14 00:00:00,30.6795715396832
2020-05-15 00:00:00,28.8756268536516
2020-05-16 00:00:00,28.4239561884037
2020-05-17 00:00:00,30.0344255350804
2020-05-18 00:00:00,34.07924860462
2020-05-19 00:00:00,31.6501828800508
2020-05-20 00:00:00,31.4627744313599
2020-05-21 00:00:00,31.6614520779346
2020-05-22 00:00:00,27.8724350183625
2020-05-23 00:00:00,29.1314438591229
2020-05-24 00:00:00,33.9664678076797
2020-05-25 00:00:00,28.9220866679624
2020-05-26 00:00:00,25.5813937261146
2020-05-27 00:00:00,29.3588214770532
2020-05-28 00:00:00,28.1988842926557
2020-05-29 00:00:00,29.86254895071
2020-05-30 00:00:00,34.6559503218519
2020-05-31 00:00:00,36.9250018712685
2020-06-01 00:00:00,28.5992508692279
2020-06-02 00:00:00,29.4010299006505
2020-06-03 00:00:00,28.9211158235703
2020-06-04 00:00:00,30.6778962263392
2020-06-05 00:00:00,35.3094095410375
2020-06-06 00:00:00,43.2181571308434
2020-06-07 00:00:00,38.9154835973661
2020-06-08 00:00:00,32.1651728973546
2020-06-09 00:00:00,30.9416039987778
2020-06-10 00:00:00,31.9876074051075
2020-06-11 00:00:00,34.5081631025847
2020-06-12 00:00:00,30.9994991150104
2020-06-13 00:00:00,33.9681119467916
2020-06-14 00:00:00,37.3428213573291
2020-06-15 00:00:00,28.1198996142481
2020-06-16 00:00:00,27.6651724983513
2020-06-17 00:00:00,25.7887488547715
2020-06-18 00:00:00,27.173309174416
2020-06-19 00:00:00,25.3851592589615
2020-06-20 00:00:00,28.994534065696
2020-06-21 00:00:00,33.7527411675811
2020-06-22 00:00:00,29.595660599031
2020-06-23 00:00:00,28.0491867701879
2020-06-24 00:00:00,27.5184104154396
2020-06-25 00:00:00,27.2404857029568
2020-06-26 00:00:00,29.4572020666473
2020-06-27 00:00:00,29.2570377001059
2020-06-28 00:00:00,32.7165049604553
2020-06-29 00:00:00,27.14674470781
2020-06-30 00:00:00,29.3638353536296
2020-07-01 00:00:00,25.852261769978
2020-07-02 00:00:00,29.1847494299547
2020-07-03 00:00:00,29.4048537067125
2020-07-04 00:00:00,31.8864706922643
2020-07-05 00:00:00,34.4888698497453
2020-07-06 00:00:00,27.4281186381817
2020-07-07 00:00:00,27.9847873824902
2020-07-08 00:00:00,26.6771409451456
2020-07-09 00:00:00,27.8441132110933
2020-07-10 00:00:00,28.077570387245
2020-07-11 00:00:00,30.3431256460827
2020-07-12 00:00:00,31.9167973655061
2020-07-13 00:00:00,28.723484296363
2020-07-14 00:00:00,24.6135187073322
2020-07-15 00:00:00,27.0585789878911
2020-07-16 00:00:00,24.5085610915453
2020-07-17 00:00:00,25.3114502417417
2020-07-18 00:00:00,26.3125945439716
2020-07-19 00:00:00,28.5716327490618
2020-07-20 00:00:00,28.4421193721667
2020-07-21 00:00:00,26.2579105588848
2020-07-22 00:00:00,26.7686088742846
2020-07-23 00:00:00,27.9620264367166
2020-07-24 00:00:00,29.2636129048039
2020-07-25 00:00:00,32.2417856990445
2020-07-26 00:00:00,34.9712013231044
2020-07-27 00:00:00,33.5519128856381
2020-07-28 00:00:00,33.9326640523788
2020-07-29 00:00:00,35.1765253687016
2020-07-30 00:00:00,34.4790847113704
2020-07-31 00:00:00,35.4153766594265
2020-08-01 00:00:00,38.5562570033685
2020-08-02 00:00:00,38.926994036573
2020-08-03 00:00:00,38.5730242978297
2020-08-04 00:00:00,34.7646401664201
2020-08-05 00:00:00,37.0335809511832
2020-08-06 00:00:00,38.6169574725783
2020-08-07 00:00:00,39.2764838151703
2020-08-08 00:00:00,39.8135840129077
2020-08-09 00:00:00,45.1016436692363
2020-08-10 00:00:00,38.1830195403308
2020-08-11 00:00:00,37.0531514299238
2020-08-12 00:00:00,36.6184685809293
2020-08-13 00:00:00,36.5126735755174
2020-08-14 00:00:00,37.0371344693124
2020-08-15 00:00:00,39.6858492013564
2020-08-16 00:00:00,42.2977080761413
2020-08-17 00:00:00,35.4687592765466
2020-08-18 00:00:00,36.2736928015915
2020-08-19 00:00:00,35.70293317722632
2020-08-20 00:00:00,36.889054557526286
2020-08-21 00:00:00,41.325023176146104
2020-08-22 00:00:00,34.994141372116616
2020-08-23 00:00:00,42.04207711513541
2020-08-24 00:00:00,35.98997715100717
2020-08-25 00:00:00,33.618835009729075
2020-08-26 00:00:00,34.99693932530556
2020-08-27 00:00:00,32.163221256553605
2020-08-28 00:00:00,36.566166465714346
2020-08-29 00:00:00,38.45091761803543
2020-08-30 00:00:00,37.01011231159122
2020-08-31 00:00:00,39.65175165495006
2020-09-01 00:00:00,34.378345352744255
2020-09-02 00:00:00,37.53555478329722
2020-09-03 00:00:00,33.40811948116876
2020-09-04 00:00:00,34.66539377670383
2020-09-05 00:00:00,31.62068870721483
2020-09-06 00:00:00,39.319698773706584
2020-09-07 00:00:00,36.76991795623417
2020-09-08 00:00:00,32.09256335359807
2020-09-09 00:00:00,32.983336088831656
2020-09-10 00:00:00,32.78260585140803
2020-09-11 00:00:00,31.84140294935001
2020-09-12 00:00:00,38.67897429168348
2020-09-13 00:00:00,43.27048582125826
2020-09-14 00:00:00,34.76789260908813
2020-09-15 00:00:00,34.02654477987524
2020-09-16 00:00:00,33.26534391907988
2020-09-17 00:00:00,36.955185735159084
2020-09-18 00:00:00,36.98855243669075
2020-09-19 00:00:00,36.367476101171036
2020-09-20 00:00:00,38.7567679747658
2020-09-21 00:00:00,34.78405778812628
2020-09-22 00:00:00,29.419607128102875
2020-09-23 00:00:00,29.297861207877883
2020-09-24 00:00:00,30.818195709841238
2020-09-25 00:00:00,34.47817873644036
2020-09-26 00:00:00,38.34044738683623
2020-09-27 00:00:00,40.6622303066891
2020-09-28 00:00:00,31.907029971868454
2020-09-29 00:00:00,29.73099852128683
2020-09-30 00:00:00,32.680153028403836
2020-10-01 00:00:00,30.89820165897532
2020-10-02 00:00:00,32.439660576066075
2020-10-03 00:00:00,34.51617707574215
2020-10-04 00:00:00,41.2504942501332
2020-10-05 00:00:00,35.21749907393331
2020-10-06 00:00:00,31.165059814744822
2020-10-07 00:00:00,30.20859654798016
2020-10-08 00:00:00,36.54324436911941
2020-10-09 00:00:00,32.31297938083808
2020-10-10 00:00:00,37.05297899153161
2020-10-11 00:00:00,41.4820426750014
2020-10-12 00:00:00,36.65173152690541
2020-10-13 00:00:00,38.31666069333321
2020-10-14 00:00:00,36.26839850703604
2020-10-15 00:00:00,34.33767135176301
2020-10-16 00:00:00,36.16938425086291
2020-10-17 00:00:00,42.04987795191104
2020-10-18 00:00:00,38.790041919841926
2020-10-19 00:00:00,31.932565647459878
2020-10-20 00:00:00,34.852333327847546
2020-10-21 00:00:00,37.14211459792025
2020-10-22 00:00:00,38.85446322223044
2020-10-23 00:00:00,38.518982354280546
2020-10-24 00:00:00,44.21064863486551
2020-10-25 00:00:00,42.91851083393459
2020-10-26 00:00:00,41.33161375102984
2020-10-27 00:00:00,43.14985966367566
2020-10-28 00:00:00,43.79930075647262
2020-10-29 00:00:00,45.12799068311
2020-10-30 00:00:00,47.80407223524235
2020-10-31 00:00:00,48.37628843768614
2020-11-01 00:00:00,47.73157157358082
2020-11-02 00:00:00,48.54024663528541
2020-11-03 00:00:00,47.7163542825194
2020-11-04 00:00:00,51.890532578066505
2020-11-05 00:00:00,57.643159866579175
2020-11-06 00:00:00,55.065060896269166
2020-11-07 00:00:00,59.55296790832155
2020-11-08 00:00:00,60.3562661105266
2020-11-09 00:00:00,61.118647651018996
2020-11-10 00:00:00,54.273904738682184
2020-11-11 00:00:00,49.71029590903631
2020-11-12 00:00:00,54.343020631232235
2020-11-13 00:00:00,52.685695651512944
2020-11-14 00:00:00,56.18042086652122
2020-11-15 00:00:00,61.97775138370071
2020-11-16 00:00:00,56.86267311538356
2020-11-17 00:00:00,52.69153352585125
2020-11-18 00:00:00,57.31778108029812
2020-11-19 00:00:00,54.61316932981272
2020-11-20 00:00:00,59.31056555605605
2020-11-21 00:00:00,66.37726887539176
2020-11-22 00:00:00,76.56571753818632
2020-11-23 00:00:00,60.47303381201014
2020-11-24 00:00:00,53.05736673377853
2020-11-25 00:00:00,56.254352219660625
2020-11-26 00:00:00,55.95337575905798
2020-11-27 00:00:00,55.47527450752039
2020-11-28 00:00:00,59.978623890016095
2020-11-29 00:00:00,67.02726039990803
2020-11-30 00:00:00,57.23788695932524
2020-12-01 00:00:00,55.925302681776955
2020-12-02 00:00:00,55.105882072162515
2020-12-03 00:00:00,62.72995520584482
2020-12-04 00:00:00,60.51072663858092
2020-12-05 00:00:00,65.51828949685647
2020-12-06 00:00:00,66.57493718645354
2020-12-07 00:00:00,64.28462050583174
2020-12-08 00:00:00,55.882744611144965
2020-12-09 00:00:00,53.53016529436434
2020-12-10 00:00:00,51.40656664851425
2020-12-11 00:00:00,54.58588669246652
2020-12-12 00:00:00,54.582539745116264
2020-12-13 00:00:00,70.7346212228646
2020-12-14 00:00:00,58.90395619211692
2020-12-15 00:00:00,57.154469238980816
2020-12-16 00:00:00,62.12741454387046
2020-12-17 00:00:00,71.48210696361105
2020-12-18 00:00:00,71.43132286434039
2020-12-19 00:00:00,75.34691068722405
2020-12-20 00:00:00,85.18971436851494
2020-12-21 00:00:00,85.64541040013786
2020-12-22 00:00:00,73.25442703856109
2020-12-23 00:00:00,76.93044803331098
2020-12-24 00:00:00,76.98192047486441
2020-12-25 00:00:00,78.289090812282
2020-12-26 00:00:00,86.22820586600979
2020-12-27 00:00:00,89.10412418000507
2020-12-28 00:00:00,96.08344815029841
2020-12-29 00:00:00,83.91357134427095
2020-12-30 00:00:00,99.03306830434842
2020-12-31 00:00:00,96.49870140679032
2021-01-01 00:00:00,111.93105411256523
2021-01-02 00:00:00,107.0417383129575
2021-01-03 00:00:00,100.029960302658
2021-01-04 00:00:00,103.58066426122392
2021-01-05 00:00:00,99.73361786428922
2021-01-06 00:00:00,108.21916612178546
2021-01-07 00:00:00,111.94847178893632
2021-01-08 00:00:00,118.14511431991114
2021-01-09 00:00:00,122.95703364823477
2021-01-10 00:00:00,130.08707690605394
2021-01-11 00:00:00,112.88147642988767
2021-01-12 00:00:00,112.74182220729797
2021-01-13 00:00:00,117.47367476023956
2021-01-14 00:00:00,120.78159597455465
2021-01-15 00:00:00,121.31853214243041
2021-01-16 00:00:00,121.55649123683669
2021-01-17 00:00:00,117.46990709220559
2021-01-18 00:00:00,114.02942949415208
2021-01-19 00:00:00,116.70268160577024
2021-01-20 00:00:00,108.94576057070282
2021-01-21 00:00:00,104.16872931462923
2021-01-22 00:00:00,97.46828006554072
2021-01-23 00:00:00,110.58535137200167
2021-01-24 00:00:00,117.8363293067214
2021-01-25 00:00:00,105.34088833059809
2021-01-26 00:00:00,103.4068562207157
2021-01-27 00:00:00,93.17970688321327
2021-01-28 00:00:00,96.86122306722233
2021-01-29 00:00:00,115.69269412327016
2021-01-30 00:00:00,107.75070722006683
2021-01-31 00:00:00,114.91611527950448
2021-02-01 00:00:00,105.79192482590861
2021-02-02 00:00:00,104.77025880769946
2021-02-03 00:00:00,113.61370527508838
2021-02-04 00:00:00,119.30666638738555
2021-02-05 00:00:00,125.05783065147129
2021-02-06 00:00:00,133.3268101226602
2021-02-07 00:00:00,143.47344457598768
2021-02-08 00:00:00,140.75690992480364
2021-02-09 00:00:00,140.8474535750997
2021-02-10 00:00:00,142.629216150783
2021-02-11 00:00:00,152.232911640192
2021-02-12 00:00:00,152.7207184016725
2021-02-13 00:00:00,157.6243574555561
2021-02-14 00:00:00,168.78084177080473
2021-02-15 00:00:00,165.50733434130282
2021-02-16 00:00:00,144.51633317905373
2021-02-17 00:00:00,161.444815130281
2021-02-18 00:00:00,163.73159016363306
2021-02-19 00:00:00,173.43839161305863
2021-02-20 00:00:00,186.25869939183553
2021-02-21 00:00:00,209.4333687845862
2021-02-22 00:00:00,185.38411152803428
2021-02-23 00:00:00,165.1770480800351
2021-02-24 00:00:00,164.35141978193315
2021-02-25 00:00:00,173.9974240707445
2021-02-26 00:00:00,154.67581261201113
2021-02-27 00:00:00,159.44811974983116
2021-02-28 00:00:00,158.84194732538174
2021-03-01 00:00:00,158.70276164293531
2021-03-02 00:00:00,147.46444525055134
2021-03-03 00:00:00,164.49985781357557
2021-03-04 00:00:00,155.9733860143672
2021-03-05 00:00:00,156.7624898182514
2021-03-06 00:00:00,172.63300803275064
2021-03-07 00:00:00,189.65771328051935
2021-03-08 00:00:00,184.28741148343292
2021-03-09 00:00:00,176.48159203697008
2021-03-10 00:00:00,167.2610142401344
2021-03-11 00:00:00,181.07405302929973
2021-03-12 00:00:00,187.0654298860289
2021-03-13 00:00:00,214.4243313139322
2021-03-14 00:00:00,210.21384526763518
2021-03-15 00:00:00,204.19928990066327
2021-03-16 00:00:00,180.4646719006131
2021-03-17 00:00:00,181.49387049739278
2021-03-18 00:00:00,191.5500040819418
2021-03-19 00:00:00,193.87048323719537
2021-03-20 00:00:00,214.40290050896016
2021-03-21 00:00:00,250.67403952684873
2021-03-22 00:00:00,196.83493150525894
2021-03-23 00:00:00,190.3569446267247
2021-03-24 00:00:00,186.51729383851318
2021-03-25 00:00:00,171.37287621822801
2021-03-26 00:00:00,168.77504531729167
2021-03-27 00:00:00,203.6272281307244
2021-03-28 00:00:00,236.40721769378084
2021-03-29 00:00:00,193.5637827680648
2021-03-30 00:00:00,183.68305453258617
2021-03-31 00:00:00,191.43177293379097
2021-04-01 00:00:00,188.25056391838956
2021-04-02 00:00:00,187.19999758978332
2021-04-03 00:00:00,188.14831513145884
2021-04-04 00:00:00,229.6745985999321
2021-04-05 00:00:00,215.23608844679887
2021-04-06 00:00:00,190.15636029238996
2021-04-07 00:00:00,192.02079365238527
2021-04-08 00:00:00,190.3721144943836
2021-04-09 00:00:00,191.39385072190262
2021-04-10 00:00:00,214.2953612756865
2021-04-11 00:00:00,229.70661798889924
2021-04-12 00:00:00,204.7651025959055
2021-04-13 00:00:00,198.06313416127566
2021-04-14 00:00:00,208.9713734525182
2021-04-15 00:00:00,215.90390557821905
2021-04-16 00:00:00,220.09980939815966
2021-04-17 00:00:00,231.41169486401347
2021-04-18 00:00:00,205.5984325019473
2021-04-19 00:00:00,223.88318308539746
2021-04-20 00:00:00,219.57580391049467
2021-04-21 00:00:00,217.7919034658502
2021-04-22 00:00:00,234.1282287862732
2021-04-23 00:00:00,187.89841067717822
2021-04-24 00:00:00,185.3442944895792
2021-04-25 00:00:00,205.16556465284984
2021-04-26 00:00:00,193.68777357531843
2021-04-27 00:00:00,191.81604466322935
2021-04-28 00:00:00,202.1800233725265
2021-04-29 00:00:00,188.26507467980431
2021-04-30 00:00:00,202.69750646995644
2021-05-01 00:00:00,213.2471632377353
2021-05-02 00:00:00,300.31054913667
2021-05-03 00:00:00,247.432176147388
2021-05-04 00:00:00,226.15940318632673
2021-05-05 00:00:00,196.17277498078408
2021-05-06 00:00:00,214.07709639356915
2021-05-07 00:00:00,218.461023038865
2021-05-08 00:00:00,246.38187971563042
2021-05-09 00:00:00,288.3227389599041
2021-05-10 00:00:00,234.33157102220036
2021-05-11 00:00:00,206.99837688061828
2021-05-12 00:00:00,214.96262126673844
2021-05-13 00:00:00,194.05307774844863
2021-05-14 00:00:00,171.59208744217423
2021-05-15 00:00:00,174.28676174077088
2021-05-16 00:00:00,190.07488721766597
2021-05-17 00:00:00,146.96660701407185
2021-05-18 00:00:00,138.5799674267093
2021-05-19 00:00:00,136.74440494294944
2021-05-20 00:00:00,145.30644511494722
2021-05-21 00:00:00,141.30407816392056
2021-05-22 00:00:00,138.85676890882473
2021-05-23 00:00:00,148.95100341814728
2021-05-24 00:00:00,139.1612414497509
2021-05-25 00:00:00,139.4340447316791
2021-05-26 00:00:00,142.9087211916139
2021-05-27 00:00:00,144.24022881761775
2021-05-28 00:00:00,136.9262036091956
2021-05-29 00:00:00,137.3314298215469
2021-05-30 00:00:00,184.85010757332864
2021-05-31 00:00:00,149.47474428915675
2021-06-01 00:00:00,145.96759826040739
2021-06-02 00:00:00,163.4974329251797
2021-06-03 00:00:00,145.6732634857681
2021-06-04 00:00:00,135.98059482395288
2021-06-05 00:00:00,159.33882486642136
2021-06-06 00:00:00,186.4579870742936
2021-06-07 00:00:00,132.76420671656655
2021-06-08 00:00:00,128.31146143357847
2021-06-09 00:00:00,134.17002942786377
2021-06-10 00:00:00,114.59650888488697
2021-06-11 00:00:00,118.95407205091881
2021-06-12 00:00:00,139.8883153155348
2021-06-13 00:00:00,166.95541533169563
2021-06-14 00:00:00,148.21313572458956
2021-06-15 00:00:00,142.4994147099516
2021-06-16 00:00:00,125.64449566515546
2021-06-17 00:00:00,137.07365714099814
2021-06-18 00:00:00,133.9426798873058
2021-06-19 00:00:00,127.548037349142
2021-06-20 00:00:00,141.9622963320516
2021-06-21 00:00:00,112.78566339900041
2021-06-22 00:00:00,100.77215455844872
2021-06-23 00:00:00,99.10229461677713
2021-06-24 00:00:00,101.87901296344302
2021-06-25 00:00:00,111.64011163933966
2021-06-26 00:00:00,101.63357238620411
2021-06-27 00:00:00,104.81795516875805
2021-06-28 00:00:00,94.45366896269717
2021-06-29 00:00:00,106.31660591015768
2021-06-30 00:00:00,98.73662078189878
2021-07-01 00:00:00,97.64126243544322
2021-07-02 00:00:00,110.24007546820886
2021-07-03 00:00:00,123.33001417611374
2021-07-04 00:00:00,156.24653299287252
2021-07-05 00:00:00,133.0955238815502
2021-07-06 00:00:00,139.83943688701993
2021-07-07 00:00:00,125.9858627406933
2021-07-08 00:00:00,129.19505653023901
2021-07-09 00:00:00,123.25731101897253
2021-07-10 00:00:00,184.56843233298915
2021-07-11 00:00:00,164.15580777868894
2021-07-12 00:00:00,125.85939058298972
2021-07-13 00:00:00,125.8115144231302
2021-07-14 00:00:00,150.08425443946106
2021-07-15 00:00:00,116.5207942752469
2021-07-16 00:00:00,135.64780012798522
2021-07-17 00:00:00,157.01118415854285
2021-07-18 00:00:00,179.8968748424801
2021-07-19 00:00:00,148.4361020803855
2021-07-20 00:00:00,100.80097380207876
2021-07-21 00:00:00,121.35001073838485
2021-07-22 00:00:00,138.77037393264976
2021-07-23 00:00:00,121.02479057658715
2021-07-24 00:00:00,166.70120023974957
2021-07-25 00:00:00,190.20192680004655
2021-07-26 00:00:00,139.31340288205305
2021-07-27 00:00:00,159.17908219122515
2021-07-28 00:00:00,158.12201244735664
2021-07-29 00:00:00,152.68937081802778
2021-07-30 00:00:00,164.50432760048506
2021-07-31 00:00:00,200.7347026347319
2021-08-01 00:00:00,218.15077502687726
2021-08-02 00:00:00,150.19366311023109
2021-08-03 00:00:00,168.78645243750964
2021-08-04 00:00:00,139.90402665850164
2021-08-05 00:00:00,162.22277717323905
2021-08-06 00:00:00,159.40004931369597
2021-08-07 00:00:00,216.04148721622613
2021-08-08 00:00:00,230.55350775809393
2021-08-09 00:00:00,171.0933595199304
2021-08-10 00:00:00,182.74230198503074
2021-08-11 00:00:00,163.61721335840093
2021-08-12 00:00:00,171.0599526756297
2021-08-13 00:00:00,161.2224449081617
2021-08-14 00:00:00,233.24721168104367
2021-08-15 00:00:00,285.7161682778339
2021-08-16 00:00:00,181.99910543935468
2021-08-17 00:00:00,196.94958499921748
2021-08-18 00:00:00,156.60640457540583
2021-08-19 00:00:00,173.86034551869278
2021-08-20 00:00:00,178.23013859652443
2021-08-21 00:00:00,240.22005909340479
2021-08-22 00:00:00,266.0802462863709
2021-08-23 00:00:00,229.74287934638383
2021-08-24 00:00:00,181.79125694498916
2021-08-25 00:00:00,185.69829261921024
2021-08-26 00:00:00,169.21727608756692
2021-08-27 00:00:00,171.50709542257277
2021-08-28 00:00:00,200.0010122845691
2021-08-29 00:00:00,250.27604993110694
2021-08-30 00:00:00,164.20327347937558
2021-08-31 00:00:00,159.2759733246717
2021-09-01 00:00:00,148.34692405090456
2021-09-02 00:00:00,163.1844680844096
2021-09-03 00:00:00,165.9092325443863
2021-09-04 00:00:00,215.82184017704142
2021-09-05 00:00:00,254.23456114958213
2021-09-06 00:00:00,210.65187845746402
2021-09-07 00:00:00,176.64023688299673
2021-09-08 00:00:00,154.42905271184196
2021-09-09 00:00:00,147.12525557551336
2021-09-10 00:00:00,152.12549988010824
2021-09-11 00:00:00,194.35281660124738
2021-09-12 00:00:00,216.13565288688062
2021-09-13 00:00:00,177.14866598549918
2021-09-14 00:00:00,183.5759514030138
2021-09-15 00:00:00,159.97677471316555
2021-09-16 00:00:00,152.81837329363861
2021-09-17 00:00:00,164.58587476603518
2021-09-18 00:00:00,209.93660151966262
2021-09-19 00:00:00,240.04065491281634
2021-09-20 00:00:00,172.04838197059505
2021-09-21 00:00:00,136.27593976526214
2021-09-22 00:00:00,131.11601119360716
2021-09-23 00:00:00,171.2841540803295
2021-09-24 00:00:00,146.17401879346878
2021-09-25 00:00:00,181.95554164328652
2021-09-26 00:00:00,194.72863656519914
2021-09-27 00:00:00,167.79119328350458
2021-09-28 00:00:00,154.02308681966616
2021-09-29 00:00:00,142.5834028290268
2021-09-30 00:00:00,159.65014313008112
2021-10-01 00:00:00,147.57681412039076
2021-10-02 00:00:00,218.25992467274847
2021-10-03 00:00:00,208.3155468025031
2021-10-04 00:00:00,177.127671301037
2021-10-05 00:00:00,166.62598896239368
2021-10-06 00:00:00,164.11973414401123
2021-10-07 00:00:00,151.6084020194949
2021-10-08 00:00:00,149.86499486529135
2021-10-09 00:00:00,211.7659823778792
2021-10-10 00:00:00,262.9989321899767
2021-10-11 00:00:00,188.7979309987834
2021-10-12 00:00:00,177.3689419331564
2021-10-13 00:00:00,208.35227349215208
2021-10-14 00:00:00,179.19979738888767
2021-10-15 00:00:00,181.09838891513297
2021-10-16 00:00:00,192.2482437064309
2021-10-17 00:00:00,285.13498773896254
2021-10-18 00:00:00,203.85572952582615
2021-10-19 00:00:00,198.080671169108
2021-10-20 00:00:00,211.5823908022599
2021-10-21 00:00:00,189.58216437301198
2021-10-22 00:00:00,217.2492340169184
2021-10-23 00:00:00,250.0864439844339
2021-10-24 00:00:00,277.42051250732425
2021-10-25 00:00:00,261.16807135065636
2021-10-26 00:00:00,201.8988701600399
2021-10-27 00:00:00,202.25107907571766
2021-10-28 00:00:00,197.28738706874626
2021-10-29 00:00:00,221.39700650859527
2021-10-30 00:00:00,239.57117113613367
2021-10-31 00:00:00,246.8003647574582
2021-11-01 00:00:00,196.52932054236572
2021-11-02 00:00:00,211.367745095574
2021-11-03 00:00:00,222.48269756427507
2021-11-04 00:00:00,194.63805392807342
2021-11-05 00:00:00,212.10201197994274
2021-11-06 00:00:00,251.3588054204758
2021-11-07 00:00:00,265.46933573865044
2021-11-08 00:00:00,196.1251103959942
2021-11-09 00:00:00,196.29773400480505
2021-11-10 00:00:00,211.10576369281006
2021-11-11 00:00:00,221.96499158878296
2021-11-12 00:00:00,205.3686303067761
2021-11-13 00:00:00,261.16624136347207
2021-11-14 00:00:00,287.7066115737756
2021-11-15 00:00:00,216.9353226100415
2021-11-16 00:00:00,192.25256872206768
2021-11-17 00:00:00,194.6741227984137
2021-11-18 00:00:00,183.17438583444633
2021-11-19 00:00:00,174.4426350598535
2021-11-20 00:00:00,216.04484724948964
2021-11-21 00:00:00,223.9720435103591
2021-11-22 00:00:00,183.85515244525175
2021-11-23 00:00:00,169.27541547556956
2021-11-24 00:00:00,190.64313000130434
2021-11-25 00:00:00,167.41401626241498
2021-11-26 00:00:00,159.2016591130787
2021-11-27 00:00:00,204.56770547560816
2021-11-28 00:00:00,223.55152526771442
2021-11-29 00:00:00,173.02406448257474
2021-11-30 00:00:00,166.03773141280888
2021-12-01 00:00:00,174.48763931607877
2021-12-02 00:00:00,178.84566161053905
2021-12-03 00:00:00,205.70307641591322
2021-12-04 00:00:00,190.4733642332704
2021-12-05 00:00:00,241.8248778748037
2021-12-06 00:00:00,186.61537744751092
2021-12-07 00:00:00,172.31210991307864
2021-12-08 00:00:00,199.73144723569362
2021-12-09 00:00:00,178.7508358429118
2021-12-10 00:00:00,175.1729715034115
2021-12-11 00:00:00,204.08472904671834
2021-12-12 00:00:00,203.2450262081489
2021-12-13 00:00:00,156.97317700039733
2021-12-14 00:00:00,160.45686272232786
2021-12-15 00:00:00,153.71082672497843
2021-12-16 00:00:00,139.1368911042481
2021-12-17 00:00:00,170.78603849985745
2021-12-18 00:00:00,156.14225427966983
2021-12-19 00:00:00,214.62109521458677
2021-12-20 00:00:00,159.33429271028484
2021-12-21 00:00:00,157.3469468211031
2021-12-22 00:00:00,158.73916142236115
2021-12-23 00:00:00,161.83474411565723
2021-12-24 00:00:00,187.4596046652668
2021-12-25 00:00:00,226.70079482914844
2021-12-26 00:00:00,214.8352347385138
2021-12-27 00:00:00,190.98339789642992
2021-12-28 00:00:00,163.36324912506586
2021-12-29 00:00:00,159.08164754420895
2021-12-30 00:00:00,144.21580630024454
2021-12-31 00:00:00,166.00270521956625
2022-01-01 00:00:00,268.41480006018503
2022-01-02 00:00:00,243.64656614122063
2022-01-03 00:00:00,178.71216813901907
2022-01-04 00:00:00,157.6633058325798
2022-01-05 00:00:00,160.65477703878116
2022-01-06 00:00:00,152.12299478748915
2022-01-07 00:00:00,150.1572295961372
2022-01-08 00:00:00,168.7112194938363
2022-01-09 00:00:00,176.3944226675779
2022-01-10 00:00:00,141.0881907091524
2022-01-11 00:00:00,150.5806490768459
2022-01-12 00:00:00,138.32120666183525
2022-01-13 00:00:00,180.684821510692
2022-01-14 00:00:00,157.60336601914577
2022-01-15 00:00:00,192.15421087503773
2022-01-16 00:00:00,219.59750340796487
2022-01-17 00:00:00,169.53373628561536
2022-01-18 00:00:00,136.29482720323037
2022-01-19 00:00:00,169.6173635982046
2022-01-20 00:00:00,170.2637073975375
2022-01-21 00:00:00,121.09128204747027
2022-01-22 00:00:00,120.30033161094138
2022-01-23 00:00:00,154.34920110359883
2022-01-24 00:00:00,124.48172766981403
2022-01-25 00:00:00,132.3406865103343
2022-01-26 00:00:00,118.68902496688483
2022-01-27 00:00:00,118.11063882971911
2022-01-28 00:00:00,136.55153646410707
2022-01-29 00:00:00,154.45132383939176
2022-01-30 00:00:00,171.43894745085487
2022-01-31 00:00:00,129.5309488885183
2022-02-01 00:00:00,138.00498560292743
2022-02-02 00:00:00,132.12290601322186
2022-02-03 00:00:00,128.6140040741117
2022-02-04 00:00:00,128.4354130182667
2022-02-05 00:00:00,121.73739477654608
2022-02-06 00:00:00,186.96358645287276
2022-02-07 00:00:00,142.31116208863676
2022-02-08 00:00:00,153.83621287036038
2022-02-09 00:00:00,149.1479237483059
2022-02-10 00:00:00,159.60862632959606
2022-02-11 00:00:00,152.7601412964372
2022-02-12 00:00:00,219.22262247231487
2022-02-13 00:00:00,202.02220475858823
2022-02-14 00:00:00,164.94887948718699
2022-02-15 00:00:00,177.3718948641572
2022-02-16 00:00:00,161.78731592385748
2022-02-17 00:00:00,166.3503556087555
