Timestamp,difficulty
2016-02-20 00:00:00,163491654908.959
2016-02-21 00:00:00,163491654908.959
2016-02-22 00:00:00,163491654908.959
2016-02-23 00:00:00,163491654908.959
2016-02-24 00:00:00,163491654908.959
2016-02-25 00:00:00,163491654908.959
2016-02-26 00:00:00,163491654908.959
2016-02-27 00:00:00,163491654908.959
2016-02-28 00:00:00,163491654908.959
2016-02-29 00:00:00,163491654908.959
2016-03-01 00:00:00,163491654908.959
2016-03-02 00:00:00,163491654908.959
2016-03-03 00:00:00,163491654908.959
2016-03-04 00:00:00,163491654908.959
2016-03-05 00:00:00,163491654908.959
2016-03-06 00:00:00,158427203767.392
2016-03-07 00:00:00,158427203767.392
2016-03-08 00:00:00,158427203767.392
2016-03-09 00:00:00,158427203767.392
2016-03-10 00:00:00,158427203767.392
2016-03-11 00:00:00,158427203767.392
2016-03-12 00:00:00,158427203767.392
2016-03-13 00:00:00,158427203767.392
2016-03-14 00:00:00,158427203767.392
2016-03-15 00:00:00,158427203767.392
2016-03-16 00:00:00,158427203767.392
2016-03-17 00:00:00,158427203767.392
2016-03-18 00:00:00,165496835118.226
2016-03-19 00:00:00,165496835118.226
2016-03-20 00:00:00,165496835118.226
2016-03-21 00:00:00,165496835118.226
2016-03-22 00:00:00,165496835118.226
2016-03-23 00:00:00,165496835118.226
2016-03-24 00:00:00,165496835118.226
2016-03-25 00:00:00,165496835118.226
2016-03-26 00:00:00,165496835118.226
2016-03-27 00:00:00,165496835118.226
2016-03-28 00:00:00,165496835118.226
2016-03-29 00:00:00,165496835118.226
2016-03-30 00:00:00,165496835118.226
2016-03-31 00:00:00,165496835118.226
2016-04-01 00:00:00,166851513282.777
2016-04-02 00:00:00,166851513282.777
2016-04-03 00:00:00,166851513282.777
2016-04-04 00:00:00,166851513282.777
2016-04-05 00:00:00,166851513282.777
2016-04-06 00:00:00,166851513282.777
2016-04-07 00:00:00,166851513282.777
2016-04-08 00:00:00,166851513282.777
2016-04-09 00:00:00,166851513282.777
2016-04-10 00:00:00,166851513282.777
2016-04-11 00:00:00,166851513282.777
2016-04-12 00:00:00,166851513282.777
2016-04-13 00:00:00,166851513282.777
2016-04-14 00:00:00,178678307671.688
2016-04-15 00:00:00,178678307671.688
2016-04-16 00:00:00,178678307671.688
2016-04-17 00:00:00,178678307671.688
2016-04-18 00:00:00,178678307671.688
2016-04-19 00:00:00,178678307671.688
2016-04-20 00:00:00,178678307671
2016-04-21 00:00:00,178678307671
2016-04-22 00:00:00,178678307671
2016-04-23 00:00:00,178678307671
2016-04-24 00:00:00,178678307671
2016-04-25 00:00:00,178678307671
2016-04-26 00:00:00,178678307671
2016-04-27 00:00:00,178678307671
2016-04-28 00:00:00,178666121338.551
2016-04-29 00:00:00,178659257772
2016-04-30 00:00:00,178659257772
2016-05-01 00:00:00,178659257772
2016-05-02 00:00:00,178659257772
2016-05-03 00:00:00,178659257772
2016-05-04 00:00:00,178659257772
2016-05-05 00:00:00,178659257772
2016-05-06 00:00:00,178659257772
2016-05-07 00:00:00,178659257772
2016-05-08 00:00:00,178659257772
2016-05-09 00:00:00,178659257772
2016-05-10 00:00:00,178659257772
2016-05-11 00:00:00,190502504490.88
2016-05-12 00:00:00,194254820283
2016-05-13 00:00:00,194254820283
2016-05-14 00:00:00,194254820283
2016-05-15 00:00:00,194254820283
2016-05-16 00:00:00,194254820283
2016-05-17 00:00:00,194254820283
2016-05-18 00:00:00,194254820283
2016-05-19 00:00:00,194254820283
2016-05-20 00:00:00,194254820283
2016-05-21 00:00:00,194254820283
2016-05-22 00:00:00,194254820283
2016-05-23 00:00:00,194254820283
2016-05-24 00:00:00,194770865920.551
2016-05-25 00:00:00,199312067531
2016-05-26 00:00:00,199312067531
2016-05-27 00:00:00,199312067531
2016-05-28 00:00:00,199312067531
2016-05-29 00:00:00,199312067531
2016-05-30 00:00:00,199312067531
2016-05-31 00:00:00,199312067531
2016-06-01 00:00:00,199312067531
2016-06-02 00:00:00,199312067531
2016-06-03 00:00:00,199312067531
2016-06-04 00:00:00,199312067531
2016-06-05 00:00:00,199312067531
2016-06-06 00:00:00,199312067531
2016-06-07 00:00:00,199312067531
2016-06-08 00:00:00,196422606560.333
2016-06-09 00:00:00,196061423939
2016-06-10 00:00:00,196061423939
2016-06-11 00:00:00,196061423939
2016-06-12 00:00:00,196061423939
2016-06-13 00:00:00,196061423939.25
2016-06-14 00:00:00,196061423939
2016-06-15 00:00:00,196061423939
2016-06-16 00:00:00,196061423939
2016-06-17 00:00:00,196061423939
2016-06-18 00:00:00,196061423939
2016-06-19 00:00:00,196061423939
2016-06-20 00:00:00,196061423939
2016-06-21 00:00:00,206307449112.047
2016-06-22 00:00:00,209453158595
2016-06-23 00:00:00,209453158595
2016-06-24 00:00:00,209453158595
2016-06-25 00:00:00,209453158595
2016-06-26 00:00:00,209453158595
2016-06-27 00:00:00,209453158595
2016-06-28 00:00:00,209453158595
2016-06-29 00:00:00,209453158595
2016-06-30 00:00:00,209453158595
2016-07-01 00:00:00,209453158595
2016-07-02 00:00:00,209453158595
2016-07-03 00:00:00,209453158595
2016-07-04 00:00:00,209557682217.146
2016-07-05 00:00:00,213398925331
2016-07-06 00:00:00,213398925331
2016-07-07 00:00:00,213398925331
2016-07-08 00:00:00,213398925331
2016-07-09 00:00:00,213398925331
2016-07-10 00:00:00,213398925331
2016-07-11 00:00:00,213398925331
2016-07-12 00:00:00,213398925331
2016-07-13 00:00:00,213398925331
2016-07-14 00:00:00,213398925331
2016-07-15 00:00:00,213398925331
2016-07-16 00:00:00,213398925331
2016-07-17 00:00:00,213398925331
2016-07-18 00:00:00,213402065457.711
2016-07-19 00:00:00,213492501107
2016-07-20 00:00:00,213492501107
2016-07-21 00:00:00,213492501107
2016-07-22 00:00:00,213492501107
2016-07-23 00:00:00,213492501107
2016-07-24 00:00:00,213492501107
2016-07-25 00:00:00,213492501107
2016-07-26 00:00:00,213492501107
2016-07-27 00:00:00,213492501107
2016-07-28 00:00:00,213492501107
2016-07-29 00:00:00,213492501107
2016-07-30 00:00:00,213492501107
2016-07-31 00:00:00,213492501107
2016-08-01 00:00:00,213492501107
2016-08-02 00:00:00,210798472402.845
2016-08-03 00:00:00,201893210853
2016-08-04 00:00:00,201893210853
2016-08-05 00:00:00,201893210853
2016-08-06 00:00:00,201893210853
2016-08-07 00:00:00,201893210853
2016-08-08 00:00:00,201893210853
2016-08-09 00:00:00,201893210853
2016-08-10 00:00:00,201893210853
2016-08-11 00:00:00,201893210853
2016-08-12 00:00:00,201893210853
2016-08-13 00:00:00,201893210853
2016-08-14 00:00:00,201893210853
2016-08-15 00:00:00,203483855226.699
2016-08-16 00:00:00,217375482757
2016-08-17 00:00:00,217375482757
2016-08-18 00:00:00,217375482757
2016-08-19 00:00:00,217375482757
2016-08-20 00:00:00,217375482757
2016-08-21 00:00:00,217375482757
2016-08-22 00:00:00,217375482757
2016-08-23 00:00:00,217375482757
2016-08-24 00:00:00,217375482757
2016-08-25 00:00:00,217375482757
2016-08-26 00:00:00,217375482757
2016-08-27 00:00:00,217375482757
2016-08-28 00:00:00,217375482757
2016-08-29 00:00:00,218441791494.792
2016-08-30 00:00:00,220755908330
2016-08-31 00:00:00,220755908330
2016-09-01 00:00:00,220755908330
2016-09-02 00:00:00,220755908330
2016-09-03 00:00:00,220755908330
2016-09-04 00:00:00,220755908330
2016-09-05 00:00:00,220755908330
2016-09-06 00:00:00,220755908330
2016-09-07 00:00:00,220755908330
2016-09-08 00:00:00,220755908330
2016-09-09 00:00:00,220755908330
2016-09-10 00:00:00,220755908330
2016-09-11 00:00:00,220755908330
2016-09-12 00:00:00,224586991479.859
2016-09-13 00:00:00,225832872179
2016-09-14 00:00:00,225832872179
2016-09-15 00:00:00,225832872179
2016-09-16 00:00:00,225832872179
2016-09-17 00:00:00,225832872179
2016-09-18 00:00:00,225832872179
2016-09-19 00:00:00,225832872179
2016-09-20 00:00:00,225832872179
2016-09-21 00:00:00,225832872179
2016-09-22 00:00:00,225832872179
2016-09-23 00:00:00,225832872179
2016-09-24 00:00:00,225832872179
2016-09-25 00:00:00,234688749067.978
2016-09-26 00:00:00,241227200229
2016-09-27 00:00:00,241227200229
2016-09-28 00:00:00,241227200229
2016-09-29 00:00:00,241227200229
2016-09-30 00:00:00,241227200229
2016-10-01 00:00:00,241227200229
2016-10-02 00:00:00,241227200229
2016-10-03 00:00:00,241227200229
2016-10-04 00:00:00,241227200229
2016-10-05 00:00:00,241227200229
2016-10-06 00:00:00,241227200229
2016-10-07 00:00:00,241227200229
2016-10-08 00:00:00,250540187707.846
2016-10-09 00:00:00,258522748404
2016-10-10 00:00:00,258522748404
2016-10-11 00:00:00,258522748404
2016-10-12 00:00:00,258522748404
2016-10-13 00:00:00,258522748404
2016-10-14 00:00:00,258522748404
2016-10-15 00:00:00,258522748404
2016-10-16 00:00:00,258522748404
2016-10-17 00:00:00,258522748404
2016-10-18 00:00:00,258522748404
2016-10-19 00:00:00,258522748404
2016-10-20 00:00:00,258522748404
2016-10-21 00:00:00,258522748404
2016-10-22 00:00:00,257535264827.557
2016-10-23 00:00:00,253618246641
2016-10-24 00:00:00,253618246641
2016-10-25 00:00:00,253618246641
2016-10-26 00:00:00,253618246641
2016-10-27 00:00:00,253618246641
2016-10-28 00:00:00,253618246641
2016-10-29 00:00:00,253618246641
2016-10-30 00:00:00,253618246641
2016-10-31 00:00:00,253618246641
2016-11-01 00:00:00,253618246641
2016-11-02 00:00:00,253618246641
2016-11-03 00:00:00,253618246641
2016-11-04 00:00:00,253618246641
2016-11-05 00:00:00,253967917207.953
2016-11-06 00:00:00,254620187304
2016-11-07 00:00:00,254620187304
2016-11-08 00:00:00,254620187304
2016-11-09 00:00:00,254620187304
2016-11-10 00:00:00,254620187304
2016-11-11 00:00:00,254620187304
2016-11-12 00:00:00,254620187304
2016-11-13 00:00:00,254620187304
2016-11-14 00:00:00,254620187304
2016-11-15 00:00:00,254620187304
2016-11-16 00:00:00,254620187304
2016-11-17 00:00:00,254620187304
2016-11-18 00:00:00,272434584596.115
2016-11-19 00:00:00,281800917193
2016-11-20 00:00:00,281800917193
2016-11-21 00:00:00,281800917193
2016-11-22 00:00:00,281800917193
2016-11-23 00:00:00,281800917193
2016-11-24 00:00:00,281800917193
2016-11-25 00:00:00,281800917193
2016-11-26 00:00:00,281800917193
2016-11-27 00:00:00,281800917193
2016-11-28 00:00:00,281800917193
2016-11-29 00:00:00,281800917193
2016-11-30 00:00:00,281800917193
2016-12-01 00:00:00,281800917193
2016-12-02 00:00:00,286179638739.035
2016-12-03 00:00:00,286765766820
2016-12-04 00:00:00,286765766820
2016-12-05 00:00:00,286765766820
2016-12-06 00:00:00,286765766820
2016-12-07 00:00:00,286765766820
2016-12-08 00:00:00,286765766820
2016-12-09 00:00:00,286765766820
2016-12-10 00:00:00,286765766820
2016-12-11 00:00:00,286765766820
2016-12-12 00:00:00,286765766820
2016-12-13 00:00:00,286765766820
2016-12-14 00:00:00,286765766820
2016-12-15 00:00:00,308312273901.189
2016-12-16 00:00:00,310153855703
2016-12-17 00:00:00,310153855703
2016-12-18 00:00:00,310153855703
2016-12-19 00:00:00,310153855703
2016-12-20 00:00:00,310153855703
2016-12-21 00:00:00,310153855703
2016-12-22 00:00:00,310153855703
2016-12-23 00:00:00,310153855703
2016-12-24 00:00:00,310153855703
2016-12-25 00:00:00,310153855703
2016-12-26 00:00:00,310153855703
2016-12-27 00:00:00,310153855703
2016-12-28 00:00:00,312083434211.183
2016-12-29 00:00:00,317688400354
2016-12-30 00:00:00,317688400354
2016-12-31 00:00:00,317688400354
2017-01-01 00:00:00,317688400354
2017-01-02 00:00:00,317688400354
2017-01-03 00:00:00,317688400354
2017-01-04 00:00:00,317688400354
2017-01-05 00:00:00,317688400354
2017-01-06 00:00:00,317688400354
2017-01-07 00:00:00,317688400354
2017-01-08 00:00:00,317688400354
2017-01-09 00:00:00,317688400354
2017-01-10 00:00:00,319489481520.344
2017-01-11 00:00:00,336899932795
2017-01-12 00:00:00,336899932795
2017-01-13 00:00:00,336899932795
2017-01-14 00:00:00,336899932795
2017-01-15 00:00:00,336899932795
2017-01-16 00:00:00,336899932795
2017-01-17 00:00:00,336899932795
2017-01-18 00:00:00,336899932795
2017-01-19 00:00:00,336899932795
2017-01-20 00:00:00,336899932795
2017-01-21 00:00:00,336899932795
2017-01-22 00:00:00,339477557142.08
2017-01-23 00:00:00,392963262344
2017-01-24 00:00:00,392963262344
2017-01-25 00:00:00,392963262344
2017-01-26 00:00:00,392963262344
2017-01-27 00:00:00,392963262344
2017-01-28 00:00:00,392963262344
2017-01-29 00:00:00,392963262344
2017-01-30 00:00:00,392963262344
2017-01-31 00:00:00,392963262344
2017-02-01 00:00:00,392963262344
2017-02-02 00:00:00,392963262344
2017-02-03 00:00:00,392963262344
2017-02-04 00:00:00,393567551403.428
2017-02-05 00:00:00,422170566883
2017-02-06 00:00:00,422170566883
2017-02-07 00:00:00,422170566883
2017-02-08 00:00:00,422170566883
2017-02-09 00:00:00,422170566883
2017-02-10 00:00:00,422170566883
2017-02-11 00:00:00,422170566883
2017-02-12 00:00:00,422170566883
2017-02-13 00:00:00,422170566883
2017-02-14 00:00:00,422170566883
2017-02-15 00:00:00,422170566883
2017-02-16 00:00:00,422170566883
2017-02-17 00:00:00,422170566883
2017-02-18 00:00:00,432944392642.632
2017-02-19 00:00:00,440779902286
2017-02-20 00:00:00,440779902286
2017-02-21 00:00:00,440779902286
2017-02-22 00:00:00,440779902286
2017-02-23 00:00:00,440779902286
2017-02-24 00:00:00,440779902286
2017-02-25 00:00:00,440779902286
2017-02-26 00:00:00,440779902286
2017-02-27 00:00:00,440779902286
2017-02-28 00:00:00,440779902286
2017-03-01 00:00:00,440779902286
2017-03-02 00:00:00,440779902286
2017-03-03 00:00:00,445545600358.477
2017-03-04 00:00:00,460769358090
2017-03-05 00:00:00,460769358090
2017-03-06 00:00:00,460769358090
2017-03-07 00:00:00,460769358090
2017-03-08 00:00:00,460769358090
2017-03-09 00:00:00,460769358090
2017-03-10 00:00:00,460769358090
2017-03-11 00:00:00,460769358090
2017-03-12 00:00:00,460769358090
2017-03-13 00:00:00,460769358090
2017-03-14 00:00:00,460769358090
2017-03-15 00:00:00,460769358090
2017-03-16 00:00:00,460769358090
2017-03-17 00:00:00,469886043903.468
2017-03-18 00:00:00,475705205061
2017-03-19 00:00:00,475705205061
2017-03-20 00:00:00,475705205061
2017-03-21 00:00:00,475705205061
2017-03-22 00:00:00,475705205061
2017-03-23 00:00:00,475705205061
2017-03-24 00:00:00,475705205061
2017-03-25 00:00:00,475705205061
2017-03-26 00:00:00,475705205061
2017-03-27 00:00:00,475705205061
2017-03-28 00:00:00,475705205061
2017-03-29 00:00:00,475705205061
2017-03-30 00:00:00,482855238676.823
2017-03-31 00:00:00,499635929816
2017-04-01 00:00:00,499635929816
2017-04-02 00:00:00,499635929816
2017-04-03 00:00:00,499635929816
2017-04-04 00:00:00,499635929816
2017-04-05 00:00:00,499635929816
2017-04-06 00:00:00,499635929816
2017-04-07 00:00:00,499635929816
2017-04-08 00:00:00,499635929816
2017-04-09 00:00:00,499635929816
2017-04-10 00:00:00,499635929816
2017-04-11 00:00:00,499635929816
2017-04-12 00:00:00,499635929816
2017-04-13 00:00:00,517807877351.858
2017-04-14 00:00:00,520808749422
2017-04-15 00:00:00,520808749422
2017-04-16 00:00:00,520808749422
2017-04-17 00:00:00,520808749422
2017-04-18 00:00:00,520808749422
2017-04-19 00:00:00,520808749422
2017-04-20 00:00:00,520808749422
2017-04-21 00:00:00,520808749422
2017-04-22 00:00:00,520808749422
2017-04-23 00:00:00,520808749422
2017-04-24 00:00:00,520808749422
2017-04-25 00:00:00,520808749422
2017-04-26 00:00:00,520808749422
2017-04-27 00:00:00,521839702599.075
2017-04-28 00:00:00,521974519553
2017-04-29 00:00:00,521974519553
2017-04-30 00:00:00,521974519553
2017-05-01 00:00:00,521974519553
2017-05-02 00:00:00,521974519553
2017-05-03 00:00:00,521974519553
2017-05-04 00:00:00,521974519553
2017-05-05 00:00:00,521974519553
2017-05-06 00:00:00,521974519553
2017-05-07 00:00:00,521974519553
2017-05-08 00:00:00,521974519553
2017-05-09 00:00:00,521974519553
2017-05-10 00:00:00,555092980096.736
2017-05-11 00:00:00,559970892890
2017-05-12 00:00:00,559970892890
2017-05-13 00:00:00,559970892890
2017-05-14 00:00:00,559970892890
2017-05-15 00:00:00,559970892890
2017-05-16 00:00:00,559970892890
2017-05-17 00:00:00,559970892890
2017-05-18 00:00:00,559970892890
2017-05-19 00:00:00,559970892890
2017-05-20 00:00:00,559970892890
2017-05-21 00:00:00,559970892890
2017-05-22 00:00:00,559970892890
2017-05-23 00:00:00,584152236544.97
2017-05-24 00:00:00,595921917085
2017-05-25 00:00:00,595921917085
2017-05-26 00:00:00,595921917085
2017-05-27 00:00:00,595921917085
2017-05-28 00:00:00,595921917085
2017-05-29 00:00:00,595921917085
2017-05-30 00:00:00,595921917085
2017-05-31 00:00:00,595921917085
2017-06-01 00:00:00,595921917085
2017-06-02 00:00:00,595921917085
2017-06-03 00:00:00,595921917085
2017-06-04 00:00:00,628336862170.783
2017-06-05 00:00:00,678760110082
2017-06-06 00:00:00,678760110082
2017-06-07 00:00:00,678760110082
2017-06-08 00:00:00,678760110082
2017-06-09 00:00:00,678760110082
2017-06-10 00:00:00,678760110082
2017-06-11 00:00:00,678760110082
2017-06-12 00:00:00,678760110082
2017-06-13 00:00:00,678760110082
2017-06-14 00:00:00,678760110082
2017-06-15 00:00:00,678760110082
2017-06-16 00:00:00,678760110082
2017-06-17 00:00:00,679668719408.648
2017-06-18 00:00:00,711697198173
2017-06-19 00:00:00,711697198173
2017-06-20 00:00:00,711697198173
2017-06-21 00:00:00,711697198173
2017-06-22 00:00:00,711697198173
2017-06-23 00:00:00,711697198173
2017-06-24 00:00:00,711697198173
2017-06-25 00:00:00,711697198173
2017-06-26 00:00:00,711697198173
2017-06-27 00:00:00,711697198173
2017-06-28 00:00:00,711697198173
2017-06-29 00:00:00,711697198173
2017-06-30 00:00:00,711697198173
2017-07-01 00:00:00,711697198173
2017-07-02 00:00:00,708707940675.899
2017-07-03 00:00:00,708659466230
2017-07-04 00:00:00,708659466230
2017-07-05 00:00:00,708659466230
2017-07-06 00:00:00,708659466230
2017-07-07 00:00:00,708659466230
2017-07-08 00:00:00,708659466230
2017-07-09 00:00:00,708659466230
2017-07-10 00:00:00,708659466230
2017-07-11 00:00:00,708659466230
2017-07-12 00:00:00,708659466230
2017-07-13 00:00:00,708659466230
2017-07-14 00:00:00,761764941640.259
2017-07-15 00:00:00,804525194568
2017-07-16 00:00:00,804525194568
2017-07-17 00:00:00,804525194568
2017-07-18 00:00:00,804525194568
2017-07-19 00:00:00,804525194568
2017-07-20 00:00:00,804525194568
2017-07-21 00:00:00,804525194568
2017-07-22 00:00:00,804525194568
2017-07-23 00:00:00,804525194568
2017-07-24 00:00:00,804525194568
2017-07-25 00:00:00,804525194568
2017-07-26 00:00:00,804525194568
2017-07-27 00:00:00,836351931635.429
2017-07-28 00:00:00,860221984436
2017-07-29 00:00:00,860221984436
2017-07-30 00:00:00,860221984436
2017-07-31 00:00:00,860221984436
2017-08-01 00:00:00,860221984436
2017-08-02 00:00:00,860221984436
2017-08-03 00:00:00,860221984436
2017-08-04 00:00:00,860221984436
2017-08-05 00:00:00,860221984436
2017-08-06 00:00:00,860221984436
2017-08-07 00:00:00,860221984436
2017-08-08 00:00:00,860221984436
2017-08-09 00:00:00,888074709977.536
2017-08-10 00:00:00,923233068448
2017-08-11 00:00:00,923233068448
2017-08-12 00:00:00,923233068448
2017-08-13 00:00:00,923233068448
2017-08-14 00:00:00,923233068448
2017-08-15 00:00:00,923233068448
2017-08-16 00:00:00,923233068448
2017-08-17 00:00:00,923233068448
2017-08-18 00:00:00,923233068448
2017-08-19 00:00:00,923233068448
2017-08-20 00:00:00,923233068448
2017-08-21 00:00:00,923233068448
2017-08-22 00:00:00,923233068448
2017-08-23 00:00:00,923233068448
2017-08-24 00:00:00,891643263404.624
2017-08-25 00:00:00,888171856257
2017-08-26 00:00:00,888171856257
2017-08-27 00:00:00,888171856257
2017-08-28 00:00:00,888171856257
2017-08-29 00:00:00,888171856257
2017-08-30 00:00:00,888171856257
2017-08-31 00:00:00,888171856257
2017-09-01 00:00:00,888171856257
2017-09-02 00:00:00,888171856257
2017-09-03 00:00:00,888171856257
2017-09-04 00:00:00,888171856257
2017-09-05 00:00:00,888171856257
2017-09-06 00:00:00,903315386418.901
2017-09-07 00:00:00,922724699725
2017-09-08 00:00:00,922724699725
2017-09-09 00:00:00,922724699725
2017-09-10 00:00:00,922724699725
2017-09-11 00:00:00,922724699725
2017-09-12 00:00:00,922724699725
2017-09-13 00:00:00,922724699725
2017-09-14 00:00:00,922724699725
2017-09-15 00:00:00,922724699725
2017-09-16 00:00:00,922724699725
2017-09-17 00:00:00,922724699725
2017-09-18 00:00:00,1052185622754.52
2017-09-19 00:00:00,1103400932964
2017-09-20 00:00:00,1103400932964
2017-09-21 00:00:00,1103400932964
2017-09-22 00:00:00,1103400932964
2017-09-23 00:00:00,1103400932964
2017-09-24 00:00:00,1103400932964
2017-09-25 00:00:00,1103400932964
2017-09-26 00:00:00,1103400932964
2017-09-27 00:00:00,1103400932964
2017-09-28 00:00:00,1103400932964
2017-09-29 00:00:00,1103400932964
2017-09-30 00:00:00,1103400932964
2017-10-01 00:00:00,1103400932964
2017-10-02 00:00:00,1123590453769.76
2017-10-03 00:00:00,1123863285132
2017-10-04 00:00:00,1123863285132
2017-10-05 00:00:00,1123863285132
2017-10-06 00:00:00,1123863285132
2017-10-07 00:00:00,1123863285132
2017-10-08 00:00:00,1123863285132
2017-10-09 00:00:00,1123863285132
2017-10-10 00:00:00,1123863285132
2017-10-11 00:00:00,1123863285132
2017-10-12 00:00:00,1123863285132
2017-10-13 00:00:00,1123863285132
2017-10-14 00:00:00,1123863285132
2017-10-15 00:00:00,1182954806242.91
2017-10-16 00:00:00,1196792694098
2017-10-17 00:00:00,1196792694098
2017-10-18 00:00:00,1196792694098
2017-10-19 00:00:00,1196792694098
2017-10-20 00:00:00,1196792694098
2017-10-21 00:00:00,1196792694098
2017-10-22 00:00:00,1196792694098
2017-10-23 00:00:00,1196792694098
2017-10-24 00:00:00,1196792694098
2017-10-25 00:00:00,1196792694098
2017-10-26 00:00:00,1233777273049.23
2017-10-27 00:00:00,1452839779145
2017-10-28 00:00:00,1452839779145
2017-10-29 00:00:00,1452839779145
2017-10-30 00:00:00,1452839779145
2017-10-31 00:00:00,1452839779145
2017-11-01 00:00:00,1452839779145
2017-11-02 00:00:00,1452839779145
2017-11-03 00:00:00,1452839779145
2017-11-04 00:00:00,1452839779145
2017-11-05 00:00:00,1452839779145
2017-11-06 00:00:00,1452839779145
2017-11-07 00:00:00,1452839779145
2017-11-08 00:00:00,1452839779145
2017-11-09 00:00:00,1452839779145
2017-11-10 00:00:00,1423367213138.33
2017-11-11 00:00:00,1364422081125
2017-11-12 00:00:00,1364422081125
2017-11-13 00:00:00,1364422081125
2017-11-14 00:00:00,1364422081125
2017-11-15 00:00:00,1364422081125
2017-11-16 00:00:00,1364422081125
2017-11-17 00:00:00,1364422081125
2017-11-18 00:00:00,1364422081125
2017-11-19 00:00:00,1364422081125
2017-11-20 00:00:00,1364422081125
2017-11-21 00:00:00,1364422081125
2017-11-22 00:00:00,1364422081125
2017-11-23 00:00:00,1364422081125
2017-11-24 00:00:00,1361966821649.11
2017-11-25 00:00:00,1347001430558
2017-11-26 00:00:00,1347001430558
2017-11-27 00:00:00,1347001430558
2017-11-28 00:00:00,1347001430558
2017-11-29 00:00:00,1347001430558
2017-11-30 00:00:00,1347001430558
2017-12-01 00:00:00,1347001430558
2017-12-02 00:00:00,1347001430558
2017-12-03 00:00:00,1347001430558
2017-12-04 00:00:00,1347001430558
2017-12-05 00:00:00,1347001430558
2017-12-06 00:00:00,1407975304733
2017-12-07 00:00:00,1590896927258
2017-12-08 00:00:00,1590896927258
2017-12-09 00:00:00,1590896927258
2017-12-10 00:00:00,1590896927258
2017-12-11 00:00:00,1590896927258
2017-12-12 00:00:00,1590896927258
2017-12-13 00:00:00,1590896927258
2017-12-14 00:00:00,1590896927258
2017-12-15 00:00:00,1590896927258
2017-12-16 00:00:00,1590896927258
2017-12-17 00:00:00,1590896927258
2017-12-18 00:00:00,1718045833483.09
2017-12-19 00:00:00,1873105475221
2017-12-20 00:00:00,1873105475221
2017-12-21 00:00:00,1873105475221
2017-12-22 00:00:00,1873105475221
2017-12-23 00:00:00,1873105475221
2017-12-24 00:00:00,1873105475221
2017-12-25 00:00:00,1873105475221
2017-12-26 00:00:00,1873105475221
2017-12-27 00:00:00,1873105475221
2017-12-28 00:00:00,1873105475221
2017-12-29 00:00:00,1873105475221
2017-12-30 00:00:00,1873105475221
2017-12-31 00:00:00,1873105475221
2018-01-01 00:00:00,1922580604979.83
2018-01-02 00:00:00,1931136454487
2018-01-03 00:00:00,1931136454487
2018-01-04 00:00:00,1931136454487
2018-01-05 00:00:00,1931136454487
2018-01-06 00:00:00,1931136454487
2018-01-07 00:00:00,1931136454487
2018-01-08 00:00:00,1931136454487
2018-01-09 00:00:00,1931136454487
2018-01-10 00:00:00,1931136454487
2018-01-11 00:00:00,1931136454487
2018-01-12 00:00:00,1931136454487
2018-01-13 00:00:00,2134254177773.12
2018-01-14 00:00:00,2227847638503
2018-01-15 00:00:00,2227847638503
2018-01-16 00:00:00,2227847638503
2018-01-17 00:00:00,2227847638503
2018-01-18 00:00:00,2227847638503
2018-01-19 00:00:00,2227847638503
2018-01-20 00:00:00,2227847638503
2018-01-21 00:00:00,2227847638503
2018-01-22 00:00:00,2227847638503
2018-01-23 00:00:00,2227847638503
2018-01-24 00:00:00,2227847638503
2018-01-25 00:00:00,2460585023617.37
2018-01-26 00:00:00,2603077300218
2018-01-27 00:00:00,2603077300218
2018-01-28 00:00:00,2603077300218
2018-01-29 00:00:00,2603077300218
2018-01-30 00:00:00,2603077300218
2018-01-31 00:00:00,2603077300218
2018-02-01 00:00:00,2603077300218
2018-02-02 00:00:00,2603077300218
2018-02-03 00:00:00,2603077300218
2018-02-04 00:00:00,2603077300218
2018-02-05 00:00:00,2603077300218
2018-02-06 00:00:00,2607870187292.06
2018-02-07 00:00:00,2874674234415
2018-02-08 00:00:00,2874674234415
2018-02-09 00:00:00,2874674234415
2018-02-10 00:00:00,2874674234415
2018-02-11 00:00:00,2874674234415
2018-02-12 00:00:00,2874674234415
2018-02-13 00:00:00,2874674234415
2018-02-14 00:00:00,2874674234415
2018-02-15 00:00:00,2874674234415
2018-02-16 00:00:00,2874674234415
2018-02-17 00:00:00,2874674234415
2018-02-18 00:00:00,2874674234415
2018-02-19 00:00:00,2874674234415
2018-02-20 00:00:00,2967853337743.98
2018-02-21 00:00:00,3007383866429
2018-02-22 00:00:00,3007383866429
2018-02-23 00:00:00,3007383866429
2018-02-24 00:00:00,3007383866429
2018-02-25 00:00:00,3007383866429
2018-02-26 00:00:00,3007383866429
2018-02-27 00:00:00,3007383866429
2018-02-28 00:00:00,3007383866429
2018-03-01 00:00:00,3007383866429
2018-03-02 00:00:00,3007383866429
2018-03-03 00:00:00,3007383866429
2018-03-04 00:00:00,3007383866429
2018-03-05 00:00:00,3233581400367.21
2018-03-06 00:00:00,3290605988755
2018-03-07 00:00:00,3290605988755
2018-03-08 00:00:00,3290605988755
2018-03-09 00:00:00,3290605988755
2018-03-10 00:00:00,3290605988755
2018-03-11 00:00:00,3290605988755
2018-03-12 00:00:00,3290605988755
2018-03-13 00:00:00,3290605988755
2018-03-14 00:00:00,3290605988755
2018-03-15 00:00:00,3290605988755
2018-03-16 00:00:00,3290605988755
2018-03-17 00:00:00,3290605988755
2018-03-18 00:00:00,3381698122495.93
2018-03-19 00:00:00,3462542391191
2018-03-20 00:00:00,3462542391191
2018-03-21 00:00:00,3462542391191
2018-03-22 00:00:00,3462542391191
2018-03-23 00:00:00,3462542391191
2018-03-24 00:00:00,3462542391191
2018-03-25 00:00:00,3462542391191
2018-03-26 00:00:00,3462542391191
2018-03-27 00:00:00,3462542391191
2018-03-28 00:00:00,3462542391191
2018-03-29 00:00:00,3462542391191
2018-03-30 00:00:00,3462542391191
2018-03-31 00:00:00,3462542391191
2018-04-01 00:00:00,3494288842678.95
2018-04-02 00:00:00,3511060552899
2018-04-03 00:00:00,3511060552899
2018-04-04 00:00:00,3511060552899
2018-04-05 00:00:00,3511060552899
2018-04-06 00:00:00,3511060552899
2018-04-07 00:00:00,3511060552899
2018-04-08 00:00:00,3511060552899
2018-04-09 00:00:00,3511060552899
2018-04-10 00:00:00,3511060552899
2018-04-11 00:00:00,3511060552899
2018-04-12 00:00:00,3511060552899
2018-04-13 00:00:00,3511060552899
2018-04-14 00:00:00,3796188328004.62
2018-04-15 00:00:00,3839316899029
2018-04-16 00:00:00,3839316899029
2018-04-17 00:00:00,3839316899029
2018-04-18 00:00:00,3839316899029
2018-04-19 00:00:00,3839316899029
2018-04-20 00:00:00,3839316899029
2018-04-21 00:00:00,3839316899029
2018-04-22 00:00:00,3839316899029
2018-04-23 00:00:00,3839316899029
2018-04-24 00:00:00,3839316899029
2018-04-25 00:00:00,3839316899029
2018-04-26 00:00:00,3839316899029
2018-04-27 00:00:00,3943557223451.08
2018-04-28 00:00:00,4022059196164
2018-04-29 00:00:00,4022059196164
2018-04-30 00:00:00,4022059196164
2018-05-01 00:00:00,4022059196164
2018-05-02 00:00:00,4022059196164
2018-05-03 00:00:00,4022059196164
2018-05-04 00:00:00,4022059196164
2018-05-05 00:00:00,4022059196164
2018-05-06 00:00:00,4022059196164
2018-05-07 00:00:00,4022059196164
2018-05-08 00:00:00,4022059196164
2018-05-09 00:00:00,4022059196164
2018-05-10 00:00:00,4022059196164
2018-05-11 00:00:00,4138123233245.81
2018-05-12 00:00:00,4143878474754
2018-05-13 00:00:00,4143878474754
2018-05-14 00:00:00,4143878474754
2018-05-15 00:00:00,4143878474754
2018-05-16 00:00:00,4143878474754
2018-05-17 00:00:00,4143878474754
2018-05-18 00:00:00,4143878474754
2018-05-19 00:00:00,4143878474754
2018-05-20 00:00:00,4143878474754
2018-05-21 00:00:00,4143878474754
2018-05-22 00:00:00,4143878474754
2018-05-23 00:00:00,4143878474754
2018-05-24 00:00:00,4219142059012.62
2018-05-25 00:00:00,4306949573981
2018-05-26 00:00:00,4306949573981
2018-05-27 00:00:00,4306949573981
2018-05-28 00:00:00,4306949573981
2018-05-29 00:00:00,4306949573981
2018-05-30 00:00:00,4306949573981
2018-05-31 00:00:00,4306949573981
2018-06-01 00:00:00,4306949573981
2018-06-02 00:00:00,4306949573981
2018-06-03 00:00:00,4306949573981
2018-06-04 00:00:00,4306949573981
2018-06-05 00:00:00,4415593341673.57
2018-06-06 00:00:00,4940704885521
2018-06-07 00:00:00,4940704885521
2018-06-08 00:00:00,4940704885521
2018-06-09 00:00:00,4940704885521
2018-06-10 00:00:00,4940704885521
2018-06-11 00:00:00,4940704885521
2018-06-12 00:00:00,4940704885521
2018-06-13 00:00:00,4940704885521
2018-06-14 00:00:00,4940704885521
2018-06-15 00:00:00,4940704885521
2018-06-16 00:00:00,4940704885521
2018-06-17 00:00:00,4940704885521
2018-06-18 00:00:00,4940704885521
2018-06-19 00:00:00,5024546460933.97
2018-06-20 00:00:00,5077499034879
2018-06-21 00:00:00,5077499034879
2018-06-22 00:00:00,5077499034879
2018-06-23 00:00:00,5077499034879
2018-06-24 00:00:00,5077499034879
2018-06-25 00:00:00,5077499034879
2018-06-26 00:00:00,5077499034879
2018-06-27 00:00:00,5077499034879
2018-06-28 00:00:00,5077499034879
2018-06-29 00:00:00,5077499034879
2018-06-30 00:00:00,5077499034879
2018-07-01 00:00:00,5077499034879
2018-07-02 00:00:00,5172892177079.67
2018-07-03 00:00:00,5363678461481
2018-07-04 00:00:00,5363678461481
2018-07-05 00:00:00,5363678461481
2018-07-06 00:00:00,5363678461481
2018-07-07 00:00:00,5363678461481
2018-07-08 00:00:00,5363678461481
2018-07-09 00:00:00,5363678461481
2018-07-10 00:00:00,5363678461481
2018-07-11 00:00:00,5363678461481
2018-07-12 00:00:00,5363678461481
2018-07-13 00:00:00,5363678461481
2018-07-14 00:00:00,5363678461481
2018-07-15 00:00:00,5363678461481
2018-07-16 00:00:00,5363678461481
2018-07-17 00:00:00,5199615302174.91
2018-07-18 00:00:00,5178671069072
2018-07-19 00:00:00,5178671069072
2018-07-20 00:00:00,5178671069072
2018-07-21 00:00:00,5178671069072
2018-07-22 00:00:00,5178671069072
2018-07-23 00:00:00,5178671069072
2018-07-24 00:00:00,5178671069072
2018-07-25 00:00:00,5178671069072
2018-07-26 00:00:00,5178671069072
2018-07-27 00:00:00,5178671069072
2018-07-28 00:00:00,5178671069072
2018-07-29 00:00:00,5595791656327.32
2018-07-30 00:00:00,5949437371609
2018-07-31 00:00:00,5949437371609
2018-08-01 00:00:00,5949437371609
2018-08-02 00:00:00,5949437371609
2018-08-03 00:00:00,5949437371609
2018-08-04 00:00:00,5949437371610
2018-08-05 00:00:00,5949437371610
2018-08-06 00:00:00,5949437371610
2018-08-07 00:00:00,5949437371610
2018-08-08 00:00:00,5949437371610
2018-08-09 00:00:00,5949437371610
2018-08-10 00:00:00,5949437371610
2018-08-11 00:00:00,6197839919507.6
2018-08-12 00:00:00,6389316883512
2018-08-13 00:00:00,6389316883512
2018-08-14 00:00:00,6389316883512
2018-08-15 00:00:00,6389316883512
2018-08-16 00:00:00,6389316883512
2018-08-17 00:00:00,6389316883512
2018-08-18 00:00:00,6389316883512
2018-08-19 00:00:00,6389316883512
2018-08-20 00:00:00,6389316883512
2018-08-21 00:00:00,6389316883512
2018-08-22 00:00:00,6389316883512
2018-08-23 00:00:00,6389316883512
2018-08-24 00:00:00,6505039002077.41
2018-08-25 00:00:00,6727225469723
2018-08-26 00:00:00,6727225469723
2018-08-27 00:00:00,6727225469723
2018-08-28 00:00:00,6727225469723
2018-08-29 00:00:00,6727225469723
2018-08-30 00:00:00,6727225469723
2018-08-31 00:00:00,6727225469723
2018-09-01 00:00:00,6727225469723
2018-09-02 00:00:00,6727225469723
2018-09-03 00:00:00,6727225469723
2018-09-04 00:00:00,6727225469723
2018-09-05 00:00:00,6727225469723
2018-09-06 00:00:00,6727225469723
2018-09-07 00:00:00,6971177230937.86
2018-09-08 00:00:00,7019199231177
2018-09-09 00:00:00,7019199231177
2018-09-10 00:00:00,7019199231177
2018-09-11 00:00:00,7019199231177
2018-09-12 00:00:00,7019199231177
2018-09-13 00:00:00,7019199231177
2018-09-14 00:00:00,7019199231177
2018-09-15 00:00:00,7019199231177
2018-09-16 00:00:00,7019199231177
2018-09-17 00:00:00,7019199231177
2018-09-18 00:00:00,7019199231177
2018-09-19 00:00:00,7019199231177
2018-09-20 00:00:00,7031329605788.73
2018-09-21 00:00:00,7152633351906
2018-09-22 00:00:00,7152633351906
2018-09-23 00:00:00,7152633351906
2018-09-24 00:00:00,7152633351906
2018-09-25 00:00:00,7152633351906
2018-09-26 00:00:00,7152633351906
2018-09-27 00:00:00,7152633351906
2018-09-28 00:00:00,7152633351906
2018-09-29 00:00:00,7152633351906
2018-09-30 00:00:00,7152633351906
2018-10-01 00:00:00,7152633351906
2018-10-02 00:00:00,7152633351906
2018-10-03 00:00:00,7152633351906
2018-10-04 00:00:00,7364268059355.9
2018-10-05 00:00:00,7454968648263
2018-10-06 00:00:00,7454968648263
2018-10-07 00:00:00,7454968648263
2018-10-08 00:00:00,7454968648263
2018-10-09 00:00:00,7454968648263
2018-10-10 00:00:00,7454968648263
2018-10-11 00:00:00,7454968648263
2018-10-12 00:00:00,7454968648263
2018-10-13 00:00:00,7454968648263
2018-10-14 00:00:00,7454968648263
2018-10-15 00:00:00,7454968648263
2018-10-16 00:00:00,7454968648263
2018-10-17 00:00:00,7454968648263
2018-10-18 00:00:00,7427362643331.48
2018-10-19 00:00:00,7182852313938
2018-10-20 00:00:00,7182852313938
2018-10-21 00:00:00,7182852313938
2018-10-22 00:00:00,7182852313938
2018-10-23 00:00:00,7182852313938
2018-10-24 00:00:00,7182852313938
2018-10-25 00:00:00,7182852313938
2018-10-26 00:00:00,7182852313938
2018-10-27 00:00:00,7182852313938
2018-10-28 00:00:00,7182852313938
2018-10-29 00:00:00,7182852313938
2018-10-30 00:00:00,7182852313938
2018-10-31 00:00:00,7182852313938
2018-11-01 00:00:00,7183013626017.38
2018-11-02 00:00:00,7184404942702
2018-11-03 00:00:00,7184404942702
2018-11-04 00:00:00,7184404942702
2018-11-05 00:00:00,7184404942702
2018-11-06 00:00:00,7184404942702
2018-11-07 00:00:00,7184404942702
2018-11-08 00:00:00,7184404942702
2018-11-09 00:00:00,7184404942702
2018-11-10 00:00:00,7184404942702
2018-11-11 00:00:00,7184404942702
2018-11-12 00:00:00,7184404942702
2018-11-13 00:00:00,7184404942702
2018-11-14 00:00:00,7184404942702
2018-11-15 00:00:00,7184404942702
2018-11-16 00:00:00,7175974755379.84
2018-11-17 00:00:00,6653303141406
2018-11-18 00:00:00,6653303141406
2018-11-19 00:00:00,6653303141406
2018-11-20 00:00:00,6653303141406
2018-11-21 00:00:00,6653303141406
2018-11-22 00:00:00,6653303141406
2018-11-23 00:00:00,6653303141406
2018-11-24 00:00:00,6653303141406
2018-11-25 00:00:00,6653303141406
2018-11-26 00:00:00,6653303141406
2018-11-27 00:00:00,6653303141406
2018-11-28 00:00:00,6653303141406
2018-11-29 00:00:00,6653303141406
2018-11-30 00:00:00,6653303141406
2018-12-01 00:00:00,6653303141406
2018-12-02 00:00:00,6653303141406
2018-12-03 00:00:00,6194015746026.25
2018-12-04 00:00:00,5646403851535
2018-12-05 00:00:00,5646403851535
2018-12-06 00:00:00,5646403851535
2018-12-07 00:00:00,5646403851535
2018-12-08 00:00:00,5646403851535
2018-12-09 00:00:00,5646403851535
2018-12-10 00:00:00,5646403851535
2018-12-11 00:00:00,5646403851535
2018-12-12 00:00:00,5646403851535
2018-12-13 00:00:00,5646403851535
2018-12-14 00:00:00,5646403851535
2018-12-15 00:00:00,5646403851535
2018-12-16 00:00:00,5646403851535
2018-12-17 00:00:00,5646403851535
2018-12-18 00:00:00,5621092245587.73
2018-12-19 00:00:00,5106422924660
2018-12-20 00:00:00,5106422924660
2018-12-21 00:00:00,5106422924660
2018-12-22 00:00:00,5106422924660
2018-12-23 00:00:00,5106422924660
2018-12-24 00:00:00,5106422924660
2018-12-25 00:00:00,5106422924660
2018-12-26 00:00:00,5106422924660
2018-12-27 00:00:00,5106422924660
2018-12-28 00:00:00,5106422924660
2018-12-29 00:00:00,5106422924660
2018-12-30 00:00:00,5106422924660
2018-12-31 00:00:00,5248509606855.48
2019-01-01 00:00:00,5618595848853
2019-01-02 00:00:00,5618595848853
2019-01-03 00:00:00,5618595848853
2019-01-04 00:00:00,5618595848853
2019-01-05 00:00:00,5618595848853
2019-01-06 00:00:00,5618595848853
2019-01-07 00:00:00,5618595848853
2019-01-08 00:00:00,5618595848853
2019-01-09 00:00:00,5618595848853
2019-01-10 00:00:00,5618595848853
2019-01-11 00:00:00,5618595848853
2019-01-12 00:00:00,5618595848853
2019-01-13 00:00:00,5618595848853
2019-01-14 00:00:00,5862614531725.31
2019-01-15 00:00:00,5883988430955
2019-01-16 00:00:00,5883988430955
2019-01-17 00:00:00,5883988430955
2019-01-18 00:00:00,5883988430955
2019-01-19 00:00:00,5883988430955
2019-01-20 00:00:00,5883988430955
2019-01-21 00:00:00,5883988430955
2019-01-22 00:00:00,5883988430955
2019-01-23 00:00:00,5883988430955
2019-01-24 00:00:00,5883988430955
2019-01-25 00:00:00,5883988430955
2019-01-26 00:00:00,5883988430955
2019-01-27 00:00:00,5883988430955
2019-01-28 00:00:00,5836655168808.54
2019-01-29 00:00:00,5814661935892
2019-01-30 00:00:00,5814661935892
2019-01-31 00:00:00,5814661935892
2019-02-01 00:00:00,5814661935892
2019-02-02 00:00:00,5814661935892
2019-02-03 00:00:00,5814661935892
2019-02-04 00:00:00,5814661935892
2019-02-05 00:00:00,5814661935892
2019-02-06 00:00:00,5814661935892
2019-02-07 00:00:00,5814661935892
2019-02-08 00:00:00,5814661935892
2019-02-09 00:00:00,5814661935892
2019-02-10 00:00:00,5894008795042.54
2019-02-11 00:00:00,6061518831027
2019-02-12 00:00:00,6061518831027
2019-02-13 00:00:00,6061518831027
2019-02-14 00:00:00,6061518831027
2019-02-15 00:00:00,6061518831027
2019-02-16 00:00:00,6061518831027
2019-02-17 00:00:00,6061518831027
2019-02-18 00:00:00,6061518831027
2019-02-19 00:00:00,6061518831027
2019-02-20 00:00:00,6061518831027
2019-02-21 00:00:00,6061518831027
2019-02-22 00:00:00,6061518831027
2019-02-23 00:00:00,6061518831027
2019-02-24 00:00:00,6064081790460.55
2019-02-25 00:00:00,6071846049921
2019-02-26 00:00:00,6071846049921
2019-02-27 00:00:00,6071846049921
2019-02-28 00:00:00,6071846049921
2019-03-01 00:00:00,6071846049921
2019-03-02 00:00:00,6071846049921
2019-03-03 00:00:00,6071846049921
2019-03-04 00:00:00,6071846049921
2019-03-05 00:00:00,6071846049921
2019-03-06 00:00:00,6071846049921
2019-03-07 00:00:00,6071846049921
2019-03-08 00:00:00,6071846049921
2019-03-09 00:00:00,6071846049921
2019-03-10 00:00:00,6071216044486.62
2019-03-11 00:00:00,6068891541677
2019-03-12 00:00:00,6068891541677
2019-03-13 00:00:00,6068891541677
2019-03-14 00:00:00,6068891541677
2019-03-15 00:00:00,6068891541677
2019-03-16 00:00:00,6068891541677
2019-03-17 00:00:00,6068891541677
2019-03-18 00:00:00,6068891541677
2019-03-19 00:00:00,6068891541677
2019-03-20 00:00:00,6068891541677
2019-03-21 00:00:00,6068891541677
2019-03-22 00:00:00,6068891541677
2019-03-23 00:00:00,6068891541677
2019-03-24 00:00:00,6368919654419.87
2019-03-25 00:00:00,6379265451411
2019-03-26 00:00:00,6379265451411
2019-03-27 00:00:00,6379265451411
2019-03-28 00:00:00,6379265451411
2019-03-29 00:00:00,6379265451411
2019-03-30 00:00:00,6379265451411
2019-03-31 00:00:00,6379265451411
2019-04-01 00:00:00,6379265451411
2019-04-02 00:00:00,6379265451411
2019-04-03 00:00:00,6379265451411
2019-04-04 00:00:00,6379265451411
2019-04-05 00:00:00,6379265451411
2019-04-06 00:00:00,6379562392399.29
2019-04-07 00:00:00,6393023717202
2019-04-08 00:00:00,6393023717202
2019-04-09 00:00:00,6393023717202
2019-04-10 00:00:00,6393023717202
2019-04-11 00:00:00,6393023717202
2019-04-12 00:00:00,6393023717202
2019-04-13 00:00:00,6393023717202
2019-04-14 00:00:00,6393023717202
2019-04-15 00:00:00,6393023717202
2019-04-16 00:00:00,6393023717202
2019-04-17 00:00:00,6393023717202
2019-04-18 00:00:00,6393023717202
2019-04-19 00:00:00,6393023717202
2019-04-20 00:00:00,6393023717202
2019-04-21 00:00:00,6357721118108.33
2019-04-22 00:00:00,6353030562984
2019-04-23 00:00:00,6353030562984
2019-04-24 00:00:00,6353030562984
2019-04-25 00:00:00,6353030562984
2019-04-26 00:00:00,6353030562984
2019-04-27 00:00:00,6353030562984
2019-04-28 00:00:00,6353030562984
2019-04-29 00:00:00,6353030562984
2019-04-30 00:00:00,6353030562984
2019-05-01 00:00:00,6353030562984
2019-05-02 00:00:00,6353030562984
2019-05-03 00:00:00,6353030562984
2019-05-04 00:00:00,6554050172254.76
2019-05-05 00:00:00,6702169884349
2019-05-06 00:00:00,6702169884349
2019-05-07 00:00:00,6702169884349
2019-05-08 00:00:00,6702169884349
2019-05-09 00:00:00,6702169884349
2019-05-10 00:00:00,6702169884349
2019-05-11 00:00:00,6702169884349
2019-05-12 00:00:00,6702169884349
2019-05-13 00:00:00,6702169884349
2019-05-14 00:00:00,6702169884349
2019-05-15 00:00:00,6702169884349
2019-05-16 00:00:00,6702169884349
2019-05-17 00:00:00,6702169884349
2019-05-18 00:00:00,6703779555092.79
2019-05-19 00:00:00,6704632680587
2019-05-20 00:00:00,6704632680587
2019-05-21 00:00:00,6704632680587
2019-05-22 00:00:00,6704632680587
2019-05-23 00:00:00,6704632680587
2019-05-24 00:00:00,6704632680587
2019-05-25 00:00:00,6704632680587
2019-05-26 00:00:00,6704632680587
2019-05-27 00:00:00,6704632680587
2019-05-28 00:00:00,6704632680587
2019-05-29 00:00:00,6704632680587
2019-05-30 00:00:00,6747104132834.47
2019-05-31 00:00:00,7459680720542
2019-06-01 00:00:00,7459680720542
2019-06-02 00:00:00,7459680720542
2019-06-03 00:00:00,7459680720542
2019-06-04 00:00:00,7459680720542
2019-06-05 00:00:00,7459680720542
2019-06-06 00:00:00,7459680720542
2019-06-07 00:00:00,7459680720542
2019-06-08 00:00:00,7459680720542
2019-06-09 00:00:00,7459680720542
2019-06-10 00:00:00,7459680720542
2019-06-11 00:00:00,7459680720542
2019-06-12 00:00:00,7459680720542
2019-06-13 00:00:00,7459680720542
2019-06-14 00:00:00,7411481913588.01
2019-06-15 00:00:00,7409399249090
2019-06-16 00:00:00,7409399249090
2019-06-17 00:00:00,7409399249090
2019-06-18 00:00:00,7409399249090
2019-06-19 00:00:00,7409399249090
2019-06-20 00:00:00,7409399249090
2019-06-21 00:00:00,7409399249090
2019-06-22 00:00:00,7409399249090
2019-06-23 00:00:00,7409399249090
2019-06-24 00:00:00,7409399249090
2019-06-25 00:00:00,7409399249090
2019-06-26 00:00:00,7409399249090
2019-06-27 00:00:00,7868124124773.69
2019-06-28 00:00:00,7934713219631
2019-06-29 00:00:00,7934713219631
2019-06-30 00:00:00,7934713219631
2019-07-01 00:00:00,7934713219631
2019-07-02 00:00:00,7934713219631
2019-07-03 00:00:00,7934713219631
2019-07-04 00:00:00,7934713219631
2019-07-05 00:00:00,7934713219631
2019-07-06 00:00:00,7934713219631
2019-07-07 00:00:00,7934713219631
2019-07-08 00:00:00,7934713219631
2019-07-09 00:00:00,8587445349569.57
2019-07-10 00:00:00,9064159826491
2019-07-11 00:00:00,9064159826491
2019-07-12 00:00:00,9064159826491
2019-07-13 00:00:00,9064159826491
2019-07-14 00:00:00,9064159826491
2019-07-15 00:00:00,9064159826491
2019-07-16 00:00:00,9064159826491
2019-07-17 00:00:00,9064159826491
2019-07-18 00:00:00,9064159826491
2019-07-19 00:00:00,9064159826491
2019-07-20 00:00:00,9064159826491
2019-07-21 00:00:00,9064159826491
2019-07-22 00:00:00,9064159826491
2019-07-23 00:00:00,9033161130737.77
2019-07-24 00:00:00,9013786945892
2019-07-25 00:00:00,9013786945892
2019-07-26 00:00:00,9013786945892
2019-07-27 00:00:00,9013786945892
2019-07-28 00:00:00,9013786945892
2019-07-29 00:00:00,9013786945892
2019-07-30 00:00:00,9013786945892
2019-07-31 00:00:00,9013786945892
2019-08-01 00:00:00,9013786945892
2019-08-02 00:00:00,9013786945892
2019-08-03 00:00:00,9013786945892
2019-08-04 00:00:00,9013786945892
2019-08-05 00:00:00,9890230141833.76
2019-08-06 00:00:00,9985348008060
2019-08-07 00:00:00,9985348008060
2019-08-08 00:00:00,9985348008060
2019-08-09 00:00:00,9985348008060
2019-08-10 00:00:00,9985348008060
2019-08-11 00:00:00,9985348008060
2019-08-12 00:00:00,9985348008060
2019-08-13 00:00:00,9985348008060
2019-08-14 00:00:00,9985348008060
2019-08-15 00:00:00,9985348008060
2019-08-16 00:00:00,9985348008060
2019-08-17 00:00:00,9985348008060
2019-08-18 00:00:00,10016798869144.1
2019-08-19 00:00:00,10183488432890
2019-08-20 00:00:00,10183488432890
2019-08-21 00:00:00,10183488432890
2019-08-22 00:00:00,10183488432890
2019-08-23 00:00:00,10183488432890
2019-08-24 00:00:00,10183488432890
2019-08-25 00:00:00,10183488432890
2019-08-26 00:00:00,10183488432890
2019-08-27 00:00:00,10183488432890
2019-08-28 00:00:00,10183488432890
2019-08-29 00:00:00,10183488432890
2019-08-30 00:00:00,10183488432890
2019-08-31 00:00:00,10183488432890
2019-09-01 00:00:00,10685572378039.5
2019-09-02 00:00:00,10771996663680
2019-09-03 00:00:00,10771996663680
2019-09-04 00:00:00,10771996663680
2019-09-05 00:00:00,10771996663680
2019-09-06 00:00:00,10771996663680
2019-09-07 00:00:00,10771996663680
2019-09-08 00:00:00,10771996663680
2019-09-09 00:00:00,10771996663680
2019-09-10 00:00:00,10771996663680
2019-09-11 00:00:00,10771996663680
2019-09-12 00:00:00,10771996663680
2019-09-13 00:00:00,10958429712866
2019-09-14 00:00:00,11890594958796
2019-09-15 00:00:00,11890594958796
2019-09-16 00:00:00,11890594958796
2019-09-17 00:00:00,11890594958796
2019-09-18 00:00:00,11890594958796
2019-09-19 00:00:00,11890594958796
2019-09-20 00:00:00,11890594958796
2019-09-21 00:00:00,11890594958796
2019-09-22 00:00:00,11890594958796
2019-09-23 00:00:00,11890594958796
2019-09-24 00:00:00,11890594958796
2019-09-25 00:00:00,11890594958796
2019-09-26 00:00:00,12017674556107.8
2019-09-27 00:00:00,12759819404409
2019-09-28 00:00:00,12759819404409
2019-09-29 00:00:00,12759819404409
2019-09-30 00:00:00,12759819404409
2019-10-01 00:00:00,12759819404409
2019-10-02 00:00:00,12759819404409
2019-10-03 00:00:00,12759819404409
2019-10-04 00:00:00,12759819404409
2019-10-05 00:00:00,12759819404409
2019-10-06 00:00:00,12759819404409
2019-10-07 00:00:00,12759819404409
2019-10-08 00:00:00,12759819404409
2019-10-09 00:00:00,12759819404409
2019-10-10 00:00:00,12874760266706.7
2019-10-11 00:00:00,13008091666972
2019-10-12 00:00:00,13008091666972
2019-10-13 00:00:00,13008091666972
2019-10-14 00:00:00,13008091666972
2019-10-15 00:00:00,13008091666972
2019-10-16 00:00:00,13008091666972
2019-10-17 00:00:00,13008091666972
2019-10-18 00:00:00,13008091666972
2019-10-19 00:00:00,13008091666972
2019-10-20 00:00:00,13008091666972
2019-10-21 00:00:00,13008091666972
2019-10-22 00:00:00,13008091666972
2019-10-23 00:00:00,13069108485875.8
2019-10-24 00:00:00,13691480038694
2019-10-25 00:00:00,13691480038694
2019-10-26 00:00:00,13691480038694
2019-10-27 00:00:00,13691480038694
2019-10-28 00:00:00,13691480038694
2019-10-29 00:00:00,13691480038694
2019-10-30 00:00:00,13691480038694
2019-10-31 00:00:00,13691480038694
2019-11-01 00:00:00,13691480038694
2019-11-02 00:00:00,13691480038694
2019-11-03 00:00:00,13691480038694
2019-11-04 00:00:00,13691480038694
2019-11-05 00:00:00,13691480038694
2019-11-06 00:00:00,13691480038694
2019-11-07 00:00:00,13669891710442.8
2019-11-08 00:00:00,12720005267391
2019-11-09 00:00:00,12720005267391
2019-11-10 00:00:00,12720005267391
2019-11-11 00:00:00,12720005267391
2019-11-12 00:00:00,12720005267391
2019-11-13 00:00:00,12720005267391
2019-11-14 00:00:00,12720005267391
2019-11-15 00:00:00,12720005267391
2019-11-16 00:00:00,12720005267391
2019-11-17 00:00:00,12720005267391
2019-11-18 00:00:00,12720005267391
2019-11-19 00:00:00,12720005267391
2019-11-20 00:00:00,12720005267391
2019-11-21 00:00:00,12795789637885.7
2019-11-22 00:00:00,12973235968800
2019-11-23 00:00:00,12973235968800
2019-11-24 00:00:00,12973235968800
2019-11-25 00:00:00,12973235968800
2019-11-26 00:00:00,12973235968800
2019-11-27 00:00:00,12973235968800
2019-11-28 00:00:00,12973235968800
2019-11-29 00:00:00,12973235968800
2019-11-30 00:00:00,12973235968800
2019-12-01 00:00:00,12973235968800
2019-12-02 00:00:00,12973235968800
2019-12-03 00:00:00,12973235968800
2019-12-04 00:00:00,12973235968800
2019-12-05 00:00:00,12955951549096.1
2019-12-06 00:00:00,12876842089682
2019-12-07 00:00:00,12876842089682
2019-12-08 00:00:00,12876842089682
2019-12-09 00:00:00,12876842089682
2019-12-10 00:00:00,12876842089682
2019-12-11 00:00:00,12876842089682
2019-12-12 00:00:00,12876842089682
2019-12-13 00:00:00,12876842089682
2019-12-14 00:00:00,12876842089682
2019-12-15 00:00:00,12876842089682
2019-12-16 00:00:00,12876842089682
2019-12-17 00:00:00,12876842089682
2019-12-18 00:00:00,12876842089682
2019-12-19 00:00:00,12892837609390.5
2019-12-20 00:00:00,12948593420946
2019-12-21 00:00:00,12948593420946
2019-12-22 00:00:00,12948593420946
2019-12-23 00:00:00,12948593420946
2019-12-24 00:00:00,12948593420946
2019-12-25 00:00:00,12948593420946
2019-12-26 00:00:00,12948593420946
2019-12-27 00:00:00,12948593420946
2019-12-28 00:00:00,12948593420946
2019-12-29 00:00:00,12948593420946
2019-12-30 00:00:00,12948593420946
2019-12-31 00:00:00,12948593420946
2020-01-01 00:00:00,13031658000898.2
2020-01-02 00:00:00,13798783827516
2020-01-03 00:00:00,13798783827516
2020-01-04 00:00:00,13798783827516
2020-01-05 00:00:00,13798783827516
2020-01-06 00:00:00,13798783827516
2020-01-07 00:00:00,13798783827516
2020-01-08 00:00:00,13798783827516
2020-01-09 00:00:00,13798783827516
2020-01-10 00:00:00,13798783827516
2020-01-11 00:00:00,13798783827516
2020-01-12 00:00:00,13798783827516
2020-01-13 00:00:00,13798783827516
2020-01-14 00:00:00,13819009697340.3
2020-01-15 00:00:00,14776367535689
2020-01-16 00:00:00,14776367535689
2020-01-17 00:00:00,14776367535689
2020-01-18 00:00:00,14776367535689
2020-01-19 00:00:00,14776367535689
2020-01-20 00:00:00,14776367535689
2020-01-21 00:00:00,14776367535689
2020-01-22 00:00:00,14776367535689
2020-01-23 00:00:00,14776367535689
2020-01-24 00:00:00,14776367535689
2020-01-25 00:00:00,14776367535689
2020-01-26 00:00:00,14776367535689
2020-01-27 00:00:00,14776367535689
2020-01-28 00:00:00,15203806713070.7
2020-01-29 00:00:00,15466098935555
2020-01-30 00:00:00,15466098935555
2020-01-31 00:00:00,15466098935555
2020-02-01 00:00:00,15466098935555
2020-02-02 00:00:00,15466098935555
2020-02-03 00:00:00,15466098935555
2020-02-04 00:00:00,15466098935555
2020-02-05 00:00:00,15466098935555
2020-02-06 00:00:00,15466098935555
2020-02-07 00:00:00,15466098935555
2020-02-08 00:00:00,15466098935555
2020-02-09 00:00:00,15466098935555
2020-02-10 00:00:00,15466098935555
2020-02-11 00:00:00,15521134947902.1
2020-02-12 00:00:00,15546745765529
2020-02-13 00:00:00,15546745765529
2020-02-14 00:00:00,15546745765529
2020-02-15 00:00:00,15546745765529
2020-02-16 00:00:00,15546745765529
2020-02-17 00:00:00,15546745765529
2020-02-18 00:00:00,15546745765529
2020-02-19 00:00:00,15546745765529
2020-02-20 00:00:00,15546745765529
2020-02-21 00:00:00,15546745765529
2020-02-22 00:00:00,15546745765529
2020-02-23 00:00:00,15546745765529
2020-02-24 00:00:00,15546745765529
2020-02-25 00:00:00,15509350562256.5
2020-02-26 00:00:00,15486913440293
2020-02-27 00:00:00,15486913440293
2020-02-28 00:00:00,15486913440293
2020-02-29 00:00:00,15486913440293
2020-03-01 00:00:00,15486913440293
2020-03-02 00:00:00,15486913440293
2020-03-03 00:00:00,15486913440293
2020-03-04 00:00:00,15486913440293
2020-03-05 00:00:00,15486913440293
2020-03-06 00:00:00,15486913440293
2020-03-07 00:00:00,15486913440293
2020-03-08 00:00:00,15486913440293
2020-03-09 00:00:00,16076772598590.7
2020-03-10 00:00:00,16552923967337
2020-03-11 00:00:00,16552923967337
2020-03-12 00:00:00,16552923967337
2020-03-13 00:00:00,16552923967337
2020-03-14 00:00:00,16552923967337
2020-03-15 00:00:00,16552923967337
2020-03-16 00:00:00,16552923967337
2020-03-17 00:00:00,16552923967337
2020-03-18 00:00:00,16552923967337
2020-03-19 00:00:00,16552923967337
2020-03-20 00:00:00,16552923967337
2020-03-21 00:00:00,16552923967337
2020-03-22 00:00:00,16552923967337
2020-03-23 00:00:00,16552923967337
2020-03-24 00:00:00,16552923967337
2020-03-25 00:00:00,16552923967337
2020-03-26 00:00:00,14143559041805.2
2020-03-27 00:00:00,13912524048946
2020-03-28 00:00:00,13912524048946
2020-03-29 00:00:00,13912524048946
2020-03-30 00:00:00,13912524048946
2020-03-31 00:00:00,13912524048946
2020-04-01 00:00:00,13912524048946
2020-04-02 00:00:00,13912524048946
2020-04-03 00:00:00,13912524048946
2020-04-04 00:00:00,13912524048946
2020-04-05 00:00:00,13912524048946
2020-04-06 00:00:00,13912524048946
2020-04-07 00:00:00,13912524048946
2020-04-08 00:00:00,14397482597688.1
2020-04-09 00:00:00,14715214060657
2020-04-10 00:00:00,14715214060657
2020-04-11 00:00:00,14715214060657
2020-04-12 00:00:00,14715214060657
2020-04-13 00:00:00,14715214060657
2020-04-14 00:00:00,14715214060657
2020-04-15 00:00:00,14715214060657
2020-04-16 00:00:00,14715214060657
2020-04-17 00:00:00,14715214060657
2020-04-18 00:00:00,14715214060657
2020-04-19 00:00:00,14715214060657
2020-04-20 00:00:00,14715214060657
2020-04-21 00:00:00,15624843397592.5
2020-04-22 00:00:00,15958652328578
2020-04-23 00:00:00,15958652328578
2020-04-24 00:00:00,15958652328578
2020-04-25 00:00:00,15958652328578
2020-04-26 00:00:00,15958652328578
2020-04-27 00:00:00,15958652328578
2020-04-28 00:00:00,15958652328578
2020-04-29 00:00:00,15958652328578
2020-04-30 00:00:00,15958652328578
2020-05-01 00:00:00,15958652328578
2020-05-02 00:00:00,15958652328578
2020-05-03 00:00:00,15958652328578
2020-05-04 00:00:00,15958652328578
2020-05-05 00:00:00,16079831604277.9
2020-05-06 00:00:00,16104807485529
2020-05-07 00:00:00,16104807485529
2020-05-08 00:00:00,16104807485529
2020-05-09 00:00:00,16104807485529
2020-05-10 00:00:00,16104807485529
2020-05-11 00:00:00,16104807485529
2020-05-12 00:00:00,16104807485529
2020-05-13 00:00:00,16104807485529
2020-05-14 00:00:00,16104807485529
2020-05-15 00:00:00,16104807485529
2020-05-16 00:00:00,16104807485529
2020-05-17 00:00:00,16104807485529
2020-05-18 00:00:00,16104807485529
2020-05-19 00:00:00,16104807485529
2020-05-20 00:00:00,15213703057048.3
2020-05-21 00:00:00,15138043247083
2020-05-22 00:00:00,15138043247083
2020-05-23 00:00:00,15138043247083
2020-05-24 00:00:00,15138043247083
2020-05-25 00:00:00,15138043247083
2020-05-26 00:00:00,15138043247083
2020-05-27 00:00:00,15138043247083
2020-05-28 00:00:00,15138043247083
2020-05-29 00:00:00,15138043247083
2020-05-30 00:00:00,15138043247083
2020-05-31 00:00:00,15138043247083
2020-06-01 00:00:00,15138043247083
2020-06-02 00:00:00,15138043247083
2020-06-03 00:00:00,15138043247083
2020-06-04 00:00:00,14477089134396.8
2020-06-05 00:00:00,13732352106018
2020-06-06 00:00:00,13732352106018
2020-06-07 00:00:00,13732352106018
2020-06-08 00:00:00,13732352106018
2020-06-09 00:00:00,13732352106018
2020-06-10 00:00:00,13732352106018
2020-06-11 00:00:00,13732352106018
2020-06-12 00:00:00,13732352106018
2020-06-13 00:00:00,13732352106018
2020-06-14 00:00:00,13732352106018
2020-06-15 00:00:00,13732352106018
2020-06-16 00:00:00,14265974077877.3
2020-06-17 00:00:00,15784744305477
2020-06-18 00:00:00,15784744305477
2020-06-19 00:00:00,15784744305477
2020-06-20 00:00:00,15784744305477
2020-06-21 00:00:00,15784744305477
2020-06-22 00:00:00,15784744305477
2020-06-23 00:00:00,15784744305477
2020-06-24 00:00:00,15784744305477
2020-06-25 00:00:00,15784744305477
2020-06-26 00:00:00,15784744305477
2020-06-27 00:00:00,15784744305477
2020-06-28 00:00:00,15784744305477
2020-06-29 00:00:00,15784744305477
2020-06-30 00:00:00,15784618886622.5
2020-07-01 00:00:00,15784217546288
2020-07-02 00:00:00,15784217546288
2020-07-03 00:00:00,15784217546288
2020-07-04 00:00:00,15784217546288
2020-07-05 00:00:00,15784217546288
2020-07-06 00:00:00,15784217546288
2020-07-07 00:00:00,15784217546288
2020-07-08 00:00:00,15784217546288
2020-07-09 00:00:00,15784217546288
2020-07-10 00:00:00,15784217546288
2020-07-11 00:00:00,15784217546288
2020-07-12 00:00:00,15784217546288
2020-07-13 00:00:00,16570395220715.7
2020-07-14 00:00:00,17345948872516
2020-07-15 00:00:00,17345948872516
2020-07-16 00:00:00,17345948872516
2020-07-17 00:00:00,17345948872516
2020-07-18 00:00:00,17345948872516
2020-07-19 00:00:00,17345948872516
2020-07-20 00:00:00,17345948872516
2020-07-21 00:00:00,17345948872516
2020-07-22 00:00:00,17345948872516
2020-07-23 00:00:00,17345948872516
2020-07-24 00:00:00,17345948872516
2020-07-25 00:00:00,17345948872516
2020-07-26 00:00:00,17345948872516
2020-07-27 00:00:00,17309155182109.1
2020-07-28 00:00:00,16847561611550
2020-07-29 00:00:00,16847561611550
2020-07-30 00:00:00,16847561611550
2020-07-31 00:00:00,16847561611550
2020-08-01 00:00:00,16847561611550
2020-08-02 00:00:00,16847561611550
2020-08-03 00:00:00,16847561611550
2020-08-04 00:00:00,16847561611550
2020-08-05 00:00:00,16847561611550
2020-08-06 00:00:00,16847561611550
2020-08-07 00:00:00,16847561611550
2020-08-08 00:00:00,16847561611550
2020-08-09 00:00:00,16847561611550
2020-08-10 00:00:00,16871707187017.9
2020-08-11 00:00:00,16947802333947
2020-08-12 00:00:00,16947802333947
2020-08-13 00:00:00,16947802333947
2020-08-14 00:00:00,16947802333947
2020-08-15 00:00:00,16947802333947
2020-08-16 00:00:00,16947802333947
2020-08-17 00:00:00,16947802333947
2020-08-18 00:00:00,16947802333947
2020-08-19 00:00:00,16947802333947
2020-08-20 00:00:00,16947802333947
2020-08-21 00:00:00,16947802333947
2020-08-22 00:00:00,16947802333947
2020-08-23 00:00:00,16947802333947
2020-08-24 00:00:00,17340945336075.322
2020-08-25 00:00:00,17557993035167
2020-08-26 00:00:00,17557993035167
2020-08-27 00:00:00,17557993035167
2020-08-28 00:00:00,17557993035167
2020-08-29 00:00:00,17557993035167
2020-08-30 00:00:00,17557993035167
2020-08-31 00:00:00,17557993035167
2020-09-01 00:00:00,17557993035167
2020-09-02 00:00:00,17557993035167
2020-09-03 00:00:00,17557993035167
2020-09-04 00:00:00,17557993035167
2020-09-05 00:00:00,17557993035167
2020-09-06 00:00:00,17557993035167
2020-09-07 00:00:00,17445332713343.377
2020-09-08 00:00:00,17345997805929
2020-09-09 00:00:00,17345997805929
2020-09-10 00:00:00,17345997805929
2020-09-11 00:00:00,17345997805929
2020-09-12 00:00:00,17345997805929
2020-09-13 00:00:00,17345997805929
2020-09-14 00:00:00,17345997805929
2020-09-15 00:00:00,17345997805929
2020-09-16 00:00:00,17345997805929
2020-09-17 00:00:00,17345997805929
2020-09-18 00:00:00,17345997805929
2020-09-19 00:00:00,17345997805929
2020-09-20 00:00:00,19148290888758.86
2020-09-21 00:00:00,19314656404097
2020-09-22 00:00:00,19314656404097
2020-09-23 00:00:00,19314656404097
2020-09-24 00:00:00,19314656404097
2020-09-25 00:00:00,19314656404097
2020-09-26 00:00:00,19314656404097
2020-09-27 00:00:00,19314656404097
2020-09-28 00:00:00,19314656404097
2020-09-29 00:00:00,19314656404097
2020-09-30 00:00:00,19314656404097
2020-10-01 00:00:00,19314656404097
2020-10-02 00:00:00,19314656404097
2020-10-03 00:00:00,19314656404097
2020-10-04 00:00:00,19300708897945.594
2020-10-05 00:00:00,19298087186263
2020-10-06 00:00:00,19298087186263
2020-10-07 00:00:00,19298087186263
2020-10-08 00:00:00,19298087186263
2020-10-09 00:00:00,19298087186263
2020-10-10 00:00:00,19298087186263
2020-10-11 00:00:00,19298087186263
2020-10-12 00:00:00,19298087186263
2020-10-13 00:00:00,19298087186263
2020-10-14 00:00:00,19298087186263
2020-10-15 00:00:00,19298087186263
2020-10-16 00:00:00,19298087186263
2020-10-17 00:00:00,19529685517635.715
2020-10-18 00:00:00,19997335994446
2020-10-19 00:00:00,19997335994446
2020-10-20 00:00:00,19997335994446
2020-10-21 00:00:00,19997335994446
2020-10-22 00:00:00,19997335994446
2020-10-23 00:00:00,19997335994446
2020-10-24 00:00:00,19997335994446
2020-10-25 00:00:00,19997335994446
2020-10-26 00:00:00,19997335994446
2020-10-27 00:00:00,19997335994446
2020-10-28 00:00:00,19997335994446
2020-10-29 00:00:00,19997335994446
2020-10-30 00:00:00,19997335994446
2020-10-31 00:00:00,19997335994446
2020-11-01 00:00:00,19997335994446
2020-11-02 00:00:00,19997335994446
2020-11-03 00:00:00,17865273539019.508
2020-11-04 00:00:00,16787779609933
2020-11-05 00:00:00,16787779609933
2020-11-06 00:00:00,16787779609933
2020-11-07 00:00:00,16787779609933
2020-11-08 00:00:00,16787779609933
2020-11-09 00:00:00,16787779609933
2020-11-10 00:00:00,16787779609933
2020-11-11 00:00:00,16787779609933
2020-11-12 00:00:00,16787779609933
2020-11-13 00:00:00,16787779609933
2020-11-14 00:00:00,16787779609933
2020-11-15 00:00:00,16787779609933
2020-11-16 00:00:00,17040598812944.875
2020-11-17 00:00:00,17596801059571
2020-11-18 00:00:00,17596801059571
2020-11-19 00:00:00,17596801059571
2020-11-20 00:00:00,17596801059571
2020-11-21 00:00:00,17596801059571
2020-11-22 00:00:00,17596801059571
2020-11-23 00:00:00,17596801059571
2020-11-24 00:00:00,17596801059571
2020-11-25 00:00:00,17596801059571
2020-11-26 00:00:00,17596801059571
2020-11-27 00:00:00,17596801059571
2020-11-28 00:00:00,17596801059571
2020-11-29 00:00:00,18158528379021.04
2020-11-30 00:00:00,19157154724710
2020-12-01 00:00:00,19157154724710
2020-12-02 00:00:00,19157154724710
2020-12-03 00:00:00,19157154724710
2020-12-04 00:00:00,19157154724710
2020-12-05 00:00:00,19157154724710
2020-12-06 00:00:00,19157154724710
2020-12-07 00:00:00,19157154724710
2020-12-08 00:00:00,19157154724710
2020-12-09 00:00:00,19157154724710
2020-12-10 00:00:00,19157154724710
2020-12-11 00:00:00,19157154724710
2020-12-12 00:00:00,19157154724710
2020-12-13 00:00:00,19144667899932.82
2020-12-14 00:00:00,18670168558400
2020-12-15 00:00:00,18670168558400
2020-12-16 00:00:00,18670168558400
2020-12-17 00:00:00,18670168558400
2020-12-18 00:00:00,18670168558400
2020-12-19 00:00:00,18670168558400
2020-12-20 00:00:00,18670168558400
2020-12-21 00:00:00,18670168558400
2020-12-22 00:00:00,18670168558400
2020-12-23 00:00:00,18670168558400
2020-12-24 00:00:00,18670168558400
2020-12-25 00:00:00,18670168558400
2020-12-26 00:00:00,18670168558400
2020-12-27 00:00:00,18670168558400
2020-12-28 00:00:00,18600034145237.133
2020-12-29 00:00:00,18599593048299
2020-12-30 00:00:00,18599593048299
2020-12-31 00:00:00,18599593048299
2021-01-01 00:00:00,18599593048299
2021-01-02 00:00:00,18599593048299
2021-01-03 00:00:00,18599593048299
2021-01-04 00:00:00,18599593048299
2021-01-05 00:00:00,18599593048299
2021-01-06 00:00:00,18599593048299
2021-01-07 00:00:00,18599593048299
2021-01-08 00:00:00,18599593048299
2021-01-09 00:00:00,19365166707094.76
2021-01-10 00:00:00,20607418304386
2021-01-11 00:00:00,20607418304386
2021-01-12 00:00:00,20607418304386
2021-01-13 00:00:00,20607418304386
2021-01-14 00:00:00,20607418304386
2021-01-15 00:00:00,20607418304386
2021-01-16 00:00:00,20607418304386
2021-01-17 00:00:00,20607418304386
2021-01-18 00:00:00,20607418304386
2021-01-19 00:00:00,20607418304386
2021-01-20 00:00:00,20607418304386
2021-01-21 00:00:00,20607418304386
2021-01-22 00:00:00,20607418304386
2021-01-23 00:00:00,20737086011821.6
2021-01-24 00:00:00,20823531150112
2021-01-25 00:00:00,20823531150112
2021-01-26 00:00:00,20823531150112
2021-01-27 00:00:00,20823531150112
2021-01-28 00:00:00,20823531150112
2021-01-29 00:00:00,20823531150112
2021-01-30 00:00:00,20823531150112
2021-01-31 00:00:00,20823531150112
2021-02-01 00:00:00,20823531150112
2021-02-02 00:00:00,20823531150112
2021-02-03 00:00:00,20823531150112
2021-02-04 00:00:00,20823531150112
2021-02-05 00:00:00,20823531150112
2021-02-06 00:00:00,21384451039675.535
2021-02-07 00:00:00,21434395961349
2021-02-08 00:00:00,21434395961349
2021-02-09 00:00:00,21434395961349
2021-02-10 00:00:00,21434395961349
2021-02-11 00:00:00,21434395961349
2021-02-12 00:00:00,21434395961349
2021-02-13 00:00:00,21434395961349
2021-02-14 00:00:00,21434395961349
2021-02-15 00:00:00,21434395961349
2021-02-16 00:00:00,21434395961349
2021-02-17 00:00:00,21434395961349
2021-02-18 00:00:00,21434395961349
2021-02-19 00:00:00,21455226865438.4
2021-02-20 00:00:00,21724134900047
2021-02-21 00:00:00,21724134900047
2021-02-22 00:00:00,21724134900047
2021-02-23 00:00:00,21724134900047
2021-02-24 00:00:00,21724134900047
2021-02-25 00:00:00,21724134900047
2021-02-26 00:00:00,21724134900047
2021-02-27 00:00:00,21724134900047
2021-02-28 00:00:00,21724134900047
2021-03-01 00:00:00,21724134900047
2021-03-02 00:00:00,21724134900047
2021-03-03 00:00:00,21724134900047
2021-03-04 00:00:00,21724134900047
2021-03-05 00:00:00,21724134900047
2021-03-06 00:00:00,21473685655440.383
2021-03-07 00:00:00,21448277761060
2021-03-08 00:00:00,21448277761060
2021-03-09 00:00:00,21448277761060
2021-03-10 00:00:00,21448277761060
2021-03-11 00:00:00,21448277761060
2021-03-12 00:00:00,21448277761060
2021-03-13 00:00:00,21448277761060
2021-03-14 00:00:00,21448277761060
2021-03-15 00:00:00,21448277761060
2021-03-16 00:00:00,21448277761060
2021-03-17 00:00:00,21448277761060
2021-03-18 00:00:00,21448277761060
2021-03-19 00:00:00,21524403218194.305
2021-03-20 00:00:00,21865558044611
2021-03-21 00:00:00,21865558044611
2021-03-22 00:00:00,21865558044611
2021-03-23 00:00:00,21865558044611
2021-03-24 00:00:00,21865558044611
2021-03-25 00:00:00,21865558044611
2021-03-26 00:00:00,21865558044611
2021-03-27 00:00:00,21865558044611
2021-03-28 00:00:00,21865558044611
2021-03-29 00:00:00,21865558044611
2021-03-30 00:00:00,21865558044611
2021-03-31 00:00:00,21865558044611
2021-04-01 00:00:00,21865558044611
2021-04-02 00:00:00,23064760716651.37
2021-04-03 00:00:00,23137439666472
2021-04-04 00:00:00,23137439666472
2021-04-05 00:00:00,23137439666472
2021-04-06 00:00:00,23137439666472
2021-04-07 00:00:00,23137439666472
2021-04-08 00:00:00,23137439666472
2021-04-09 00:00:00,23137439666472
2021-04-10 00:00:00,23137439666472
2021-04-11 00:00:00,23137439666472
2021-04-12 00:00:00,23137439666472
2021-04-13 00:00:00,23137439666472
2021-04-14 00:00:00,23137439666472
2021-04-15 00:00:00,23217560568175.21
2021-04-16 00:00:00,23581981443664
2021-04-17 00:00:00,23581981443664
2021-04-18 00:00:00,23581981443664
2021-04-19 00:00:00,23581981443664
2021-04-20 00:00:00,23581981443664
2021-04-21 00:00:00,23581981443664
2021-04-22 00:00:00,23581981443664
2021-04-23 00:00:00,23581981443664
2021-04-24 00:00:00,23581981443664
2021-04-25 00:00:00,23581981443664
2021-04-26 00:00:00,23581981443664
2021-04-27 00:00:00,23581981443664
2021-04-28 00:00:00,23581981443664
2021-04-29 00:00:00,23581981443664
2021-04-30 00:00:00,23581981443664
2021-05-01 00:00:00,23004465874892.836
2021-05-02 00:00:00,20608845737768
2021-05-03 00:00:00,20608845737768
2021-05-04 00:00:00,20608845737768
2021-05-05 00:00:00,20608845737768
2021-05-06 00:00:00,20608845737768
2021-05-07 00:00:00,20608845737768
2021-05-08 00:00:00,20608845737768
2021-05-09 00:00:00,20608845737768
2021-05-10 00:00:00,20608845737768
2021-05-11 00:00:00,20608845737768
2021-05-12 00:00:00,20608845737768
2021-05-13 00:00:00,23227330060562.566
2021-05-14 00:00:00,25046487590083
2021-05-15 00:00:00,25046487590083
2021-05-16 00:00:00,25046487590083
2021-05-17 00:00:00,25046487590083
2021-05-18 00:00:00,25046487590083
2021-05-19 00:00:00,25046487590083
2021-05-20 00:00:00,25046487590083
2021-05-21 00:00:00,25046487590083
2021-05-22 00:00:00,25046487590083
2021-05-23 00:00:00,25046487590083
2021-05-24 00:00:00,25046487590083
2021-05-25 00:00:00,25046487590083
2021-05-26 00:00:00,25046487590083
2021-05-27 00:00:00,25046487590083
2021-05-28 00:00:00,25046487590083
2021-05-29 00:00:00,25046487590083
2021-05-30 00:00:00,21214345448186.625
2021-05-31 00:00:00,21047730572452
2021-06-01 00:00:00,21047730572452
2021-06-02 00:00:00,21047730572452
2021-06-03 00:00:00,21047730572452
2021-06-04 00:00:00,21047730572452
2021-06-05 00:00:00,21047730572452
2021-06-06 00:00:00,21047730572452
2021-06-07 00:00:00,21047730572452
2021-06-08 00:00:00,21047730572452
2021-06-09 00:00:00,21047730572452
2021-06-10 00:00:00,21047730572452
2021-06-11 00:00:00,21047730572452
2021-06-12 00:00:00,21047730572452
2021-06-13 00:00:00,20836567779802.566
2021-06-14 00:00:00,19932791027263
2021-06-15 00:00:00,19932791027263
2021-06-16 00:00:00,19932791027263
2021-06-17 00:00:00,19932791027263
2021-06-18 00:00:00,19932791027263
2021-06-19 00:00:00,19932791027263
2021-06-20 00:00:00,19932791027263
2021-06-21 00:00:00,19932791027263
2021-06-22 00:00:00,19932791027263
2021-06-23 00:00:00,19932791027263
2021-06-24 00:00:00,19932791027263
2021-06-25 00:00:00,19932791027263
2021-06-26 00:00:00,19932791027263
2021-06-27 00:00:00,19932791027263
2021-06-28 00:00:00,19932791027263
2021-06-29 00:00:00,19932791027263
2021-06-30 00:00:00,19932791027263
2021-07-01 00:00:00,19932791027263
2021-07-02 00:00:00,19932791027263
2021-07-03 00:00:00,15634861856766.197
2021-07-04 00:00:00,14363025673660
2021-07-05 00:00:00,14363025673660
2021-07-06 00:00:00,14363025673660
2021-07-07 00:00:00,14363025673660
2021-07-08 00:00:00,14363025673660
2021-07-09 00:00:00,14363025673660
2021-07-10 00:00:00,14363025673660
2021-07-11 00:00:00,14363025673660
2021-07-12 00:00:00,14363025673660
2021-07-13 00:00:00,14363025673660
2021-07-14 00:00:00,14363025673660
2021-07-15 00:00:00,14363025673660
2021-07-16 00:00:00,14363025673660
2021-07-17 00:00:00,14348541098817.076
2021-07-18 00:00:00,13672594272814
2021-07-19 00:00:00,13672594272814
2021-07-20 00:00:00,13672594272814
2021-07-21 00:00:00,13672594272814
2021-07-22 00:00:00,13672594272814
2021-07-23 00:00:00,13672594272814
2021-07-24 00:00:00,13672594272814
2021-07-25 00:00:00,13672594272814
2021-07-26 00:00:00,13672594272814
2021-07-27 00:00:00,13672594272814
2021-07-28 00:00:00,13672594272814
2021-07-29 00:00:00,13672594272814
2021-07-30 00:00:00,13672594272814
2021-07-31 00:00:00,14319158983942.734
2021-08-01 00:00:00,14496442856349
2021-08-02 00:00:00,14496442856349
2021-08-03 00:00:00,14496442856349
2021-08-04 00:00:00,14496442856349
2021-08-05 00:00:00,14496442856349
2021-08-06 00:00:00,14496442856349
2021-08-07 00:00:00,14496442856349
2021-08-08 00:00:00,14496442856349
2021-08-09 00:00:00,14496442856349
2021-08-10 00:00:00,14496442856349
2021-08-11 00:00:00,14496442856349
2021-08-12 00:00:00,14496442856349
2021-08-13 00:00:00,15324761487407.408
2021-08-14 00:00:00,15556093717703
2021-08-15 00:00:00,15556093717703
2021-08-16 00:00:00,15556093717703
2021-08-17 00:00:00,15556093717703
2021-08-18 00:00:00,15556093717703
2021-08-19 00:00:00,15556093717703
2021-08-20 00:00:00,15556093717703
2021-08-21 00:00:00,15556093717703
2021-08-22 00:00:00,15556093717703
2021-08-23 00:00:00,15556093717703
2021-08-24 00:00:00,15556093717703
2021-08-25 00:00:00,16431142929372.8
2021-08-26 00:00:00,17615033039279
2021-08-27 00:00:00,17615033039279
2021-08-28 00:00:00,17615033039279
2021-08-29 00:00:00,17615033039279
2021-08-30 00:00:00,17615033039279
2021-08-31 00:00:00,17615033039279
2021-09-01 00:00:00,17615033039279
2021-09-02 00:00:00,17615033039279
2021-09-03 00:00:00,17615033039279
2021-09-04 00:00:00,17615033039279
2021-09-05 00:00:00,17615033039279
2021-09-06 00:00:00,17615033039279
2021-09-07 00:00:00,17615033039279
2021-09-08 00:00:00,18403887482923.086
2021-09-09 00:00:00,18415156832118
2021-09-10 00:00:00,18415156832118
2021-09-11 00:00:00,18415156832118
2021-09-12 00:00:00,18415156832118
2021-09-13 00:00:00,18415156832118
2021-09-14 00:00:00,18415156832118
2021-09-15 00:00:00,18415156832118
2021-09-16 00:00:00,18415156832118
2021-09-17 00:00:00,18415156832118
2021-09-18 00:00:00,18415156832118
2021-09-19 00:00:00,18415156832118
2021-09-20 00:00:00,18415156832118
2021-09-21 00:00:00,18632996500113.82
2021-09-22 00:00:00,18997641161759
2021-09-23 00:00:00,18997641161759
2021-09-24 00:00:00,18997641161759
2021-09-25 00:00:00,18997641161759
2021-09-26 00:00:00,18997641161759
2021-09-27 00:00:00,18997641161759
2021-09-28 00:00:00,18997641161759
2021-09-29 00:00:00,18997641161759
2021-09-30 00:00:00,18997641161759
2021-10-01 00:00:00,18997641161759
2021-10-02 00:00:00,18997641161759
2021-10-03 00:00:00,18997641161759
2021-10-04 00:00:00,19009120698769.46
2021-10-05 00:00:00,19893045048575
2021-10-06 00:00:00,19893045048575
2021-10-07 00:00:00,19893045048575
2021-10-08 00:00:00,19893045048575
2021-10-09 00:00:00,19893045048575
2021-10-10 00:00:00,19893045048575
2021-10-11 00:00:00,19893045048575
2021-10-12 00:00:00,19893045048575
2021-10-13 00:00:00,19893045048575
2021-10-14 00:00:00,19893045048575
2021-10-15 00:00:00,19893045048575
2021-10-16 00:00:00,19893045048575
2021-10-17 00:00:00,19893045048575
2021-10-18 00:00:00,19917361849675.434
2021-10-19 00:00:00,20082460130831
2021-10-20 00:00:00,20082460130831
2021-10-21 00:00:00,20082460130831
2021-10-22 00:00:00,20082460130831
2021-10-23 00:00:00,20082460130831
2021-10-24 00:00:00,20082460130831
2021-10-25 00:00:00,20082460130831
2021-10-26 00:00:00,20082460130831
2021-10-27 00:00:00,20082460130831
2021-10-28 00:00:00,20082460130831
2021-10-29 00:00:00,20082460130831
2021-10-30 00:00:00,20082460130831
2021-10-31 00:00:00,20286661027549.07
2021-11-01 00:00:00,21659344833265
2021-11-02 00:00:00,21659344833265
2021-11-03 00:00:00,21659344833265
2021-11-04 00:00:00,21659344833265
2021-11-05 00:00:00,21659344833265
2021-11-06 00:00:00,21659344833265
2021-11-07 00:00:00,21659344833265
2021-11-08 00:00:00,21659344833265
2021-11-09 00:00:00,21659344833265
2021-11-10 00:00:00,21659344833265
2021-11-11 00:00:00,21659344833265
2021-11-12 00:00:00,21659344833265
2021-11-13 00:00:00,21659344833265
2021-11-14 00:00:00,22434990744236.72
2021-11-15 00:00:00,22674148233453
2021-11-16 00:00:00,22674148233453
2021-11-17 00:00:00,22674148233453
2021-11-18 00:00:00,22674148233453
2021-11-19 00:00:00,22674148233453
2021-11-20 00:00:00,22674148233453
2021-11-21 00:00:00,22674148233453
2021-11-22 00:00:00,22674148233453
2021-11-23 00:00:00,22674148233453
2021-11-24 00:00:00,22674148233453
2021-11-25 00:00:00,22674148233453
2021-11-26 00:00:00,22674148233453
2021-11-27 00:00:00,22674148233453
2021-11-28 00:00:00,22464723406485.65
2021-11-29 00:00:00,22335659268936
2021-11-30 00:00:00,22335659268936
2021-12-01 00:00:00,22335659268936
2021-12-02 00:00:00,22335659268936
2021-12-03 00:00:00,22335659268936
2021-12-04 00:00:00,22335659268936
2021-12-05 00:00:00,22335659268936
2021-12-06 00:00:00,22335659268936
2021-12-07 00:00:00,22335659268936
2021-12-08 00:00:00,22335659268936
2021-12-09 00:00:00,22335659268936
2021-12-10 00:00:00,22335659268936
2021-12-11 00:00:00,23468677477375.574
2021-12-12 00:00:00,24195286980614
2021-12-13 00:00:00,24195286980614
2021-12-14 00:00:00,24195286980614
2021-12-15 00:00:00,24195286980614
2021-12-16 00:00:00,24195286980614
2021-12-17 00:00:00,24195286980614
2021-12-18 00:00:00,24195286980614
2021-12-19 00:00:00,24195286980614
2021-12-20 00:00:00,24195286980614
2021-12-21 00:00:00,24195286980614
2021-12-22 00:00:00,24195286980614
2021-12-23 00:00:00,24195286980614
2021-12-24 00:00:00,24195286980614
2021-12-25 00:00:00,24242457398797.266
2021-12-26 00:00:00,24272331996980
2021-12-27 00:00:00,24272331996980
2021-12-28 00:00:00,24272331996980
2021-12-29 00:00:00,24272331996980
2021-12-30 00:00:00,24272331996980
2021-12-31 00:00:00,24272331996980
2022-01-01 00:00:00,24272331996980
2022-01-02 00:00:00,24272331996980
2022-01-03 00:00:00,24272331996980
2022-01-04 00:00:00,24272331996980
2022-01-05 00:00:00,24272331996980
2022-01-06 00:00:00,24272331996980
2022-01-07 00:00:00,24272331996980
2022-01-08 00:00:00,24341458814595.277
2022-01-09 00:00:00,24371874614346
2022-01-10 00:00:00,24371874614346
2022-01-11 00:00:00,24371874614346
2022-01-12 00:00:00,24371874614346
2022-01-13 00:00:00,24371874614346
2022-01-14 00:00:00,24371874614346
2022-01-15 00:00:00,24371874614346
2022-01-16 00:00:00,24371874614346
2022-01-17 00:00:00,24371874614346
2022-01-18 00:00:00,24371874614346
2022-01-19 00:00:00,24371874614346
2022-01-20 00:00:00,24371874614346
2022-01-21 00:00:00,26338083826987.223
2022-01-22 00:00:00,26643185256535
2022-01-23 00:00:00,26643185256535
2022-01-24 00:00:00,26643185256535
2022-01-25 00:00:00,26643185256535
2022-01-26 00:00:00,26643185256535
2022-01-27 00:00:00,26643185256535
2022-01-28 00:00:00,26643185256535
2022-01-29 00:00:00,26643185256535
2022-01-30 00:00:00,26643185256535
2022-01-31 00:00:00,26643185256535
2022-02-01 00:00:00,26643185256535
2022-02-02 00:00:00,26643185256535
2022-02-03 00:00:00,26643185256535
2022-02-04 00:00:00,26684698822068.03
2022-02-05 00:00:00,26690525287406
2022-02-06 00:00:00,26690525287406
2022-02-07 00:00:00,26690525287406
2022-02-08 00:00:00,26690525287406
2022-02-09 00:00:00,26690525287406
2022-02-10 00:00:00,26690525287406
2022-02-11 00:00:00,26690525287406
2022-02-12 00:00:00,26690525287406
2022-02-13 00:00:00,26690525287406
2022-02-14 00:00:00,26690525287406
2022-02-15 00:00:00,26690525287406
2022-02-16 00:00:00,26690525287406
2022-02-17 00:00:00,27324773218056.85
