Timestamp,estimated-transaction-volume-usd
2016-02-20 00:00:00,164829105.586379
2016-02-21 00:00:00,155130149.064769
2016-02-22 00:00:00,175824716.044392
2016-02-23 00:00:00,190245913.605889
2016-02-24 00:00:00,166459833.649415
2016-02-25 00:00:00,158802759.624324
2016-02-26 00:00:00,161556646.617677
2016-02-27 00:00:00,159716131.267112
2016-02-28 00:00:00,194346790.470141
2016-02-29 00:00:00,251149091.800806
2016-03-01 00:00:00,280786700.504114
2016-03-02 00:00:00,257919589.155475
2016-03-03 00:00:00,227124993.38604
2016-03-04 00:00:00,177618220.523574
2016-03-05 00:00:00,225966550.392184
2016-03-06 00:00:00,119212822.939554
2016-03-07 00:00:00,145282392.78699
2016-03-08 00:00:00,128237173.938678
2016-03-09 00:00:00,131796667.350886
2016-03-10 00:00:00,139316581.780296
2016-03-11 00:00:00,142675662.970307
2016-03-12 00:00:00,105089496.816756
2016-03-13 00:00:00,88371198.5967914
2016-03-14 00:00:00,128173794.62884
2016-03-15 00:00:00,131369366.52006
2016-03-16 00:00:00,123888279.520397
2016-03-17 00:00:00,127657850.234619
2016-03-18 00:00:00,140011959.369272
2016-03-19 00:00:00,86792272.3163921
2016-03-20 00:00:00,86726517.2391053
2016-03-21 00:00:00,117100197.613189
2016-03-22 00:00:00,132592024.246167
2016-03-23 00:00:00,126621935.841238
2016-03-24 00:00:00,161667115.688744
2016-03-25 00:00:00,134672579.091353
2016-03-26 00:00:00,107992126.100214
2016-03-27 00:00:00,125905670.204794
2016-03-28 00:00:00,140252685.928324
2016-03-29 00:00:00,160761085.527703
2016-03-30 00:00:00,131608349.643574
2016-03-31 00:00:00,140898124.328616
2016-04-01 00:00:00,134537500.663416
2016-04-02 00:00:00,105581306.048956
2016-04-03 00:00:00,88435716.0739488
2016-04-04 00:00:00,135840299.31944
2016-04-05 00:00:00,154494298.335517
2016-04-06 00:00:00,159685598.931054
2016-04-07 00:00:00,189509815.947242
2016-04-08 00:00:00,138824288.075815
2016-04-09 00:00:00,104520518.007936
2016-04-10 00:00:00,103498756.424225
2016-04-11 00:00:00,131917025.617635
2016-04-12 00:00:00,156860496.804597
2016-04-13 00:00:00,133997232.00094
2016-04-14 00:00:00,118403618.032565
2016-04-15 00:00:00,136158701.120764
2016-04-16 00:00:00,86724178.155167
2016-04-17 00:00:00,89932089.3918493
2016-04-18 00:00:00,116994110.42223
2016-04-19 00:00:00,138151940.617625
2016-04-20 00:00:00,137347264.702688
2016-04-21 00:00:00,154376605.429112
2016-04-22 00:00:00,151831375.296929
2016-04-23 00:00:00,99972059.4620559
2016-04-24 00:00:00,103550332.548332
2016-04-25 00:00:00,170035887.746164
2016-04-26 00:00:00,175051268.341551
2016-04-27 00:00:00,168934334.779151
2016-04-28 00:00:00,164047131.988227
2016-04-29 00:00:00,134148664.050803
2016-04-30 00:00:00,92579744.1214576
2016-05-01 00:00:00,88133002.1639054
2016-05-02 00:00:00,131609777.35059
2016-05-03 00:00:00,128092229.867241
2016-05-04 00:00:00,227678717.626651
2016-05-05 00:00:00,128868344.232237
2016-05-06 00:00:00,150035773.319432
2016-05-07 00:00:00,101694588.467367
2016-05-08 00:00:00,76254668.8041011
2016-05-09 00:00:00,138794017.510208
2016-05-10 00:00:00,145647671.147706
2016-05-11 00:00:00,138852415.370788
2016-05-12 00:00:00,149854665.866916
2016-05-13 00:00:00,141919599.102058
2016-05-14 00:00:00,104469849.91189
2016-05-15 00:00:00,99104765.0213349
2016-05-16 00:00:00,138994717.715906
2016-05-17 00:00:00,144428408.162338
2016-05-18 00:00:00,159373784.448942
2016-05-19 00:00:00,165974634.395019
2016-05-20 00:00:00,154720930.825756
2016-05-21 00:00:00,105043285.909485
2016-05-22 00:00:00,85673343.7736499
2016-05-23 00:00:00,127380321.962804
2016-05-24 00:00:00,147794302.053499
2016-05-25 00:00:00,174803333.883309
2016-05-26 00:00:00,164885025.891541
2016-05-27 00:00:00,300392313.16427
2016-05-28 00:00:00,250738586.30222
2016-05-29 00:00:00,218349634.288427
2016-05-30 00:00:00,241119804.228294
2016-05-31 00:00:00,227102554.824102
2016-06-01 00:00:00,198488000.922793
2016-06-02 00:00:00,194112539.742197
2016-06-03 00:00:00,160601009.468127
2016-06-04 00:00:00,135361104.792288
2016-06-05 00:00:00,141793764.106445
2016-06-06 00:00:00,175803037.195709
2016-06-07 00:00:00,195330529.724622
2016-06-08 00:00:00,180814927.1302
2016-06-09 00:00:00,199228765.365582
2016-06-10 00:00:00,235509132.260322
2016-06-11 00:00:00,162244835.709132
2016-06-12 00:00:00,275155425.808166
2016-06-13 00:00:00,320800345.005743
2016-06-14 00:00:00,256120540.898319
2016-06-15 00:00:00,222394465.105347
2016-06-16 00:00:00,450046397.302278
2016-06-17 00:00:00,313165865.407592
2016-06-18 00:00:00,206144868.487391
2016-06-19 00:00:00,154508934.862762
2016-06-20 00:00:00,237206784.336225
2016-06-21 00:00:00,356169310.303524
2016-06-22 00:00:00,321376446.097369
2016-06-23 00:00:00,284618179.196952
2016-06-24 00:00:00,218477120.167494
2016-06-25 00:00:00,149760846.601408
2016-06-26 00:00:00,150791051.867233
2016-06-27 00:00:00,199055373.651594
2016-06-28 00:00:00,204851206.090861
2016-06-29 00:00:00,206884074.071743
2016-06-30 00:00:00,231989270.836016
2016-07-01 00:00:00,194741108.922565
2016-07-02 00:00:00,169929673.904514
2016-07-03 00:00:00,159306740.472836
2016-07-04 00:00:00,165562147.327336
2016-07-05 00:00:00,205876443.302665
2016-07-06 00:00:00,183107563.82569
2016-07-07 00:00:00,215515452.039482
2016-07-08 00:00:00,190072668.311984
2016-07-09 00:00:00,142818088.57251
2016-07-10 00:00:00,102652706.329488
2016-07-11 00:00:00,168883000.517706
2016-07-12 00:00:00,187752086.330805
2016-07-13 00:00:00,188298120.080821
2016-07-14 00:00:00,162291972.803481
2016-07-15 00:00:00,186638357.60104
2016-07-16 00:00:00,130458510.768926
2016-07-17 00:00:00,160525091.73713
2016-07-18 00:00:00,197866721.245931
2016-07-19 00:00:00,156439533.725446
2016-07-20 00:00:00,170220921.866371
2016-07-21 00:00:00,139720440.859401
2016-07-22 00:00:00,165392619.121488
2016-07-23 00:00:00,115059449.184302
2016-07-24 00:00:00,128930332.473687
2016-07-25 00:00:00,137031791.592569
2016-07-26 00:00:00,176818808.322219
2016-07-27 00:00:00,175506620.63206
2016-07-28 00:00:00,168337022.112768
2016-07-29 00:00:00,155222292.486318
2016-07-30 00:00:00,104010266.00728
2016-07-31 00:00:00,148643265.777208
2016-08-01 00:00:00,179607831.910275
2016-08-02 00:00:00,310244260.752019
2016-08-03 00:00:00,196521089.104443
2016-08-04 00:00:00,206097159.659288
2016-08-05 00:00:00,155386008.842639
2016-08-06 00:00:00,113350615.841685
2016-08-07 00:00:00,153369941.983342
2016-08-08 00:00:00,137092319.617967
2016-08-09 00:00:00,147478891.617497
2016-08-10 00:00:00,174758412.072643
2016-08-11 00:00:00,187714014.629294
2016-08-12 00:00:00,151649427.882601
2016-08-13 00:00:00,107861817.666152
2016-08-14 00:00:00,117723115.107671
2016-08-15 00:00:00,121151371.986925
2016-08-16 00:00:00,180903207.515641
2016-08-17 00:00:00,164364852.582978
2016-08-18 00:00:00,144427244.614815
2016-08-19 00:00:00,163856272.461502
2016-08-20 00:00:00,112011435.467294
2016-08-21 00:00:00,79519732.447158
2016-08-22 00:00:00,144303111.47118
2016-08-23 00:00:00,180258018.564356
2016-08-24 00:00:00,158027182.139021
2016-08-25 00:00:00,143380501.255004
2016-08-26 00:00:00,126548713.755308
2016-08-27 00:00:00,97908871.3483146
2016-08-28 00:00:00,81677102.5935288
2016-08-29 00:00:00,146295074.009269
2016-08-30 00:00:00,153671377.365597
2016-08-31 00:00:00,157138022.669795
2016-09-01 00:00:00,158171124.595231
2016-09-02 00:00:00,133402729.238389
2016-09-03 00:00:00,102592239.860787
2016-09-04 00:00:00,111803509.187826
2016-09-05 00:00:00,134025129.128212
2016-09-06 00:00:00,136578787.591771
2016-09-07 00:00:00,141851022.647114
2016-09-08 00:00:00,152571672.222981
2016-09-09 00:00:00,147264804.281444
2016-09-10 00:00:00,100048770.737499
2016-09-11 00:00:00,105076958.787512
2016-09-12 00:00:00,133648709.657427
2016-09-13 00:00:00,143083944.241577
2016-09-14 00:00:00,132875383.951494
2016-09-15 00:00:00,122887826.653529
2016-09-16 00:00:00,116441741.068134
2016-09-17 00:00:00,92192153.8006557
2016-09-18 00:00:00,100458543.643945
2016-09-19 00:00:00,134357326.466812
2016-09-20 00:00:00,146042033.00212
2016-09-21 00:00:00,132006186.045231
2016-09-22 00:00:00,120448102.537121
2016-09-23 00:00:00,146146259.916553
2016-09-24 00:00:00,102277846.976838
2016-09-25 00:00:00,152870734.288329
2016-09-26 00:00:00,154379995.07381
2016-09-27 00:00:00,145940667.050968
2016-09-28 00:00:00,151092801.290736
2016-09-29 00:00:00,153616273.138195
2016-09-30 00:00:00,151697973.208666
2016-10-01 00:00:00,103988578.282907
2016-10-02 00:00:00,99888624.8839477
2016-10-03 00:00:00,152745154.983948
2016-10-04 00:00:00,167749287.493201
2016-10-05 00:00:00,148295757.862839
2016-10-06 00:00:00,151565507.710158
2016-10-07 00:00:00,141600454.506918
2016-10-08 00:00:00,131522852.330616
2016-10-09 00:00:00,119547253.301373
2016-10-10 00:00:00,145452260.958636
2016-10-11 00:00:00,191535068.092531
2016-10-12 00:00:00,199143900.069083
2016-10-13 00:00:00,173562327.839718
2016-10-14 00:00:00,145891861.261927
2016-10-15 00:00:00,129491942.695046
2016-10-16 00:00:00,118953271.229318
2016-10-17 00:00:00,162092886.470044
2016-10-18 00:00:00,215694366.552112
2016-10-19 00:00:00,153607523.148711
2016-10-20 00:00:00,182155730.709167
2016-10-21 00:00:00,156669875.507655
2016-10-22 00:00:00,123012421.610503
2016-10-23 00:00:00,103115122.848848
2016-10-24 00:00:00,161693433.731515
2016-10-25 00:00:00,177371950.411646
2016-10-26 00:00:00,173327307.55176
2016-10-27 00:00:00,258545483.966802
2016-10-28 00:00:00,174924737.115796
2016-10-29 00:00:00,166370935.98013
2016-10-30 00:00:00,131602246.519822
2016-10-31 00:00:00,210506851.255889
2016-11-01 00:00:00,208660536.822944
2016-11-02 00:00:00,164356161.509587
2016-11-03 00:00:00,213617077.260219
2016-11-04 00:00:00,195355546.311458
2016-11-05 00:00:00,120288462.083288
2016-11-06 00:00:00,114742910.971948
2016-11-07 00:00:00,175932227.263027
2016-11-08 00:00:00,207694374.685563
2016-11-09 00:00:00,250582316.714359
2016-11-10 00:00:00,187826423.936318
2016-11-11 00:00:00,156396615.431267
2016-11-12 00:00:00,121310139.566461
2016-11-13 00:00:00,123872148.046939
2016-11-14 00:00:00,167411486.834791
2016-11-15 00:00:00,190488765.827911
2016-11-16 00:00:00,266411874.867395
2016-11-17 00:00:00,254155219.470792
2016-11-18 00:00:00,195698807.196307
2016-11-19 00:00:00,151014229.147447
2016-11-20 00:00:00,128952148.560894
2016-11-21 00:00:00,195079233.271111
2016-11-22 00:00:00,221241977.735407
2016-11-23 00:00:00,206486727.870907
2016-11-24 00:00:00,254076694.025221
2016-11-25 00:00:00,193880618.210622
2016-11-26 00:00:00,182382884.916916
2016-11-27 00:00:00,131130471.65383
2016-11-28 00:00:00,200604646.382972
2016-11-29 00:00:00,222587581.749958
2016-11-30 00:00:00,206457187.757014
2016-12-01 00:00:00,196279881.029698
2016-12-02 00:00:00,228141076.849329
2016-12-03 00:00:00,155648705.169571
2016-12-04 00:00:00,100381256.301266
2016-12-05 00:00:00,198703655.634775
2016-12-06 00:00:00,212285749.937543
2016-12-07 00:00:00,225042481.118173
2016-12-08 00:00:00,233884533.88058
2016-12-09 00:00:00,205426538.474665
2016-12-10 00:00:00,149430380.862365
2016-12-11 00:00:00,125059695.222629
2016-12-12 00:00:00,212868618.324386
2016-12-13 00:00:00,202626684.957862
2016-12-14 00:00:00,206398743.80016
2016-12-15 00:00:00,221938403.000202
2016-12-16 00:00:00,239348887.735369
2016-12-17 00:00:00,183418677.608644
2016-12-18 00:00:00,158395598.324621
2016-12-19 00:00:00,224937601.83234
2016-12-20 00:00:00,243951480.369348
2016-12-21 00:00:00,325753009.052909
2016-12-22 00:00:00,338878078.662079
2016-12-23 00:00:00,388045841.232592
2016-12-24 00:00:00,202692630.219886
2016-12-25 00:00:00,208965007.349434
2016-12-26 00:00:00,243945751.84128
2016-12-27 00:00:00,344764424.393224
2016-12-28 00:00:00,329559351.888611
2016-12-29 00:00:00,315507313.829108
2016-12-30 00:00:00,317816520.587309
2016-12-31 00:00:00,207942693.208824
2017-01-01 00:00:00,166788994.438506
2017-01-02 00:00:00,279981138.022653
2017-01-03 00:00:00,341754284.937987
2017-01-04 00:00:00,433678086.930274
2017-01-05 00:00:00,565779976.610049
2017-01-06 00:00:00,451663626.106073
2017-01-07 00:00:00,295587982.400845
2017-01-08 00:00:00,210928000.866921
2017-01-09 00:00:00,272509052.560264
2017-01-10 00:00:00,287618545.510897
2017-01-11 00:00:00,413905306.443591
2017-01-12 00:00:00,303994536.999549
2017-01-13 00:00:00,246890176.531767
2017-01-14 00:00:00,160003664.087728
2017-01-15 00:00:00,157085269.544606
2017-01-16 00:00:00,208260163.869729
2017-01-17 00:00:00,291783384.764451
2017-01-18 00:00:00,258544170.655195
2017-01-19 00:00:00,232438071.962038
2017-01-20 00:00:00,230847365.361512
2017-01-21 00:00:00,210309696.023502
2017-01-22 00:00:00,210313964.544514
2017-01-23 00:00:00,196893334.811123
2017-01-24 00:00:00,237838497.612728
2017-01-25 00:00:00,266770577.731972
2017-01-26 00:00:00,224547250.604306
2017-01-27 00:00:00,172519954.089837
2017-01-28 00:00:00,112142903.966695
2017-01-29 00:00:00,133740567.748452
2017-01-30 00:00:00,148216976.17515
2017-01-31 00:00:00,223566247.35351
2017-02-01 00:00:00,263375235.39008
2017-02-02 00:00:00,212437107.387626
2017-02-03 00:00:00,267577532.235832
2017-02-04 00:00:00,215469986.8539
2017-02-05 00:00:00,193687212.238291
2017-02-06 00:00:00,218963129.707101
2017-02-07 00:00:00,264475739.984155
2017-02-08 00:00:00,269607888.246346
2017-02-09 00:00:00,377801460.068728
2017-02-10 00:00:00,289197728.970044
2017-02-11 00:00:00,161865706.021406
2017-02-12 00:00:00,116966457.119016
2017-02-13 00:00:00,192208412.121705
2017-02-14 00:00:00,234339661.006721
2017-02-15 00:00:00,202429312.98124
2017-02-16 00:00:00,212531599.764896
2017-02-17 00:00:00,271435652.772007
2017-02-18 00:00:00,179904049.623422
2017-02-19 00:00:00,175243850.854999
2017-02-20 00:00:00,192433479.754835
2017-02-21 00:00:00,235255122.879217
2017-02-22 00:00:00,220185412.839073
2017-02-23 00:00:00,320075871.914159
2017-02-24 00:00:00,369319167.07207
2017-02-25 00:00:00,244845187.329948
2017-02-26 00:00:00,199581169.873158
2017-02-27 00:00:00,262053158.425805
2017-02-28 00:00:00,255334271.595937
2017-03-01 00:00:00,283137400.430745
2017-03-02 00:00:00,431801396.598851
2017-03-03 00:00:00,422240157.203528
2017-03-04 00:00:00,261984344.995303
2017-03-05 00:00:00,218660855.895447
2017-03-06 00:00:00,292613411.670063
2017-03-07 00:00:00,347152744.275
2017-03-08 00:00:00,315179702.137921
2017-03-09 00:00:00,260236116.314366
2017-03-10 00:00:00,329245440.202684
2017-03-11 00:00:00,243728155.220018
2017-03-12 00:00:00,209168663.97439
2017-03-13 00:00:00,314605570.27971
2017-03-14 00:00:00,347466704.53874
2017-03-15 00:00:00,326947684.646845
2017-03-16 00:00:00,526589907.076464
2017-03-17 00:00:00,552676695.368399
2017-03-18 00:00:00,393335618.185788
2017-03-19 00:00:00,248882114.086564
2017-03-20 00:00:00,301488144.209954
2017-03-21 00:00:00,330728552.76381
2017-03-22 00:00:00,388745237.566684
2017-03-23 00:00:00,312768150.521022
2017-03-24 00:00:00,415158515.539297
2017-03-25 00:00:00,307287313.588968
2017-03-26 00:00:00,234975161.590919
2017-03-27 00:00:00,304061325.490617
2017-03-28 00:00:00,426602354.326583
2017-03-29 00:00:00,270264531.240309
2017-03-30 00:00:00,345704441.184584
2017-03-31 00:00:00,463530445.131001
2017-04-01 00:00:00,275732331.549016
2017-04-02 00:00:00,278337308.604414
2017-04-03 00:00:00,357722808.461735
2017-04-04 00:00:00,348486729.241388
2017-04-05 00:00:00,376232820.376534
2017-04-06 00:00:00,366852393.93401
2017-04-07 00:00:00,411459319.524365
2017-04-08 00:00:00,201802714.52164
2017-04-09 00:00:00,218412547.317557
2017-04-10 00:00:00,276975890.505248
2017-04-11 00:00:00,353047267.58305
2017-04-12 00:00:00,324225506.231086
2017-04-13 00:00:00,296565393.518839
2017-04-14 00:00:00,355707471.958529
2017-04-15 00:00:00,274787437.027829
2017-04-16 00:00:00,248893303.715128
2017-04-17 00:00:00,355041523.977341
2017-04-18 00:00:00,346671691.309516
2017-04-19 00:00:00,305279308.340359
2017-04-20 00:00:00,344219152.696374
2017-04-21 00:00:00,324930181.583255
2017-04-22 00:00:00,220730616.638858
2017-04-23 00:00:00,211860005.848388
2017-04-24 00:00:00,272159698.499277
2017-04-25 00:00:00,393127864.708434
2017-04-26 00:00:00,373574588.153192
2017-04-27 00:00:00,398959237.374387
2017-04-28 00:00:00,423281308.506147
2017-04-29 00:00:00,363036770.92892
2017-04-30 00:00:00,269552199.679596
2017-05-01 00:00:00,446976193.582856
2017-05-02 00:00:00,458087464.420064
2017-05-03 00:00:00,468116196.038201
2017-05-04 00:00:00,635339356.026632
2017-05-05 00:00:00,590516942.167419
2017-05-06 00:00:00,472765822.943536
2017-05-07 00:00:00,442601453.184986
2017-05-08 00:00:00,737787408.688911
2017-05-09 00:00:00,759833620.667136
2017-05-10 00:00:00,743762053.06786
2017-05-11 00:00:00,668519296.13184
2017-05-12 00:00:00,613819101.5788
2017-05-13 00:00:00,426951909.091612
2017-05-14 00:00:00,453587626.132722
2017-05-15 00:00:00,704107293.761399
2017-05-16 00:00:00,594333395.307832
2017-05-17 00:00:00,944733565.5861
2017-05-18 00:00:00,658815926.229074
2017-05-19 00:00:00,845185438.857744
2017-05-20 00:00:00,661263295.441003
2017-05-21 00:00:00,543457757.444168
2017-05-22 00:00:00,920544425.97211
2017-05-23 00:00:00,1021925535.08152
2017-05-24 00:00:00,1085441232.60836
2017-05-25 00:00:00,1318459470.59989
2017-05-26 00:00:00,1036939907.15624
2017-05-27 00:00:00,680256464.029665
2017-05-28 00:00:00,528810229.383807
2017-05-29 00:00:00,568563505.464611
2017-05-30 00:00:00,935087103.792861
2017-05-31 00:00:00,840617433.492568
2017-06-01 00:00:00,945259538.008457
2017-06-02 00:00:00,722150565.070563
2017-06-03 00:00:00,828539265.381656
2017-06-04 00:00:00,634490205.034222
2017-06-05 00:00:00,772048124.022559
2017-06-06 00:00:00,888558904.123181
2017-06-07 00:00:00,937299020.192401
2017-06-08 00:00:00,798267726.251526
2017-06-09 00:00:00,685475617.745
2017-06-10 00:00:00,681180409.132709
2017-06-11 00:00:00,649078150.926446
2017-06-12 00:00:00,891415561.221529
2017-06-13 00:00:00,838920669.771366
2017-06-14 00:00:00,822548360.611942
2017-06-15 00:00:00,704179683.271891
2017-06-16 00:00:00,614860742.108335
2017-06-17 00:00:00,529453963.434461
2017-06-18 00:00:00,531175986.631959
2017-06-19 00:00:00,612343421.023624
2017-06-20 00:00:00,699302928.883872
2017-06-21 00:00:00,835467130.108463
2017-06-22 00:00:00,691666616.597193
2017-06-23 00:00:00,556447573.912917
2017-06-24 00:00:00,433119966.233253
2017-06-25 00:00:00,518143022.951089
2017-06-26 00:00:00,702272424.580716
2017-06-27 00:00:00,687790878.577049
2017-06-28 00:00:00,712593812.798101
2017-06-29 00:00:00,636140007.490547
2017-06-30 00:00:00,771010449.218829
2017-07-01 00:00:00,513530891.985047
2017-07-02 00:00:00,461231537.247367
2017-07-03 00:00:00,590179543.656499
2017-07-04 00:00:00,567987081.544197
2017-07-05 00:00:00,728739862.4846
2017-07-06 00:00:00,536928215.088525
2017-07-07 00:00:00,731970317.265796
2017-07-08 00:00:00,561328143.364668
2017-07-09 00:00:00,714533490.943618
2017-07-10 00:00:00,717332560.155932
2017-07-11 00:00:00,649422148.982393
2017-07-12 00:00:00,557154714.150382
2017-07-13 00:00:00,445628844.467369
2017-07-14 00:00:00,505928728.905514
2017-07-15 00:00:00,459530087.737274
2017-07-16 00:00:00,461680301.680574
2017-07-17 00:00:00,538362228.548349
2017-07-18 00:00:00,612361551.304947
2017-07-19 00:00:00,597506642.346262
2017-07-20 00:00:00,654227781.226007
2017-07-21 00:00:00,703181494.386552
2017-07-22 00:00:00,500549276.748631
2017-07-23 00:00:00,429477474.20887
2017-07-24 00:00:00,568575160.453683
2017-07-25 00:00:00,801341191.680963
2017-07-26 00:00:00,675892184.452299
2017-07-27 00:00:00,849185180.945369
2017-07-28 00:00:00,1311599707.74372
2017-07-29 00:00:00,935494063.269237
2017-07-30 00:00:00,1157398139.86185
2017-07-31 00:00:00,1718996680.19005
2017-08-01 00:00:00,1380839765.70984
2017-08-02 00:00:00,1424505879.24285
2017-08-03 00:00:00,958777484.712287
2017-08-04 00:00:00,1176713943.44919
2017-08-05 00:00:00,979154079.251385
2017-08-06 00:00:00,1036954560.95851
2017-08-07 00:00:00,1372173977.9991
2017-08-08 00:00:00,1230025637.35308
2017-08-09 00:00:00,808740219.23306
2017-08-10 00:00:00,961276232.318779
2017-08-11 00:00:00,985601487.693678
2017-08-12 00:00:00,854157635.484909
2017-08-13 00:00:00,946915671.514233
2017-08-14 00:00:00,866674915.893119
2017-08-15 00:00:00,1222636276.20764
2017-08-16 00:00:00,962691292.786022
2017-08-17 00:00:00,1362840510.69978
2017-08-18 00:00:00,1160893968.66254
2017-08-19 00:00:00,1278649849.03806
2017-08-20 00:00:00,758991072.40884
2017-08-21 00:00:00,816604742.108505
2017-08-22 00:00:00,849443167.616491
2017-08-23 00:00:00,1053263975.41305
2017-08-24 00:00:00,772021041.551568
2017-08-25 00:00:00,763980859.57522
2017-08-26 00:00:00,687934750.253782
2017-08-27 00:00:00,779804114.064676
2017-08-28 00:00:00,908258408.002564
2017-08-29 00:00:00,1113343542.50353
2017-08-30 00:00:00,1024732295.56102
2017-08-31 00:00:00,1173285283.32277
2017-09-01 00:00:00,1220477319.81695
2017-09-02 00:00:00,945272819.329301
2017-09-03 00:00:00,784444826.124398
2017-09-04 00:00:00,1452488599.68739
2017-09-05 00:00:00,1363578233.51194
2017-09-06 00:00:00,1328829016.12437
2017-09-07 00:00:00,1250684680.98455
2017-09-08 00:00:00,1085398538.24465
2017-09-09 00:00:00,792417840.233563
2017-09-10 00:00:00,849737599.424126
2017-09-11 00:00:00,842959044.876807
2017-09-12 00:00:00,914888950.878182
2017-09-13 00:00:00,1001341343.71237
2017-09-14 00:00:00,1008072397.20311
2017-09-15 00:00:00,1345810787.2659
2017-09-16 00:00:00,755451379.92034
2017-09-17 00:00:00,556559929.450262
2017-09-18 00:00:00,810015857.700415
2017-09-19 00:00:00,869566641.158497
2017-09-20 00:00:00,730398025.90811
2017-09-21 00:00:00,713400154.410911
2017-09-22 00:00:00,720084890.797891
2017-09-23 00:00:00,496249141.589834
2017-09-24 00:00:00,358367841.780327
2017-09-25 00:00:00,992813616.585088
2017-09-26 00:00:00,783377529.605634
2017-09-27 00:00:00,694820657.432189
2017-09-28 00:00:00,846414368.613928
2017-09-29 00:00:00,722207773.160404
2017-09-30 00:00:00,654917752.443883
2017-10-01 00:00:00,495152833.454326
2017-10-02 00:00:00,853330484.106655
2017-10-03 00:00:00,710676602.454005
2017-10-04 00:00:00,611184779.702613
2017-10-05 00:00:00,822991499.893239
2017-10-06 00:00:00,731048570.243785
2017-10-07 00:00:00,552496903.66649
2017-10-08 00:00:00,678141979.346104
2017-10-09 00:00:00,1115416691.5553
2017-10-10 00:00:00,1189113919.87786
2017-10-11 00:00:00,850897594.103107
2017-10-12 00:00:00,1072717734.6568
2017-10-13 00:00:00,1477309948.05088
2017-10-14 00:00:00,1028513971.64553
2017-10-15 00:00:00,874457455.499779
2017-10-16 00:00:00,1148993979.04203
2017-10-17 00:00:00,1132927240.70098
2017-10-18 00:00:00,1358005108.51815
2017-10-19 00:00:00,1435812894.93232
2017-10-20 00:00:00,1094088679.1563
2017-10-21 00:00:00,967343844.177936
2017-10-22 00:00:00,996113498.470227
2017-10-23 00:00:00,2395811601.71538
2017-10-24 00:00:00,2184205097.23059
2017-10-25 00:00:00,2093083247.85009
2017-10-26 00:00:00,2041879050.78017
2017-10-27 00:00:00,963485339.854656
2017-10-28 00:00:00,645357529.902608
2017-10-29 00:00:00,1284903848.36759
2017-10-30 00:00:00,1690377715.98444
2017-10-31 00:00:00,1557216921.88694
2017-11-01 00:00:00,1921728654.83974
2017-11-02 00:00:00,2362825790.09511
2017-11-03 00:00:00,1685749159.21425
2017-11-04 00:00:00,1400428675.91427
2017-11-05 00:00:00,1346375105.55772
2017-11-06 00:00:00,1629540869.12293
2017-11-07 00:00:00,1826864277.44738
2017-11-08 00:00:00,1888840266.3043
2017-11-09 00:00:00,2366841243.84241
2017-11-10 00:00:00,2022293930.14445
2017-11-11 00:00:00,1401933562.52815
2017-11-12 00:00:00,1946782857.0861
2017-11-13 00:00:00,2070829566.4518
2017-11-14 00:00:00,1841446048.59403
2017-11-15 00:00:00,2274507065.39276
2017-11-16 00:00:00,2257254596.5816
2017-11-17 00:00:00,2848162964.48163
2017-11-18 00:00:00,1967731645.24613
2017-11-19 00:00:00,1585417383.6025
2017-11-20 00:00:00,2388363838.52045
2017-11-21 00:00:00,2632881286.5975
2017-11-22 00:00:00,2033543436.7307
2017-11-23 00:00:00,2481622640.96218
2017-11-24 00:00:00,2685926757.31595
2017-11-25 00:00:00,2302620556.51406
2017-11-26 00:00:00,2290199012.39789
2017-11-27 00:00:00,3382462034.24211
2017-11-28 00:00:00,3229165153.44708
2017-11-29 00:00:00,4301831779.47883
2017-11-30 00:00:00,3446153829.33153
2017-12-01 00:00:00,2503164990.16471
2017-12-02 00:00:00,1962210937.132
2017-12-03 00:00:00,2065023836.1632
2017-12-04 00:00:00,2600783556.45554
2017-12-05 00:00:00,2657542627.73794
2017-12-06 00:00:00,3394252519.10379
2017-12-07 00:00:00,5271885974.64757
2017-12-08 00:00:00,4805489431.71187
2017-12-09 00:00:00,3943426403.66603
2017-12-10 00:00:00,3660690673.76365
2017-12-11 00:00:00,4272284928.33151
2017-12-12 00:00:00,5729890455.48235
2017-12-13 00:00:00,4755215235.39204
2017-12-14 00:00:00,3607678570.59655
2017-12-15 00:00:00,4219284344.1263
2017-12-16 00:00:00,3461171452.31103
2017-12-17 00:00:00,5098289901.58077
2017-12-18 00:00:00,4869203329.46846
2017-12-19 00:00:00,3906879033.08123
2017-12-20 00:00:00,5449320743.10896
2017-12-21 00:00:00,3765982142.63797
2017-12-22 00:00:00,4135071530.94297
2017-12-23 00:00:00,2381107619.03715
2017-12-24 00:00:00,2531170728.06185
2017-12-25 00:00:00,2523983332.05314
2017-12-26 00:00:00,3068717710.39764
2017-12-27 00:00:00,4777859401.98801
2017-12-28 00:00:00,3590765167.42598
2017-12-29 00:00:00,3675013582.32083
2017-12-30 00:00:00,3922944907.4099
2017-12-31 00:00:00,3132315786.3277
2018-01-01 00:00:00,2493070308.63371
2018-01-02 00:00:00,3339191213.7855
2018-01-03 00:00:00,2887037503.50884
2018-01-04 00:00:00,3959988059.41157
2018-01-05 00:00:00,4736424942.20902
2018-01-06 00:00:00,3788672792.27674
2018-01-07 00:00:00,4861207106.84358
2018-01-08 00:00:00,4095843401.55246
2018-01-09 00:00:00,3939529167.7197
2018-01-10 00:00:00,3681293160.51603
2018-01-11 00:00:00,3733633619.45572
2018-01-12 00:00:00,3201370800.58497
2018-01-13 00:00:00,2572263037.14053
2018-01-14 00:00:00,2648247577.87206
2018-01-15 00:00:00,2791493116.89331
2018-01-16 00:00:00,3280040384.20681
2018-01-17 00:00:00,2919536905.70861
2018-01-18 00:00:00,2771757628.41474
2018-01-19 00:00:00,2549311163.2792
2018-01-20 00:00:00,2591920373.50638
2018-01-21 00:00:00,1836973709.31205
2018-01-22 00:00:00,2235518464.56961
2018-01-23 00:00:00,1903407628.40967
2018-01-24 00:00:00,2043489449.82019
2018-01-25 00:00:00,2140259555.30853
2018-01-26 00:00:00,2828780181.62246
2018-01-27 00:00:00,1342886808.8662
2018-01-28 00:00:00,1946407701.49201
2018-01-29 00:00:00,1802719595.8518
2018-01-30 00:00:00,1846238745.01739
2018-01-31 00:00:00,1604449356.49287
2018-02-01 00:00:00,2614260637.5456
2018-02-02 00:00:00,2817679981.55029
2018-02-03 00:00:00,1469365012.8785
2018-02-04 00:00:00,1685654407.52098
2018-02-05 00:00:00,1950770956.61802
2018-02-06 00:00:00,1921193986.2884
2018-02-07 00:00:00,1651883624.31755
2018-02-08 00:00:00,1760113297.03821
2018-02-09 00:00:00,1627521235.26492
2018-02-10 00:00:00,1017797853.82348
2018-02-11 00:00:00,725944269.577221
2018-02-12 00:00:00,1576864627.21172
2018-02-13 00:00:00,1266134857.40392
2018-02-14 00:00:00,1332806623.21087
2018-02-15 00:00:00,1273384159.19045
2018-02-16 00:00:00,1066535211.87328
2018-02-17 00:00:00,862408575.113852
2018-02-18 00:00:00,893696801.136156
2018-02-19 00:00:00,1250363981.08978
2018-02-20 00:00:00,1499839827.37536
2018-02-21 00:00:00,1582027830.28817
2018-02-22 00:00:00,2569053251.11412
2018-02-23 00:00:00,1752604869.4962
2018-02-24 00:00:00,1691425255.69263
2018-02-25 00:00:00,735383768.774946
2018-02-26 00:00:00,1085982484.71539
2018-02-27 00:00:00,1471584179.61286
2018-02-28 00:00:00,2141873922.79825
2018-03-01 00:00:00,2017041859.63693
2018-03-02 00:00:00,1313477097.70807
2018-03-03 00:00:00,1044510356.00801
2018-03-04 00:00:00,1038040067.99342
2018-03-05 00:00:00,1573034810.84033
2018-03-06 00:00:00,1313036217.13425
2018-03-07 00:00:00,1632297968.61173
2018-03-08 00:00:00,1400448401.50846
2018-03-09 00:00:00,1845969389.06628
2018-03-10 00:00:00,1007063308.86199
2018-03-11 00:00:00,990148653.737742
2018-03-12 00:00:00,1128481461.10965
2018-03-13 00:00:00,1429321787.63685
2018-03-14 00:00:00,1315191652.6286
2018-03-15 00:00:00,1197812277.26368
2018-03-16 00:00:00,956584957.002353
2018-03-17 00:00:00,709540062.340732
2018-03-18 00:00:00,817452712.514831
2018-03-19 00:00:00,1122451343.20668
2018-03-20 00:00:00,995164628.417782
2018-03-21 00:00:00,1045367812.30046
2018-03-22 00:00:00,990650088.556166
2018-03-23 00:00:00,942170172.519648
2018-03-24 00:00:00,623816401.961253
2018-03-25 00:00:00,901137748.465333
2018-03-26 00:00:00,1020516865.12928
2018-03-27 00:00:00,947745397.417293
2018-03-28 00:00:00,854240309.445948
2018-03-29 00:00:00,1120831366.94695
2018-03-30 00:00:00,1222424226.86149
2018-03-31 00:00:00,559075148.77362
2018-04-01 00:00:00,580329069.034802
2018-04-02 00:00:00,768333587.034114
2018-04-03 00:00:00,979510265.303481
2018-04-04 00:00:00,788206668.206622
2018-04-05 00:00:00,757321484.524495
2018-04-06 00:00:00,720018556.313689
2018-04-07 00:00:00,653582260.43181
2018-04-08 00:00:00,563967121.149313
2018-04-09 00:00:00,787438242.266748
2018-04-10 00:00:00,812498863.15906
2018-04-11 00:00:00,944639313.553063
2018-04-12 00:00:00,1355733106.53215
2018-04-13 00:00:00,1154400878.6438
2018-04-14 00:00:00,516931824.839407
2018-04-15 00:00:00,557096715.843899
2018-04-16 00:00:00,874622524.380565
2018-04-17 00:00:00,933802321.600287
2018-04-18 00:00:00,826568991.032139
2018-04-19 00:00:00,1375773424.07329
2018-04-20 00:00:00,1105686984.46496
2018-04-21 00:00:00,995169153.726345
2018-04-22 00:00:00,674296002.598428
2018-04-23 00:00:00,1170233453.21339
2018-04-24 00:00:00,1754372889.85276
2018-04-25 00:00:00,1690055328.53289
2018-04-26 00:00:00,1356669104.25048
2018-04-27 00:00:00,1274803527.6643
2018-04-28 00:00:00,1663576172.91648
2018-04-29 00:00:00,1043832708.35065
2018-04-30 00:00:00,1039280676.98002
2018-05-01 00:00:00,852143458.967716
2018-05-02 00:00:00,1356043112.32921
2018-05-03 00:00:00,1292845454.07964
2018-05-04 00:00:00,1424167444.69354
2018-05-05 00:00:00,1032424172.16879
2018-05-06 00:00:00,990555813.193302
2018-05-07 00:00:00,1299195635.80706
2018-05-08 00:00:00,1305599529.85642
2018-05-09 00:00:00,1231496059.67689
2018-05-10 00:00:00,1367418842.25004
2018-05-11 00:00:00,1308283132.78675
2018-05-12 00:00:00,914542131.232237
2018-05-13 00:00:00,622325191.112393
2018-05-14 00:00:00,1877479922.51764
2018-05-15 00:00:00,1098113121.7909
2018-05-16 00:00:00,1354020052.00064
2018-05-17 00:00:00,1986371307.18684
2018-05-18 00:00:00,1754540455.70633
2018-05-19 00:00:00,572037902.728045
2018-05-20 00:00:00,505408446.545892
2018-05-21 00:00:00,801652229.73729
2018-05-22 00:00:00,902765750.949497
2018-05-23 00:00:00,1070131558.32802
2018-05-24 00:00:00,997838496.239073
2018-05-25 00:00:00,792961295.780727
2018-05-26 00:00:00,433358755.892997
2018-05-27 00:00:00,402952722.618485
2018-05-28 00:00:00,1030143175.61157
2018-05-29 00:00:00,902651076.805139
2018-05-30 00:00:00,912070535.696193
2018-05-31 00:00:00,829972345.81463
2018-06-01 00:00:00,860640929.266263
2018-06-02 00:00:00,517843929.695078
2018-06-03 00:00:00,489033822.746906
2018-06-04 00:00:00,781951697.703179
2018-06-05 00:00:00,753456738.768419
2018-06-06 00:00:00,777433221.862945
2018-06-07 00:00:00,802888675.612286
2018-06-08 00:00:00,832654128.963577
2018-06-09 00:00:00,512776472.436823
2018-06-10 00:00:00,682579730.014871
2018-06-11 00:00:00,940033430.553514
2018-06-12 00:00:00,858021509.558433
2018-06-13 00:00:00,1043117695.00437
2018-06-14 00:00:00,830479336.511425
2018-06-15 00:00:00,821673290.530401
2018-06-16 00:00:00,393367359.714171
2018-06-17 00:00:00,432811187.163212
2018-06-18 00:00:00,666288186.596133
2018-06-19 00:00:00,717193233.877687
2018-06-20 00:00:00,645432041.721241
2018-06-21 00:00:00,719955333.674926
2018-06-22 00:00:00,877986505.482454
2018-06-23 00:00:00,442469090.403318
2018-06-24 00:00:00,578433361.830994
2018-06-25 00:00:00,683034898.67434
2018-06-26 00:00:00,606059145.748309
2018-06-27 00:00:00,789076623.538903
2018-06-28 00:00:00,717809351.700124
2018-06-29 00:00:00,653028973.089305
2018-06-30 00:00:00,527954257.648101
2018-07-01 00:00:00,994143368.502515
2018-07-02 00:00:00,731075687.462801
2018-07-03 00:00:00,880290625.530195
2018-07-04 00:00:00,662808206.668387
2018-07-05 00:00:00,657272819.38847
2018-07-06 00:00:00,807774959.650024
2018-07-07 00:00:00,370270464.469499
2018-07-08 00:00:00,568366411.075374
2018-07-09 00:00:00,640870760.709387
2018-07-10 00:00:00,840599276.598201
2018-07-11 00:00:00,705107105.975675
2018-07-12 00:00:00,682830180.504232
2018-07-13 00:00:00,674548450.327427
2018-07-14 00:00:00,340074057.30919
2018-07-15 00:00:00,356017920.508622
2018-07-16 00:00:00,747886516.022028
2018-07-17 00:00:00,836942893.445447
2018-07-18 00:00:00,1082676506.45917
2018-07-19 00:00:00,993456134.043958
2018-07-20 00:00:00,813439686.218311
2018-07-21 00:00:00,528574442.087027
2018-07-22 00:00:00,395927691.401284
2018-07-23 00:00:00,936055626.253313
2018-07-24 00:00:00,1154244446.36072
2018-07-25 00:00:00,1009352100.9677
2018-07-26 00:00:00,833867863.521124
2018-07-27 00:00:00,884506563.824998
2018-07-28 00:00:00,516574795.872905
2018-07-29 00:00:00,726532319.015292
2018-07-30 00:00:00,868342350.006917
2018-07-31 00:00:00,916151854.706209
2018-08-01 00:00:00,713806067.823109
2018-08-02 00:00:00,1036673761.09069
2018-08-03 00:00:00,926100823.345805
2018-08-04 00:00:00,478730381.400988
2018-08-05 00:00:00,373453434.330585
2018-08-06 00:00:00,732204363.485113
2018-08-07 00:00:00,664083736.986756
2018-08-08 00:00:00,786985499.891174
2018-08-09 00:00:00,939755086.265862
2018-08-10 00:00:00,760258278.253361
2018-08-11 00:00:00,505204809.916029
2018-08-12 00:00:00,333729799.273728
2018-08-13 00:00:00,843998947.366735
2018-08-14 00:00:00,1058727905.8517
2018-08-15 00:00:00,891860903.410449
2018-08-16 00:00:00,687000468.616544
2018-08-17 00:00:00,783014397.650863
2018-08-18 00:00:00,375616573.760664
2018-08-19 00:00:00,272507659.256713
2018-08-20 00:00:00,647035144.277823
2018-08-21 00:00:00,872997532.530483
2018-08-22 00:00:00,1022941525.80422
2018-08-23 00:00:00,884447407.308312
2018-08-24 00:00:00,660537345.458553
2018-08-25 00:00:00,513006216.129736
2018-08-26 00:00:00,385892530.065467
2018-08-27 00:00:00,788251385.708113
2018-08-28 00:00:00,977831328.38873
2018-08-29 00:00:00,871163498.732377
2018-08-30 00:00:00,798481940.583074
2018-08-31 00:00:00,867343981.067502
2018-09-01 00:00:00,530711688.309403
2018-09-02 00:00:00,446514389.352451
2018-09-03 00:00:00,724804467.105384
2018-09-04 00:00:00,846834354.747458
2018-09-05 00:00:00,945103849.443573
2018-09-06 00:00:00,1082892621.38464
2018-09-07 00:00:00,745568366.660223
2018-09-08 00:00:00,364549896.733295
2018-09-09 00:00:00,468243443.824087
2018-09-10 00:00:00,708849887.876883
2018-09-11 00:00:00,741261462.953143
2018-09-12 00:00:00,668389215.80635
2018-09-13 00:00:00,1248849239.09691
2018-09-14 00:00:00,739529758.061071
2018-09-15 00:00:00,374552271.564309
2018-09-16 00:00:00,284144583.385653
2018-09-17 00:00:00,572850819.087677
2018-09-18 00:00:00,609895982.986467
2018-09-19 00:00:00,707175800.269635
2018-09-20 00:00:00,682414738.538983
2018-09-21 00:00:00,984934175.352113
2018-09-22 00:00:00,463989750.23086
2018-09-23 00:00:00,335911295.135385
2018-09-24 00:00:00,512802846.645718
2018-09-25 00:00:00,852085846.884051
2018-09-26 00:00:00,753603397.081026
2018-09-27 00:00:00,820387842.811755
2018-09-28 00:00:00,916157415.889114
2018-09-29 00:00:00,463385867.587157
2018-09-30 00:00:00,420373521.290011
2018-10-01 00:00:00,687226380.28596
2018-10-02 00:00:00,826082619.396765
2018-10-03 00:00:00,739357175.753423
2018-10-04 00:00:00,669076735.684256
2018-10-05 00:00:00,627109174.216566
2018-10-06 00:00:00,388807367.745174
2018-10-07 00:00:00,250377608.065456
2018-10-08 00:00:00,629275555.877636
2018-10-09 00:00:00,703382178.200891
2018-10-10 00:00:00,752875717.155181
2018-10-11 00:00:00,887230191.302002
2018-10-12 00:00:00,795636845.77935
2018-10-13 00:00:00,367758599.901248
2018-10-14 00:00:00,398408927.243372
2018-10-15 00:00:00,1406050478.15614
2018-10-16 00:00:00,881840150.059263
2018-10-17 00:00:00,727254416.70506
2018-10-18 00:00:00,865272971.545354
2018-10-19 00:00:00,835097399.748975
2018-10-20 00:00:00,688806312.502373
2018-10-21 00:00:00,291411405.420086
2018-10-22 00:00:00,729556262.822167
2018-10-23 00:00:00,726527353.625848
2018-10-24 00:00:00,772529022.514555
2018-10-25 00:00:00,813572559.956069
2018-10-26 00:00:00,744611642.283238
2018-10-27 00:00:00,380002708.052395
2018-10-28 00:00:00,458829452.673475
2018-10-29 00:00:00,894864910.143942
2018-10-30 00:00:00,627295099.087327
2018-10-31 00:00:00,803653185.537381
2018-11-01 00:00:00,806286748.991908
2018-11-02 00:00:00,870677656.724169
2018-11-03 00:00:00,366071278.717674
2018-11-04 00:00:00,525975032.809028
2018-11-05 00:00:00,749362381.010526
2018-11-06 00:00:00,750361150.52447
2018-11-07 00:00:00,854471221.93819
2018-11-08 00:00:00,773348007.473165
2018-11-09 00:00:00,836981702.027843
2018-11-10 00:00:00,384259934.959002
2018-11-11 00:00:00,384049108.093398
2018-11-12 00:00:00,752483811.281994
2018-11-13 00:00:00,807686927.071364
2018-11-14 00:00:00,1181029259.22239
2018-11-15 00:00:00,2667893505.4359
2018-11-16 00:00:00,1082196428.0914
2018-11-17 00:00:00,490284413.215375
2018-11-18 00:00:00,353784045.651087
2018-11-19 00:00:00,1021796905.51698
2018-11-20 00:00:00,1475820951.9215
2018-11-21 00:00:00,1007014547.88543
2018-11-22 00:00:00,662090854.575515
2018-11-23 00:00:00,740000744.408572
2018-11-24 00:00:00,398983130.753916
2018-11-25 00:00:00,618633300.615613
2018-11-26 00:00:00,736626813.699038
2018-11-27 00:00:00,846867046.177511
2018-11-28 00:00:00,807058144.18961
2018-11-29 00:00:00,916066338.214875
2018-11-30 00:00:00,1613578163.501
2018-12-01 00:00:00,689975479.91139
2018-12-02 00:00:00,348205860.313343
2018-12-03 00:00:00,1239335737.26842
2018-12-04 00:00:00,2465252204.48521
2018-12-05 00:00:00,1409782758.74234
2018-12-06 00:00:00,1426379105.59656
2018-12-07 00:00:00,751100109.531282
2018-12-08 00:00:00,368967391.581389
2018-12-09 00:00:00,279427828.545502
2018-12-10 00:00:00,526990901.514102
2018-12-11 00:00:00,729578613.430161
2018-12-12 00:00:00,548638941.837879
2018-12-13 00:00:00,597302476.971246
2018-12-14 00:00:00,523412561.153412
2018-12-15 00:00:00,290998236.25118
2018-12-16 00:00:00,315066374.369889
2018-12-17 00:00:00,540372096.140375
2018-12-18 00:00:00,717156551.783183
2018-12-19 00:00:00,893184813.801197
2018-12-20 00:00:00,823827197.285609
2018-12-21 00:00:00,810541683.478578
2018-12-22 00:00:00,303876048.573279
2018-12-23 00:00:00,390737504.851646
2018-12-24 00:00:00,684558459.306399
2018-12-25 00:00:00,403843192.833081
2018-12-26 00:00:00,422281688.50925
2018-12-27 00:00:00,570591347.723592
2018-12-28 00:00:00,626362020.822387
2018-12-29 00:00:00,421850491.831543
2018-12-30 00:00:00,267240600.175454
2018-12-31 00:00:00,476003087.181449
2019-01-01 00:00:00,220483471.203023
2019-01-02 00:00:00,493860140.978368
2019-01-03 00:00:00,586335098.627541
2019-01-04 00:00:00,534739538.898411
2019-01-05 00:00:00,325849324.68623
2019-01-06 00:00:00,295057199.362848
2019-01-07 00:00:00,622810992.785056
2019-01-08 00:00:00,595564198.861272
2019-01-09 00:00:00,630379615.777342
2019-01-10 00:00:00,668725127.473898
2019-01-11 00:00:00,1080849631.24838
2019-01-12 00:00:00,270915665.310548
2019-01-13 00:00:00,235049030.017961
2019-01-14 00:00:00,585869867.324651
2019-01-15 00:00:00,1270645847.43182
2019-01-16 00:00:00,618560383.821684
2019-01-17 00:00:00,507804662.074602
2019-01-18 00:00:00,449808595.91667
2019-01-19 00:00:00,310087042.05763
2019-01-20 00:00:00,238388741.655114
2019-01-21 00:00:00,488189514.450034
2019-01-22 00:00:00,560917561.014163
2019-01-23 00:00:00,538919234.425191
2019-01-24 00:00:00,477934358.136481
2019-01-25 00:00:00,456544872.149056
2019-01-26 00:00:00,292643247.155555
2019-01-27 00:00:00,223512708.830142
2019-01-28 00:00:00,598393585.443257
2019-01-29 00:00:00,502734964.416652
2019-01-30 00:00:00,737418316.862737
2019-01-31 00:00:00,574609830.720808
2019-02-01 00:00:00,611007305.317559
2019-02-02 00:00:00,315786229.87276
2019-02-03 00:00:00,265197431.536246
2019-02-04 00:00:00,353232913.224304
2019-02-05 00:00:00,414929550.42717
2019-02-06 00:00:00,496046280.164536
2019-02-07 00:00:00,475540835.9098
2019-02-08 00:00:00,552614639.038452
2019-02-09 00:00:00,290308690.903251
2019-02-10 00:00:00,273943900.738583
2019-02-11 00:00:00,512333681.418858
2019-02-12 00:00:00,494313528.417058
2019-02-13 00:00:00,679292514.995367
2019-02-14 00:00:00,465606911.488956
2019-02-15 00:00:00,475673471.435307
2019-02-16 00:00:00,363956258.170098
2019-02-17 00:00:00,237971659.056432
2019-02-18 00:00:00,689163298.994228
2019-02-19 00:00:00,719387605.250789
2019-02-20 00:00:00,696700438.735942
2019-02-21 00:00:00,658222916.530834
2019-02-22 00:00:00,594309375.18449
2019-02-23 00:00:00,489507893.012273
2019-02-24 00:00:00,436413535.328223
2019-02-25 00:00:00,788388101.207672
2019-02-26 00:00:00,592375975.327037
2019-02-27 00:00:00,573599563.168567
2019-02-28 00:00:00,936111689.337251
2019-03-01 00:00:00,536410480.46392
2019-03-02 00:00:00,440970166.168073
2019-03-03 00:00:00,260455173.231934
2019-03-04 00:00:00,510664925.146437
2019-03-05 00:00:00,545495184.577438
2019-03-06 00:00:00,603814020.830587
2019-03-07 00:00:00,598136964.047837
2019-03-08 00:00:00,621749744.798023
2019-03-09 00:00:00,335332056.773866
2019-03-10 00:00:00,289475543.963133
2019-03-11 00:00:00,581817561.236106
2019-03-12 00:00:00,634318677.206897
2019-03-13 00:00:00,632556077.344
2019-03-14 00:00:00,715988875.30552
2019-03-15 00:00:00,544675740.536405
2019-03-16 00:00:00,360840832.093826
2019-03-17 00:00:00,249331295.569819
2019-03-18 00:00:00,597904327.879694
2019-03-19 00:00:00,609610214.504111
2019-03-20 00:00:00,649248713.708245
2019-03-21 00:00:00,650496386.448401
2019-03-22 00:00:00,528282764.480713
2019-03-23 00:00:00,315765407.872059
2019-03-24 00:00:00,288672589.988115
2019-03-25 00:00:00,596522167.552637
2019-03-26 00:00:00,604089194.968484
2019-03-27 00:00:00,624205341.900583
2019-03-28 00:00:00,625086884.886481
2019-03-29 00:00:00,818224153.65678
2019-03-30 00:00:00,350278425.921954
2019-03-31 00:00:00,421441500.798735
2019-04-01 00:00:00,640470349.712981
2019-04-02 00:00:00,1458650931.44406
2019-04-03 00:00:00,1183522596.2499
2019-04-04 00:00:00,1008344651.11579
2019-04-05 00:00:00,898533778.471696
2019-04-06 00:00:00,426663923.548921
2019-04-07 00:00:00,441363438.70443
2019-04-08 00:00:00,983977267.449247
2019-04-09 00:00:00,877070582.095037
2019-04-10 00:00:00,851450827.774018
2019-04-11 00:00:00,1050019754.79499
2019-04-12 00:00:00,693684833.346474
2019-04-13 00:00:00,423377389.265318
2019-04-14 00:00:00,550425596.886162
2019-04-15 00:00:00,804147839.205968
2019-04-16 00:00:00,645003301.664171
2019-04-17 00:00:00,896458088.041183
2019-04-18 00:00:00,694249179.155019
2019-04-19 00:00:00,691322116.122815
2019-04-20 00:00:00,373941308.535081
2019-04-21 00:00:00,360713964.469088
2019-04-22 00:00:00,740397862.708848
2019-04-23 00:00:00,825599122.58348
2019-04-24 00:00:00,1576941009.18347
2019-04-25 00:00:00,826381786.755593
2019-04-26 00:00:00,1196016425.6664
2019-04-27 00:00:00,442516045.090871
2019-04-28 00:00:00,426337706.723816
2019-04-29 00:00:00,886065657.844522
2019-04-30 00:00:00,841828231.12052
2019-05-01 00:00:00,878862399.05446
2019-05-02 00:00:00,760391105.92548
2019-05-03 00:00:00,858064130.790705
2019-05-04 00:00:00,489890940.823787
2019-05-05 00:00:00,446363838.194411
2019-05-06 00:00:00,769428196.684081
2019-05-07 00:00:00,1041193668.85865
2019-05-08 00:00:00,1026598912.92612
2019-05-09 00:00:00,1251747786.99949
2019-05-10 00:00:00,1285152265.18143
2019-05-11 00:00:00,890773875.557915
2019-05-12 00:00:00,1047479224.06264
2019-05-13 00:00:00,1691655708.37404
2019-05-14 00:00:00,1659251075.53614
2019-05-15 00:00:00,1595050697.09695
2019-05-16 00:00:00,1694528053.99168
2019-05-17 00:00:00,1298197113.841
2019-05-18 00:00:00,688963903.658277
2019-05-19 00:00:00,776463133.467301
2019-05-20 00:00:00,1127760758.33771
2019-05-21 00:00:00,1011724990.89294
2019-05-22 00:00:00,1126821699.73429
2019-05-23 00:00:00,1180520164.76067
2019-05-24 00:00:00,1291010564.0933
2019-05-25 00:00:00,551935634.865766
2019-05-26 00:00:00,848987065.906149
2019-05-27 00:00:00,1318870008.46283
2019-05-28 00:00:00,1475454597.97029
2019-05-29 00:00:00,2715969883.44545
2019-05-30 00:00:00,1307364485.98112
2019-05-31 00:00:00,2139391264.47921
2019-06-01 00:00:00,950272921.697104
2019-06-02 00:00:00,661260854.072411
2019-06-03 00:00:00,1387869417.39436
2019-06-04 00:00:00,2210912218.37581
2019-06-05 00:00:00,2554143447.31926
2019-06-06 00:00:00,2028322128.99115
2019-06-07 00:00:00,1100908051.78238
2019-06-08 00:00:00,537539563.516134
2019-06-09 00:00:00,429940401.765129
2019-06-10 00:00:00,1024400574.27776
2019-06-11 00:00:00,1596486462.48794
2019-06-12 00:00:00,1164520570.45808
2019-06-13 00:00:00,1133834031.3768
2019-06-14 00:00:00,1268348918.472
2019-06-15 00:00:00,856304521.345165
2019-06-16 00:00:00,1037160332.21346
2019-06-17 00:00:00,2950935222.42847
2019-06-18 00:00:00,2182288636.43523
2019-06-19 00:00:00,1908684407.20105
2019-06-20 00:00:00,1190905553.64237
2019-06-21 00:00:00,1529747837.77371
2019-06-22 00:00:00,2222444544.5401
2019-06-23 00:00:00,1181274913.1325
2019-06-24 00:00:00,1758426569.15256
2019-06-25 00:00:00,1831245148.07661
2019-06-26 00:00:00,2930019255.94771
2019-06-27 00:00:00,2491886549.14668
2019-06-28 00:00:00,2653064698.96847
2019-06-29 00:00:00,1357452935.74732
2019-06-30 00:00:00,1651368348.22081
2019-07-01 00:00:00,1639029426.22024
2019-07-02 00:00:00,1813299811.70937
2019-07-03 00:00:00,1618383338.89788
2019-07-04 00:00:00,1933335669.36912
2019-07-05 00:00:00,1176057042.74459
2019-07-06 00:00:00,639979717.955877
2019-07-07 00:00:00,561967420.058377
2019-07-08 00:00:00,2099126797.96369
2019-07-09 00:00:00,1779344024.06482
2019-07-10 00:00:00,3158872124.78143
2019-07-11 00:00:00,1909308953.10433
2019-07-12 00:00:00,1573448471.11562
2019-07-13 00:00:00,703409877.232993
2019-07-14 00:00:00,880311916.429513
2019-07-15 00:00:00,1237233738.065
2019-07-16 00:00:00,1554876517.05214
2019-07-17 00:00:00,1898295641.75235
2019-07-18 00:00:00,1363791605.47841
2019-07-19 00:00:00,2126938200.64637
2019-07-20 00:00:00,835319633.831489
2019-07-21 00:00:00,682036367.270114
2019-07-22 00:00:00,1027285548.46237
2019-07-23 00:00:00,946331234.643111
2019-07-24 00:00:00,1334346530.10196
2019-07-25 00:00:00,1029705254.80043
2019-07-26 00:00:00,993970297.737923
2019-07-27 00:00:00,586372755.465987
2019-07-28 00:00:00,379230727.584726
2019-07-29 00:00:00,4112257571.27222
2019-07-30 00:00:00,1280347893.44335
2019-07-31 00:00:00,1033351135.20618
2019-08-01 00:00:00,1063515472.58285
2019-08-02 00:00:00,1276543413.55019
2019-08-03 00:00:00,533502020.952203
2019-08-04 00:00:00,584301307.017416
2019-08-05 00:00:00,1783008179.42602
2019-08-06 00:00:00,1820577410.091
2019-08-07 00:00:00,1528500615.47788
2019-08-08 00:00:00,1409255302.77697
2019-08-09 00:00:00,1423908954.56227
2019-08-10 00:00:00,796863848.442387
2019-08-11 00:00:00,577446710.735718
2019-08-12 00:00:00,1291059873.47708
2019-08-13 00:00:00,1666494659.99051
2019-08-14 00:00:00,1317218977.94195
2019-08-15 00:00:00,1574111185.79898
2019-08-16 00:00:00,1077642458.52809
2019-08-17 00:00:00,1526187033.46721
2019-08-18 00:00:00,923238653.158426
2019-08-19 00:00:00,1023246904.67013
2019-08-20 00:00:00,1220470929.96864
2019-08-21 00:00:00,1083045372.40215
2019-08-22 00:00:00,951158027.834026
2019-08-23 00:00:00,2130991479.93793
2019-08-24 00:00:00,592417288.471263
2019-08-25 00:00:00,576624098.058777
2019-08-26 00:00:00,1311051900.84533
2019-08-27 00:00:00,1295831266.79679
2019-08-28 00:00:00,1050824062.27406
2019-08-29 00:00:00,1674298204.5402
2019-08-30 00:00:00,1323718819.7742
2019-08-31 00:00:00,536730722.744341
2019-09-01 00:00:00,527581681.518463
2019-09-02 00:00:00,1189099299.73989
2019-09-03 00:00:00,1484070470.30013
2019-09-04 00:00:00,1356552610.12157
2019-09-05 00:00:00,1706403125.81051
2019-09-06 00:00:00,2785938242.47131
2019-09-07 00:00:00,920958388.084715
2019-09-08 00:00:00,734442315.886497
2019-09-09 00:00:00,1233969516.75112
2019-09-10 00:00:00,1964047352.89751
2019-09-11 00:00:00,1425043055.21506
2019-09-12 00:00:00,1811962087.02676
2019-09-13 00:00:00,926451075.370118
2019-09-14 00:00:00,550438176.483592
2019-09-15 00:00:00,465077107.456492
2019-09-16 00:00:00,1523428331.69289
2019-09-17 00:00:00,1412330120.98926
2019-09-18 00:00:00,1899700648.3467
2019-09-19 00:00:00,1263814528.24699
2019-09-20 00:00:00,1752366741.2845
2019-09-21 00:00:00,1297619718.14635
2019-09-22 00:00:00,552377407.450051
2019-09-23 00:00:00,855073770.204309
2019-09-24 00:00:00,3139283339.2161
2019-09-25 00:00:00,2087385264.72149
2019-09-26 00:00:00,1313285336.69414
2019-09-27 00:00:00,1158429641.01496
2019-09-28 00:00:00,580178846.7763
2019-09-29 00:00:00,461412848.670824
2019-09-30 00:00:00,1032865548.01648
2019-10-01 00:00:00,1076885942.12558
2019-10-02 00:00:00,753518693.099858
2019-10-03 00:00:00,941153423.813483
2019-10-04 00:00:00,734036334.988344
2019-10-05 00:00:00,375403716.022211
2019-10-06 00:00:00,437929223.289477
2019-10-07 00:00:00,858436648.340689
2019-10-08 00:00:00,951086445.4266
2019-10-09 00:00:00,1063632108.53833
2019-10-10 00:00:00,1061857762.2837
2019-10-11 00:00:00,940680504.466421
2019-10-12 00:00:00,434035291.224281
2019-10-13 00:00:00,358793113.390658
2019-10-14 00:00:00,1712938625.03762
2019-10-15 00:00:00,933447813.563032
2019-10-16 00:00:00,944835135.107188
2019-10-17 00:00:00,1260759811.25633
2019-10-18 00:00:00,1046146449.48076
2019-10-19 00:00:00,393045996.900051
2019-10-20 00:00:00,335445114.082607
2019-10-21 00:00:00,949795298.925235
2019-10-22 00:00:00,996706690.858345
2019-10-23 00:00:00,1296382266.37079
2019-10-24 00:00:00,984320293.086673
2019-10-25 00:00:00,1334170237.65914
2019-10-26 00:00:00,1256366630.61245
2019-10-27 00:00:00,721778043.423887
2019-10-28 00:00:00,1882149479.09526
2019-10-29 00:00:00,1157811408.23295
2019-10-30 00:00:00,933497841.255334
2019-10-31 00:00:00,1573437647.47653
2019-11-01 00:00:00,2074156433.79762
2019-11-02 00:00:00,736867493.36135
2019-11-03 00:00:00,791930340.104973
2019-11-04 00:00:00,1333487928.85567
2019-11-05 00:00:00,2769186824.13713
2019-11-06 00:00:00,1446365892.00296
2019-11-07 00:00:00,1410260957.176
2019-11-08 00:00:00,1458241138.12778
2019-11-09 00:00:00,1046596790.16888
2019-11-10 00:00:00,364320564.190368
2019-11-11 00:00:00,718863061.19166
2019-11-12 00:00:00,865205529.779822
2019-11-13 00:00:00,1486062566.37464
2019-11-14 00:00:00,946450282.515701
2019-11-15 00:00:00,1199132985.11859
2019-11-16 00:00:00,461834641.876112
2019-11-17 00:00:00,342818350.321039
2019-11-18 00:00:00,1043917564.33598
2019-11-19 00:00:00,923399726.065324
2019-11-20 00:00:00,870969121.524629
2019-11-21 00:00:00,1165992114.19976
2019-11-22 00:00:00,1691710108.35354
2019-11-23 00:00:00,1151153475.67428
2019-11-24 00:00:00,544401075.374676
2019-11-25 00:00:00,1313006695.02549
2019-11-26 00:00:00,1179814702.24228
2019-11-27 00:00:00,1513433741.15035
2019-11-28 00:00:00,769525352.625047
2019-11-29 00:00:00,1078007992.31578
2019-11-30 00:00:00,696535295.153311
2019-12-01 00:00:00,410180206.361161
2019-12-02 00:00:00,904057314.823355
2019-12-03 00:00:00,1101171350.2715
2019-12-04 00:00:00,1466498115.73916
2019-12-05 00:00:00,829793365.229581
2019-12-06 00:00:00,1235038809.93875
2019-12-07 00:00:00,842686832.919384
2019-12-08 00:00:00,307899861.771098
2019-12-09 00:00:00,984541456.77168
2019-12-10 00:00:00,1203358979.51588
2019-12-11 00:00:00,960237277.26307
2019-12-12 00:00:00,1259580435.1801
2019-12-13 00:00:00,910737705.988904
2019-12-14 00:00:00,455496983.970829
2019-12-15 00:00:00,331461605.786852
2019-12-16 00:00:00,880428472.303217
2019-12-17 00:00:00,1699726138.74945
2019-12-18 00:00:00,1653840922.56698
2019-12-19 00:00:00,1185600661.7481
2019-12-20 00:00:00,1192218774.49197
2019-12-21 00:00:00,484021776.662792
2019-12-22 00:00:00,409093776.778714
2019-12-23 00:00:00,1144871677.88131
2019-12-24 00:00:00,770512475.798006
2019-12-25 00:00:00,863528900.789981
2019-12-26 00:00:00,783721256.337016
2019-12-27 00:00:00,847107991.825459
2019-12-28 00:00:00,480834303.778861
2019-12-29 00:00:00,381265550.855148
2019-12-30 00:00:00,956242180.526399
2019-12-31 00:00:00,854423855.553621
2020-01-01 00:00:00,278141981.965149
2020-01-02 00:00:00,692062815.85965
2020-01-03 00:00:00,1721171458.46213
2020-01-04 00:00:00,623052159.06369
2020-01-05 00:00:00,355303880.322097
2020-01-06 00:00:00,962060777.656326
2020-01-07 00:00:00,1122651351.86172
2020-01-08 00:00:00,1185786689.98009
2020-01-09 00:00:00,1557053628.83293
2020-01-10 00:00:00,1280612805.31253
2020-01-11 00:00:00,512234137.659831
2020-01-12 00:00:00,451843048.807346
2020-01-13 00:00:00,881745942.082351
2020-01-14 00:00:00,2900956206.90936
2020-01-15 00:00:00,2458672964.83804
2020-01-16 00:00:00,1325748763.69605
2020-01-17 00:00:00,1542090152.48638
2020-01-18 00:00:00,691951125.418206
2020-01-19 00:00:00,604108398.922501
2020-01-20 00:00:00,1265736839.76223
2020-01-21 00:00:00,897029394.970128
2020-01-22 00:00:00,1252987750.19963
2020-01-23 00:00:00,1402766346.47978
2020-01-24 00:00:00,983478887.090753
2020-01-25 00:00:00,372513968.74356
2020-01-26 00:00:00,375372746.97924
2020-01-27 00:00:00,810082885.566639
2020-01-28 00:00:00,1052472169.00964
2020-01-29 00:00:00,1212895193.80549
2020-01-30 00:00:00,1703649922.19753
2020-01-31 00:00:00,2215319754.1268
2020-02-01 00:00:00,994556670.98025
2020-02-02 00:00:00,610013826.84455
2020-02-03 00:00:00,3506998581.29517
2020-02-04 00:00:00,980532522.850602
2020-02-05 00:00:00,1182655805.23487
2020-02-06 00:00:00,3323586288.2882
2020-02-07 00:00:00,1803840353.46757
2020-02-08 00:00:00,1443920309.06251
2020-02-09 00:00:00,744577606.607648
2020-02-10 00:00:00,1655558310.37745
2020-02-11 00:00:00,2306736286.50665
2020-02-12 00:00:00,1870288291.39479
2020-02-13 00:00:00,1903943551.24095
2020-02-14 00:00:00,1546031520.68268
2020-02-15 00:00:00,1109593958.57004
2020-02-16 00:00:00,1638768688.21711
2020-02-17 00:00:00,2253057178.21877
2020-02-18 00:00:00,1513418378.62798
2020-02-19 00:00:00,1880304367.67908
2020-02-20 00:00:00,1635169613.46713
2020-02-21 00:00:00,1133722528.69818
2020-02-22 00:00:00,508369260.661711
2020-02-23 00:00:00,737289757.885203
2020-02-24 00:00:00,1060129347.02799
2020-02-25 00:00:00,1088999982.0479
2020-02-26 00:00:00,1306061365.11718
2020-02-27 00:00:00,2025910515.26091
2020-02-28 00:00:00,1789999976.54431
2020-02-29 00:00:00,614926644.926824
2020-03-01 00:00:00,549446378.675048
2020-03-02 00:00:00,1226689506.9734
2020-03-03 00:00:00,1346019714.60831
2020-03-04 00:00:00,1344613313.04405
2020-03-05 00:00:00,1347117308.56223
2020-03-06 00:00:00,1586746058.90616
2020-03-07 00:00:00,714006122.12699
2020-03-08 00:00:00,750461852.241262
2020-03-09 00:00:00,2012070398.88597
2020-03-10 00:00:00,1642231325.0775
2020-03-11 00:00:00,1574744357.10949
2020-03-12 00:00:00,3596290367.00052
2020-03-13 00:00:00,2755019578.84146
2020-03-14 00:00:00,1169201200.62799
2020-03-15 00:00:00,691118819.656607
2020-03-16 00:00:00,1829202302.65315
2020-03-17 00:00:00,1553039642.47712
2020-03-18 00:00:00,1087150158.46778
2020-03-19 00:00:00,1203126598.80139
2020-03-20 00:00:00,2081996655.25232
2020-03-21 00:00:00,647373597.906475
2020-03-22 00:00:00,707671399.167601
2020-03-23 00:00:00,1055238675.13386
2020-03-24 00:00:00,1896290040.77095
2020-03-25 00:00:00,939872246.666284
2020-03-26 00:00:00,982877529.995054
2020-03-27 00:00:00,1213708784.84108
2020-03-28 00:00:00,606386218.694661
2020-03-29 00:00:00,579110788.065739
2020-03-30 00:00:00,1063117757.4694
2020-03-31 00:00:00,1183183832.53956
2020-04-01 00:00:00,861593745.667491
2020-04-02 00:00:00,1112746186.31126
2020-04-03 00:00:00,996027773.773442
2020-04-04 00:00:00,461924504.587505
2020-04-05 00:00:00,446883068.920588
2020-04-06 00:00:00,1903887715.82672
2020-04-07 00:00:00,1534435754.21386
2020-04-08 00:00:00,959560031.91941
2020-04-09 00:00:00,2311484767.99329
2020-04-10 00:00:00,1101942938.40979
2020-04-11 00:00:00,467888135.693746
2020-04-12 00:00:00,408486669.553085
2020-04-13 00:00:00,1124828313.502
2020-04-14 00:00:00,824353875.169474
2020-04-15 00:00:00,1009167505.32317
2020-04-16 00:00:00,1278047926.54404
2020-04-17 00:00:00,1073444827.62685
2020-04-18 00:00:00,519833202.144473
2020-04-19 00:00:00,458165164.115702
2020-04-20 00:00:00,999366645.3129
2020-04-21 00:00:00,1086827836.50855
2020-04-22 00:00:00,950788113.035903
2020-04-23 00:00:00,1287058107.13864
2020-04-24 00:00:00,1901237345.55861
2020-04-25 00:00:00,588383800.374401
2020-04-26 00:00:00,477350119.694664
2020-04-27 00:00:00,1244890678.78536
2020-04-28 00:00:00,1057322602.34099
2020-04-29 00:00:00,3184852305.57904
2020-04-30 00:00:00,2685333576.87795
2020-05-01 00:00:00,1977433108.12039
2020-05-02 00:00:00,650315088.980719
2020-05-03 00:00:00,798356910.646175
2020-05-04 00:00:00,1301213020.58341
2020-05-05 00:00:00,1158788354.57839
2020-05-06 00:00:00,1639157502.58385
2020-05-07 00:00:00,1938783579.01866
2020-05-08 00:00:00,2581331592.43038
2020-05-09 00:00:00,1891310409.07318
2020-05-10 00:00:00,1160570547.66815
2020-05-11 00:00:00,1697952428.5878
2020-05-12 00:00:00,1902634189.74064
2020-05-13 00:00:00,1840743652.80359
2020-05-14 00:00:00,1256024234.83165
2020-05-15 00:00:00,1570409119.92827
2020-05-16 00:00:00,904101584.161914
2020-05-17 00:00:00,554234698.77281
2020-05-18 00:00:00,1522447447.77392
2020-05-19 00:00:00,1324908761.86765
2020-05-20 00:00:00,1698883644.51521
2020-05-21 00:00:00,1827598465.30696
2020-05-22 00:00:00,1309276220.21627
2020-05-23 00:00:00,659872561.67834
2020-05-24 00:00:00,981745455.338841
2020-05-25 00:00:00,2386079966.12279
2020-05-26 00:00:00,1028006698.0951
2020-05-27 00:00:00,1653961345.48304
2020-05-28 00:00:00,1299498648.03744
2020-05-29 00:00:00,1652605318.46225
2020-05-30 00:00:00,726174719.659483
2020-05-31 00:00:00,1560857802.00739
2020-06-01 00:00:00,2405059313.78643
2020-06-02 00:00:00,2689299632.09421
2020-06-03 00:00:00,1367910769.13515
2020-06-04 00:00:00,1754810883.71382
2020-06-05 00:00:00,1798108013.43404
2020-06-06 00:00:00,578237010.345349
2020-06-07 00:00:00,500851759.616004
2020-06-08 00:00:00,1476953360.63616
2020-06-09 00:00:00,1189532513.05837
2020-06-10 00:00:00,1185046064.64972
2020-06-11 00:00:00,2319865799.72096
2020-06-12 00:00:00,1189940932.56761
2020-06-13 00:00:00,576532445.734542
2020-06-14 00:00:00,459031700.888373
2020-06-15 00:00:00,1689895109.32884
2020-06-16 00:00:00,1657379522.9407
2020-06-17 00:00:00,1698265606.83664
2020-06-18 00:00:00,1191197355.42604
2020-06-19 00:00:00,2333210102.27051
2020-06-20 00:00:00,580481419.614336
2020-06-21 00:00:00,536969560.490895
2020-06-22 00:00:00,1369587319.75579
2020-06-23 00:00:00,2158044283.7941
2020-06-24 00:00:00,1668568262.54677
2020-06-25 00:00:00,1809758026.47067
2020-06-26 00:00:00,1982165061.32764
2020-06-27 00:00:00,598209748.027246
2020-06-28 00:00:00,602227413.240989
2020-06-29 00:00:00,1094780887.00755
2020-06-30 00:00:00,964046737.852914
2020-07-01 00:00:00,1468279709.0132
2020-07-02 00:00:00,1329290846.49266
2020-07-03 00:00:00,1162725810.99092
2020-07-04 00:00:00,598371117.138459
2020-07-05 00:00:00,511532010.235418
2020-07-06 00:00:00,1413260028.33242
2020-07-07 00:00:00,1265052644.49911
2020-07-08 00:00:00,1582500913.17443
2020-07-09 00:00:00,1383313673.42838
2020-07-10 00:00:00,1239897769.81168
2020-07-11 00:00:00,576572385.558404
2020-07-12 00:00:00,481367498.713169
2020-07-13 00:00:00,1354265482.01243
2020-07-14 00:00:00,1245429103.12721
2020-07-15 00:00:00,1239461867.82262
2020-07-16 00:00:00,1266988570.14269
2020-07-17 00:00:00,1100985768.81717
2020-07-18 00:00:00,699138625.60008
2020-07-19 00:00:00,635003579.074158
2020-07-20 00:00:00,1056788376.71222
2020-07-21 00:00:00,1326906299.31485
2020-07-22 00:00:00,1606938398.15599
2020-07-23 00:00:00,1733033896.10933
2020-07-24 00:00:00,1581504621.43281
2020-07-25 00:00:00,895321520.430384
2020-07-26 00:00:00,1009262428.00711
2020-07-27 00:00:00,2520983909.08391
2020-07-28 00:00:00,2732598812.18318
2020-07-29 00:00:00,2066537370.29674
2020-07-30 00:00:00,1893559564.52982
2020-07-31 00:00:00,2132382806.80711
2020-08-01 00:00:00,1282524246.37756
2020-08-02 00:00:00,1161811695.51631
2020-08-03 00:00:00,2630857377.15599
2020-08-04 00:00:00,1514661048.79905
2020-08-05 00:00:00,1382305624.12346
2020-08-06 00:00:00,2122100338.58475
2020-08-07 00:00:00,1897594213.63528
2020-08-08 00:00:00,957307311.265865
2020-08-09 00:00:00,819746332.084762
2020-08-10 00:00:00,2038494057.068
2020-08-11 00:00:00,1833511322.68141
2020-08-12 00:00:00,1622537211.16193
2020-08-13 00:00:00,1705063980.69705
2020-08-14 00:00:00,2293744966.95202
2020-08-15 00:00:00,1090367766.0598
2020-08-16 00:00:00,923018319.347379
2020-08-17 00:00:00,2046439654.49524
2020-08-18 00:00:00,2363375056.9934
2020-08-19 00:00:00,1951302613.8825393
2020-08-20 00:00:00,1599895179.606914
2020-08-21 00:00:00,1516606230.5688822
2020-08-22 00:00:00,947590518.3606329
2020-08-23 00:00:00,694626473.0813165
2020-08-24 00:00:00,1349526577.4472823
2020-08-25 00:00:00,1571905464.0375934
2020-08-26 00:00:00,1606738709.2854536
2020-08-27 00:00:00,1582727807.8585138
2020-08-28 00:00:00,2013696414.016841
2020-08-29 00:00:00,936108106.0835737
2020-08-30 00:00:00,1092133417.798481
2020-08-31 00:00:00,2351032934.550586
2020-09-01 00:00:00,2357189690.750896
2020-09-02 00:00:00,2108369094.4854293
2020-09-03 00:00:00,2195667067.2480316
2020-09-04 00:00:00,2512517216.225265
2020-09-05 00:00:00,1263375218.8698335
2020-09-06 00:00:00,942632672.8111798
2020-09-07 00:00:00,1747148281.5062864
2020-09-08 00:00:00,1706304707.7497606
2020-09-09 00:00:00,1479239533.7312331
2020-09-10 00:00:00,1510201425.9578102
2020-09-11 00:00:00,1615058494.599918
2020-09-12 00:00:00,855809354.7957093
2020-09-13 00:00:00,786517189.8096939
2020-09-14 00:00:00,1641329657.9907258
2020-09-15 00:00:00,1675152816.8943894
2020-09-16 00:00:00,1875402238.1826138
2020-09-17 00:00:00,1728645381.2338386
2020-09-18 00:00:00,1937356456.84136
2020-09-19 00:00:00,1020812737.2328732
2020-09-20 00:00:00,845867147.6809912
2020-09-21 00:00:00,1618550493.708504
2020-09-22 00:00:00,1620744900.8434787
2020-09-23 00:00:00,1930400508.768271
2020-09-24 00:00:00,2038281713.5185595
2020-09-25 00:00:00,1904178398.6342678
2020-09-26 00:00:00,794309819.7184452
2020-09-27 00:00:00,789919236.0190964
2020-09-28 00:00:00,1644928781.8498938
2020-09-29 00:00:00,1756325729.5985732
2020-09-30 00:00:00,1561125507.1341772
2020-10-01 00:00:00,1674944661.581599
2020-10-02 00:00:00,2283910067.2491984
2020-10-03 00:00:00,846455550.5192969
2020-10-04 00:00:00,634742572.527444
2020-10-05 00:00:00,1343799081.1799047
2020-10-06 00:00:00,1385299160.190378
2020-10-07 00:00:00,1847973952.4246747
2020-10-08 00:00:00,1564119346.8517392
2020-10-09 00:00:00,2052602359.6675017
2020-10-10 00:00:00,1149403530.058942
2020-10-11 00:00:00,651622749.4229141
2020-10-12 00:00:00,1519550414.7656412
2020-10-13 00:00:00,1713107902.128088
2020-10-14 00:00:00,1641335688.119119
2020-10-15 00:00:00,1656087273.91197
2020-10-16 00:00:00,1735871118.0383928
2020-10-17 00:00:00,694375228.5853593
2020-10-18 00:00:00,564810368.5227593
2020-10-19 00:00:00,1621572965.596006
2020-10-20 00:00:00,1656442476.473881
2020-10-21 00:00:00,2381891958.1275086
2020-10-22 00:00:00,3311533243.6679773
2020-10-23 00:00:00,2772642131.3782315
2020-10-24 00:00:00,1019815578.520192
2020-10-25 00:00:00,770092624.095325
2020-10-26 00:00:00,2143577766.8448274
2020-10-27 00:00:00,1916977068.721834
2020-10-28 00:00:00,2517314639.707993
2020-10-29 00:00:00,2135566368.3007386
2020-10-30 00:00:00,1893674939.1413562
2020-10-31 00:00:00,1316281834.8887045
2020-11-01 00:00:00,1188080329.7413285
2020-11-02 00:00:00,1715336327.8298092
2020-11-03 00:00:00,3811487630.8471503
2020-11-04 00:00:00,1988917620.2442853
2020-11-05 00:00:00,5149644713.046795
2020-11-06 00:00:00,3527917034.289506
2020-11-07 00:00:00,1502513708.7042077
2020-11-08 00:00:00,1123463511.0622897
2020-11-09 00:00:00,2728063355.8702464
2020-11-10 00:00:00,2632911827.6774883
2020-11-11 00:00:00,2715135370.028515
2020-11-12 00:00:00,3262813497.119191
2020-11-13 00:00:00,2656697442.1882963
2020-11-14 00:00:00,1356685552.9036057
2020-11-15 00:00:00,795037576.249102
2020-11-16 00:00:00,2343880257.789508
2020-11-17 00:00:00,3117390382.4550147
2020-11-18 00:00:00,4148880836.428013
2020-11-19 00:00:00,2649430667.646257
2020-11-20 00:00:00,4202034216.731514
2020-11-21 00:00:00,2261632554.633789
2020-11-22 00:00:00,1454587916.630766
2020-11-23 00:00:00,2703213540.7977214
2020-11-24 00:00:00,4162955937.5419774
2020-11-25 00:00:00,3581534995.903928
2020-11-26 00:00:00,3560329146.149023
2020-11-27 00:00:00,3539855459.5656195
2020-11-28 00:00:00,1310741286.2452636
2020-11-29 00:00:00,1353406964.7056353
2020-11-30 00:00:00,3302208582.0160117
2020-12-01 00:00:00,4627255393.593444
2020-12-02 00:00:00,2983704874.188316
2020-12-03 00:00:00,2744199631.0179462
2020-12-04 00:00:00,3109317273.318671
2020-12-05 00:00:00,1245963842.4548998
2020-12-06 00:00:00,1002450424.9438207
2020-12-07 00:00:00,2103990331.796725
2020-12-08 00:00:00,3771844232.261542
2020-12-09 00:00:00,2599989621.4131374
2020-12-10 00:00:00,3877167091.86871
2020-12-11 00:00:00,2913875514.564554
2020-12-12 00:00:00,1929697457.1383855
2020-12-13 00:00:00,3450322095.0157766
2020-12-14 00:00:00,2685900125.77615
2020-12-15 00:00:00,3108771396.732216
2020-12-16 00:00:00,4228699631.5529056
2020-12-17 00:00:00,5540206537.115145
2020-12-18 00:00:00,6176614857.997192
2020-12-19 00:00:00,2768897617.388285
2020-12-20 00:00:00,2436345570.703207
2020-12-21 00:00:00,3918912338.912008
2020-12-22 00:00:00,6418279942.846496
2020-12-23 00:00:00,6427851084.363599
2020-12-24 00:00:00,4019021845.006808
2020-12-25 00:00:00,2352003684.944295
2020-12-26 00:00:00,2615234142.573132
2020-12-27 00:00:00,4714768342.628513
2020-12-28 00:00:00,8026930076.872239
2020-12-29 00:00:00,5504342175.362542
2020-12-30 00:00:00,5840540994.996466
2020-12-31 00:00:00,5636631338.131147
2021-01-01 00:00:00,4343208402.410698
2021-01-02 00:00:00,6152237015.4746895
2021-01-03 00:00:00,5847742860.444979
2021-01-04 00:00:00,7503147813.225784
2021-01-05 00:00:00,6775407806.433055
2021-01-06 00:00:00,7549976673.166344
2021-01-07 00:00:00,9896769612.735806
2021-01-08 00:00:00,8838843563.36015
2021-01-09 00:00:00,5814286455.439408
2021-01-10 00:00:00,4278195465.100052
2021-01-11 00:00:00,6926936905.870075
2021-01-12 00:00:00,7357383072.698131
2021-01-13 00:00:00,5277220346.7589445
2021-01-14 00:00:00,8352711917.09365
2021-01-15 00:00:00,6530346131.6429825
2021-01-16 00:00:00,2570302174.9651437
2021-01-17 00:00:00,2561329124.5043206
2021-01-18 00:00:00,3849376580.2371182
2021-01-19 00:00:00,7509307340.108117
2021-01-20 00:00:00,5094690667.83868
2021-01-21 00:00:00,4661464273.179369
2021-01-22 00:00:00,5354605407.599176
2021-01-23 00:00:00,2103201286.0037167
2021-01-24 00:00:00,1966307038.6473134
2021-01-25 00:00:00,3905630182.601754
2021-01-26 00:00:00,4228927064.0523696
2021-01-27 00:00:00,5425004803.729349
2021-01-28 00:00:00,4988231552.939995
2021-01-29 00:00:00,8288844085.460961
2021-01-30 00:00:00,3416568799.038823
2021-01-31 00:00:00,3119627987.413366
2021-02-01 00:00:00,4586348228.014149
2021-02-02 00:00:00,4346023783.550835
2021-02-03 00:00:00,4985868433.536457
2021-02-04 00:00:00,6269136960.242842
2021-02-05 00:00:00,6157892770.648826
2021-02-06 00:00:00,4577756277.630126
2021-02-07 00:00:00,3515624989.356609
2021-02-08 00:00:00,8364117755.063739
2021-02-09 00:00:00,10834628125.018213
2021-02-10 00:00:00,7305646115.878271
2021-02-11 00:00:00,6333458804.686527
2021-02-12 00:00:00,7811431839.715774
2021-02-13 00:00:00,3676762390.3643637
2021-02-14 00:00:00,3102283702.90204
2021-02-15 00:00:00,5028594620.989651
2021-02-16 00:00:00,6187880486.479969
2021-02-17 00:00:00,7740989999.164483
2021-02-18 00:00:00,8027247241.935083
2021-02-19 00:00:00,8975014334.61605
2021-02-20 00:00:00,6995147926.057189
2021-02-21 00:00:00,7839947832.124444
2021-02-22 00:00:00,8515953765.557784
2021-02-23 00:00:00,12102608267.13961
2021-02-24 00:00:00,9123958043.345936
2021-02-25 00:00:00,8084434721.151986
2021-02-26 00:00:00,7202864759.149535
2021-02-27 00:00:00,3416482976.250144
2021-02-28 00:00:00,3227571917.3888235
2021-03-01 00:00:00,5867267655.439818
2021-03-02 00:00:00,6707252970.14486
2021-03-03 00:00:00,6540727319.73289
2021-03-04 00:00:00,5254550974.76691
2021-03-05 00:00:00,8571816585.961295
2021-03-06 00:00:00,2814010102.6878242
2021-03-07 00:00:00,3256898858.6546917
2021-03-08 00:00:00,6455368739.454128
2021-03-09 00:00:00,7267886049.152834
2021-03-10 00:00:00,7607218390.253023
2021-03-11 00:00:00,7815260934.970914
2021-03-12 00:00:00,8389445169.75331
2021-03-13 00:00:00,6252538514.7425
2021-03-14 00:00:00,5914693356.069364
2021-03-15 00:00:00,7391203818.270152
2021-03-16 00:00:00,8414319042.315213
2021-03-17 00:00:00,6410069887.531584
2021-03-18 00:00:00,5684429157.027738
2021-03-19 00:00:00,5953986740.001387
2021-03-20 00:00:00,3378908922.8126254
2021-03-21 00:00:00,3654267039.161541
2021-03-22 00:00:00,5299609269.970794
2021-03-23 00:00:00,7567504956.543793
2021-03-24 00:00:00,6956174962.680886
2021-03-25 00:00:00,7475059268.080135
2021-03-26 00:00:00,7494637392.191981
2021-03-27 00:00:00,3738511752.0196714
2021-03-28 00:00:00,2746380160.0662503
2021-03-29 00:00:00,6604751298.088798
2021-03-30 00:00:00,6286007313.120905
2021-03-31 00:00:00,6798433825.419553
2021-04-01 00:00:00,6961929171.789202
2021-04-02 00:00:00,6501984723.386886
2021-04-03 00:00:00,3823846850.7601023
2021-04-04 00:00:00,3007013909.974989
2021-04-05 00:00:00,5636763512.818328
2021-04-06 00:00:00,11383898953.539917
2021-04-07 00:00:00,6422300909.583367
2021-04-08 00:00:00,6112050100.201059
2021-04-09 00:00:00,6330239986.766539
2021-04-10 00:00:00,6092856977.739401
2021-04-11 00:00:00,4013468488.9395313
2021-04-12 00:00:00,7343373828.67675
2021-04-13 00:00:00,9364020483.020603
2021-04-14 00:00:00,9467805074.32664
2021-04-15 00:00:00,7491319879.713019
2021-04-16 00:00:00,7918735254.1182995
2021-04-17 00:00:00,3345356860.835313
2021-04-18 00:00:00,11856647360.954725
2021-04-19 00:00:00,7003954975.952247
2021-04-20 00:00:00,8311557599.486943
2021-04-21 00:00:00,7009968211.3791
2021-04-22 00:00:00,8500130355.892971
2021-04-23 00:00:00,11486117186.513248
2021-04-24 00:00:00,3907764473.017146
2021-04-25 00:00:00,5690337431.31398
2021-04-26 00:00:00,6987267570.035969
2021-04-27 00:00:00,6828181874.191442
2021-04-28 00:00:00,5400170407.9552355
2021-04-29 00:00:00,7198764177.987766
2021-04-30 00:00:00,8038587266.254536
2021-05-01 00:00:00,3347043374.8694096
2021-05-02 00:00:00,2991270138.389222
2021-05-03 00:00:00,5954769584.492453
2021-05-04 00:00:00,7698193443.310121
2021-05-05 00:00:00,6381517581.403065
2021-05-06 00:00:00,7566141015.089905
2021-05-07 00:00:00,9703541846.825617
2021-05-08 00:00:00,4620961715.6818495
2021-05-09 00:00:00,5388114089.551383
2021-05-10 00:00:00,8099530690.219605
2021-05-11 00:00:00,6620873679.221073
2021-05-12 00:00:00,12953414263.347263
2021-05-13 00:00:00,11355681895.517153
2021-05-14 00:00:00,7906534590.266755
2021-05-15 00:00:00,4191692549.2390285
2021-05-16 00:00:00,5725518842.773768
2021-05-17 00:00:00,10100167444.649612
2021-05-18 00:00:00,6401432361.182449
2021-05-19 00:00:00,14642615897.19912
2021-05-20 00:00:00,12059107969.11172
2021-05-21 00:00:00,7317126300.495066
2021-05-22 00:00:00,5042562364.379068
2021-05-23 00:00:00,4450529580.047133
2021-05-24 00:00:00,7207897767.577337
2021-05-25 00:00:00,6201345379.021109
2021-05-26 00:00:00,5744713581.126872
2021-05-27 00:00:00,4886792807.599231
2021-05-28 00:00:00,5453824455.071646
2021-05-29 00:00:00,3534235035.747762
2021-05-30 00:00:00,2229477248.099227
2021-05-31 00:00:00,3294970505.355651
2021-06-01 00:00:00,5421714885.342989
2021-06-02 00:00:00,3845016656.313909
2021-06-03 00:00:00,4080204482.2136693
2021-06-04 00:00:00,3411600139.2564692
2021-06-05 00:00:00,2192085664.632768
2021-06-06 00:00:00,1550993266.2225916
2021-06-07 00:00:00,3987593296.6689854
2021-06-08 00:00:00,4855389937.573238
2021-06-09 00:00:00,4061991299.6894774
2021-06-10 00:00:00,4643427946.043253
2021-06-11 00:00:00,3501716416.1339355
2021-06-12 00:00:00,2153678028.595535
2021-06-13 00:00:00,1539743948.2780533
2021-06-14 00:00:00,4973233612.976941
2021-06-15 00:00:00,4080041045.1731434
2021-06-16 00:00:00,3918231599.126314
2021-06-17 00:00:00,3458321392.277408
2021-06-18 00:00:00,5151710129.431004
2021-06-19 00:00:00,2186838846.1350193
2021-06-20 00:00:00,2162759239.6124706
2021-06-21 00:00:00,4751842584.489068
2021-06-22 00:00:00,4882368443.934831
2021-06-23 00:00:00,4386486291.106102
2021-06-24 00:00:00,3876348202.4309297
2021-06-25 00:00:00,4356792800.442628
2021-06-26 00:00:00,2331345211.2810645
2021-06-27 00:00:00,2112213965.6302857
2021-06-28 00:00:00,3708117939.5760326
2021-06-29 00:00:00,3300219147.3776546
2021-06-30 00:00:00,3725912659.9057236
2021-07-01 00:00:00,3625272212.8194623
2021-07-02 00:00:00,4454956968.426739
2021-07-03 00:00:00,1526282960.7179453
2021-07-04 00:00:00,1515363756.6394658
2021-07-05 00:00:00,2169927055.3384056
2021-07-06 00:00:00,2346543660.266684
2021-07-07 00:00:00,2415077701.787478
2021-07-08 00:00:00,3349209076.6624417
2021-07-09 00:00:00,2552942232.963585
2021-07-10 00:00:00,1104335807.3131185
2021-07-11 00:00:00,1361224001.4296572
2021-07-12 00:00:00,3530030646.398229
2021-07-13 00:00:00,2583990657.5143604
2021-07-14 00:00:00,2847291324.211062
2021-07-15 00:00:00,3546057522.319202
2021-07-16 00:00:00,2855123418.4177036
2021-07-17 00:00:00,4054713463.0521975
2021-07-18 00:00:00,1052594971.1817188
2021-07-19 00:00:00,2991573664.253314
2021-07-20 00:00:00,2934190502.6489563
2021-07-21 00:00:00,3408086708.7529273
2021-07-22 00:00:00,2584131350.756411
2021-07-23 00:00:00,2519917919.132724
2021-07-24 00:00:00,1689884089.6329966
2021-07-25 00:00:00,1824435371.4748766
2021-07-26 00:00:00,8661331075.286484
2021-07-27 00:00:00,7345558779.508659
2021-07-28 00:00:00,6002881501.151431
2021-07-29 00:00:00,8710173273.907516
2021-07-30 00:00:00,3645326210.342276
2021-07-31 00:00:00,1924780316.6358085
2021-08-01 00:00:00,1721720041.225241
2021-08-02 00:00:00,3383600749.1596594
2021-08-03 00:00:00,3774291695.6785836
2021-08-04 00:00:00,4094514095.0958066
2021-08-05 00:00:00,3189301462.820454
2021-08-06 00:00:00,4463338799.731509
2021-08-07 00:00:00,2198372699.5776916
2021-08-08 00:00:00,2863365745.2230344
2021-08-09 00:00:00,6121383053.705138
2021-08-10 00:00:00,4488621499.916477
2021-08-11 00:00:00,5806136771.043135
2021-08-12 00:00:00,3433253898.4565864
2021-08-13 00:00:00,3855116852.5439167
2021-08-14 00:00:00,3157295026.044922
2021-08-15 00:00:00,2430142554.508242
2021-08-16 00:00:00,4336625433.375353
2021-08-17 00:00:00,2915373923.378095
2021-08-18 00:00:00,4267113160.596617
2021-08-19 00:00:00,3132624120.660245
2021-08-20 00:00:00,5683508929.504638
2021-08-21 00:00:00,4007697514.479291
2021-08-22 00:00:00,1549564156.3142304
2021-08-23 00:00:00,5800342005.268154
2021-08-24 00:00:00,4160097929.5734167
2021-08-25 00:00:00,6052791787.804584
2021-08-26 00:00:00,5354725344.593736
2021-08-27 00:00:00,2921974573.376054
2021-08-28 00:00:00,1828986483.5579357
2021-08-29 00:00:00,1649218799.6469216
2021-08-30 00:00:00,3839205627.542602
2021-08-31 00:00:00,4079243403.9111404
2021-09-01 00:00:00,5449363613.813484
2021-09-02 00:00:00,6517047229.253141
2021-09-03 00:00:00,4887254784.221797
2021-09-04 00:00:00,2397543151.0204377
2021-09-05 00:00:00,1996712056.7162685
2021-09-06 00:00:00,4374020789.212579
2021-09-07 00:00:00,7058595281.0081625
2021-09-08 00:00:00,4580072991.3477335
2021-09-09 00:00:00,5369011441.333743
2021-09-10 00:00:00,6739492372.85368
2021-09-11 00:00:00,1962148896.9097497
2021-09-12 00:00:00,1526288179.0431836
2021-09-13 00:00:00,4380249885.695589
2021-09-14 00:00:00,4477699681.242835
2021-09-15 00:00:00,3796133575.7956142
2021-09-16 00:00:00,4153268623.6051164
2021-09-17 00:00:00,3314093143.0119085
2021-09-18 00:00:00,1874207408.5200129
2021-09-19 00:00:00,1797162881.967694
2021-09-20 00:00:00,5693199638.620351
2021-09-21 00:00:00,3816937965.8233886
2021-09-22 00:00:00,3589501923.128757
2021-09-23 00:00:00,3583461959.843438
2021-09-24 00:00:00,4656807424.158868
2021-09-25 00:00:00,1498517647.7164574
2021-09-26 00:00:00,2604107988.964765
2021-09-27 00:00:00,3527097521.66913
2021-09-28 00:00:00,3691508332.4979734
2021-09-29 00:00:00,3012885641.9155345
2021-09-30 00:00:00,4504376486.984763
2021-10-01 00:00:00,4232654754.3083906
2021-10-02 00:00:00,3853142042.5200534
2021-10-03 00:00:00,1994398643.2795122
2021-10-04 00:00:00,4985789606.153524
2021-10-05 00:00:00,5416025038.27413
2021-10-06 00:00:00,6336189181.684711
2021-10-07 00:00:00,7063813953.370817
2021-10-08 00:00:00,6223589466.505166
2021-10-09 00:00:00,2464860372.5671453
2021-10-10 00:00:00,2347027649.361444
2021-10-11 00:00:00,5135609835.395792
2021-10-12 00:00:00,6366837726.366944
2021-10-13 00:00:00,4979962944.730588
2021-10-14 00:00:00,5891473872.459068
2021-10-15 00:00:00,8109890836.895517
2021-10-16 00:00:00,4071153200.68119
2021-10-17 00:00:00,2583118319.7704897
2021-10-18 00:00:00,6507541620.990585
2021-10-19 00:00:00,7660166168.948563
2021-10-20 00:00:00,8272914781.251759
2021-10-21 00:00:00,10401915938.665773
2021-10-22 00:00:00,6910857031.200808
2021-10-23 00:00:00,2756385871.7599506
2021-10-24 00:00:00,3236266687.87158
2021-10-25 00:00:00,5639331920.894306
2021-10-26 00:00:00,4843465176.665527
2021-10-27 00:00:00,6142467781.29035
2021-10-28 00:00:00,6817487230.179183
2021-10-29 00:00:00,9086217833.395288
2021-10-30 00:00:00,3024703684.481092
2021-10-31 00:00:00,3075083985.1806726
2021-11-01 00:00:00,7239359626.762486
2021-11-02 00:00:00,8525610065.692273
2021-11-03 00:00:00,7935879531.750709
2021-11-04 00:00:00,4812348605.691654
2021-11-05 00:00:00,6435250914.315516
2021-11-06 00:00:00,2757510648.1908
2021-11-07 00:00:00,2452500859.5113378
2021-11-08 00:00:00,7868335326.849565
2021-11-09 00:00:00,8511741829.845534
2021-11-10 00:00:00,6732821875.94763
2021-11-11 00:00:00,5229229610.491692
2021-11-12 00:00:00,6291969519.770697
2021-11-13 00:00:00,2739693247.9953685
2021-11-14 00:00:00,2187474680.9118695
2021-11-15 00:00:00,5704920149.179018
2021-11-16 00:00:00,10498129183.520773
2021-11-17 00:00:00,7480898358.629728
2021-11-18 00:00:00,10213009488.771072
2021-11-19 00:00:00,6049553192.98817
2021-11-20 00:00:00,2884513913.260687
2021-11-21 00:00:00,2590670066.7854753
2021-11-22 00:00:00,7023168183.001444
2021-11-23 00:00:00,6167254618.969019
2021-11-24 00:00:00,5700109165.167301
2021-11-25 00:00:00,8960165966.469158
2021-11-26 00:00:00,11684205362.319239
2021-11-27 00:00:00,2469579561.408766
2021-11-28 00:00:00,1876057612.1335888
2021-11-29 00:00:00,7530278019.9418335
2021-11-30 00:00:00,6028906432.161463
2021-12-01 00:00:00,8653248451.14843
2021-12-02 00:00:00,7681001473.682921
2021-12-03 00:00:00,5995006290.502215
2021-12-04 00:00:00,7581447200.454808
2021-12-05 00:00:00,3421960961.3978696
2021-12-06 00:00:00,7568392055.448132
2021-12-07 00:00:00,6656838608.239965
2021-12-08 00:00:00,6017762761.471306
2021-12-09 00:00:00,7507375135.427462
2021-12-10 00:00:00,4646748174.122106
2021-12-12 00:00:00,1275484167.4894624
2021-12-13 00:00:00,4853087723.234491
2021-12-14 00:00:00,4698418162.43944
2021-12-15 00:00:00,3686557930.097905
2021-12-16 00:00:00,4310775515.150582
2021-12-17 00:00:00,4982379395.599065
2021-12-18 00:00:00,2953090166.838448
2021-12-19 00:00:00,1192663841.0107796
2021-12-20 00:00:00,5179702380.911862
2021-12-22 00:00:00,4726284070.96699
2021-12-23 00:00:00,6161478519.5308075
2021-12-25 00:00:00,5400013382.068076
2021-12-26 00:00:00,1467023519.278454
2021-12-27 00:00:00,4021079891.0736294
2021-12-28 00:00:00,4649088409.620785
2021-12-29 00:00:00,6252375351.267551
2021-12-30 00:00:00,4495058364.967323
2021-12-31 00:00:00,8132766321.979922
2022-01-01 00:00:00,2251115696.6149817
2022-01-02 00:00:00,1452133098.9064906
2022-01-03 00:00:00,2876707531.398016
2022-01-04 00:00:00,6318179076.736239
2022-01-05 00:00:00,4120168493.1743636
2022-01-06 00:00:00,6001701242.969663
2022-01-07 00:00:00,5738802120.501829
2022-01-08 00:00:00,1793479669.1852403
2022-01-09 00:00:00,1714179077.4363956
2022-01-10 00:00:00,4284557316.178955
2022-01-11 00:00:00,5047411626.824847
2022-01-12 00:00:00,4190460072.2756243
2022-01-13 00:00:00,4128979408.8463817
2022-01-14 00:00:00,4033611360.8800573
2022-01-15 00:00:00,1544258174.202277
2022-01-16 00:00:00,1212228816.9349117
2022-01-17 00:00:00,3617010045.4515376
2022-01-18 00:00:00,3467788987.631183
2022-01-19 00:00:00,6283645420.733321
2022-01-20 00:00:00,4889817377.076394
2022-01-21 00:00:00,9008771354.63786
2022-01-22 00:00:00,5255522709.505004
2022-01-23 00:00:00,2570198094.106021
2022-01-24 00:00:00,7041455187.922009
2022-01-25 00:00:00,4793129267.316919
2022-01-26 00:00:00,4724487375.564173
2022-01-27 00:00:00,5371981515.875196
2022-01-28 00:00:00,4157373396.2608657
2022-01-29 00:00:00,4795236874.619529
2022-01-30 00:00:00,6463007675.5186
2022-01-31 00:00:00,4888913631.257135
2022-02-01 00:00:00,8106321716.426824
2022-02-02 00:00:00,2772975354.8362947
2022-02-03 00:00:00,3817962311.6168633
2022-02-04 00:00:00,4038621760.862401
2022-02-05 00:00:00,3223821586.2602415
2022-02-06 00:00:00,1779702571.4899006
2022-02-07 00:00:00,5383799346.894287
2022-02-08 00:00:00,5859754859.502207
2022-02-09 00:00:00,3696031097.5932536
2022-02-10 00:00:00,5445221748.908677
2022-02-11 00:00:00,6311800630.988444
2022-02-12 00:00:00,2253577642.102851
2022-02-13 00:00:00,1353922240.451119
2022-02-14 00:00:00,3738130873.146192
2022-02-15 00:00:00,5996275894.199901
2022-02-16 00:00:00,3802128926.759299
2022-02-17 00:00:00,3727008285.934386
