Timestamp,n-transactions
2016-02-20 00:00:00,215728.0
2016-02-21 00:00:00,206617.0
2016-02-22 00:00:00,237696.0
2016-02-23 00:00:00,244748.0
2016-02-24 00:00:00,224927.0
2016-02-25 00:00:00,216290.0
2016-02-26 00:00:00,203635.0
2016-02-27 00:00:00,182177.0
2016-02-28 00:00:00,233436.0
2016-02-29 00:00:00,265320.0
2016-03-01 00:00:00,277094.0
2016-03-02 00:00:00,270206.0
2016-03-03 00:00:00,221652.0
2016-03-04 00:00:00,207485.0
2016-03-05 00:00:00,234992.0
2016-03-06 00:00:00,161739.0
2016-03-07 00:00:00,183255.0
2016-03-08 00:00:00,200298.0
2016-03-09 00:00:00,190388.0
2016-03-10 00:00:00,188726.0
2016-03-11 00:00:00,189816.0
2016-03-12 00:00:00,168013.0
2016-03-13 00:00:00,149803.0
2016-03-14 00:00:00,191341.0
2016-03-15 00:00:00,202426.0
2016-03-16 00:00:00,211992.0
2016-03-17 00:00:00,208319.0
2016-03-18 00:00:00,206022.0
2016-03-19 00:00:00,177478.0
2016-03-20 00:00:00,178143.0
2016-03-21 00:00:00,199006.0
2016-03-22 00:00:00,205208.0
2016-03-23 00:00:00,186808.0
2016-03-24 00:00:00,190094.0
2016-03-25 00:00:00,172309.0
2016-03-26 00:00:00,159049.0
2016-03-27 00:00:00,160266.0
2016-03-28 00:00:00,196080.0
2016-03-29 00:00:00,197409.0
2016-03-30 00:00:00,201028.0
2016-03-31 00:00:00,206476.0
2016-04-01 00:00:00,211922.0
2016-04-02 00:00:00,183503.0
2016-04-03 00:00:00,178429.0
2016-04-04 00:00:00,208929.0
2016-04-05 00:00:00,216176.0
2016-04-06 00:00:00,219290.0
2016-04-07 00:00:00,218463.0
2016-04-08 00:00:00,214191.0
2016-04-09 00:00:00,196441.0
2016-04-10 00:00:00,186954.0
2016-04-11 00:00:00,230040.0
2016-04-12 00:00:00,240206.0
2016-04-13 00:00:00,223506.0
2016-04-14 00:00:00,227928.0
2016-04-15 00:00:00,212178.0
2016-04-16 00:00:00,182004.0
2016-04-17 00:00:00,192428.0
2016-04-18 00:00:00,220395.0
2016-04-19 00:00:00,226511.0
2016-04-20 00:00:00,216780.0
2016-04-21 00:00:00,212795.0
2016-04-22 00:00:00,210976.0
2016-04-23 00:00:00,185216.0
2016-04-24 00:00:00,183155.0
2016-04-25 00:00:00,217564.0
2016-04-26 00:00:00,250744.0
2016-04-27 00:00:00,239435.0
2016-04-28 00:00:00,247957.0
2016-04-29 00:00:00,261884.0
2016-04-30 00:00:00,215712.0
2016-05-01 00:00:00,191430.0
2016-05-02 00:00:00,223785.0
2016-05-03 00:00:00,235609.0
2016-05-04 00:00:00,233691.0
2016-05-05 00:00:00,229573.0
2016-05-06 00:00:00,233232.0
2016-05-07 00:00:00,202062.0
2016-05-08 00:00:00,189025.0
2016-05-09 00:00:00,226449.0
2016-05-10 00:00:00,245721.0
2016-05-11 00:00:00,234412.0
2016-05-12 00:00:00,228409.0
2016-05-13 00:00:00,232146.0
2016-05-14 00:00:00,211280.0
2016-05-15 00:00:00,200171.0
2016-05-16 00:00:00,239809.0
2016-05-17 00:00:00,238626.0
2016-05-18 00:00:00,235083.0
2016-05-19 00:00:00,219145.0
2016-05-20 00:00:00,209396.0
2016-05-21 00:00:00,191461.0
2016-05-22 00:00:00,184348.0
2016-05-23 00:00:00,222754.0
2016-05-24 00:00:00,246517.0
2016-05-25 00:00:00,247841.0
2016-05-26 00:00:00,220091.0
2016-05-27 00:00:00,215296.0
2016-05-28 00:00:00,193054.0
2016-05-29 00:00:00,178742.0
2016-05-30 00:00:00,211368.0
2016-05-31 00:00:00,215249.0
2016-06-01 00:00:00,234384.0
2016-06-02 00:00:00,231099.0
2016-06-03 00:00:00,234669.0
2016-06-04 00:00:00,196665.0
2016-06-05 00:00:00,189802.0
2016-06-06 00:00:00,221171.0
2016-06-07 00:00:00,231016.0
2016-06-08 00:00:00,229933.0
2016-06-09 00:00:00,236353.0
2016-06-10 00:00:00,228367.0
2016-06-11 00:00:00,213159.0
2016-06-12 00:00:00,210711.0
2016-06-13 00:00:00,251354.0
2016-06-14 00:00:00,246829.0
2016-06-15 00:00:00,259202.0
2016-06-16 00:00:00,267870.0
2016-06-17 00:00:00,253752.0
2016-06-18 00:00:00,235317.0
2016-06-19 00:00:00,218298.0
2016-06-20 00:00:00,249334.0
2016-06-21 00:00:00,248164.0
2016-06-22 00:00:00,235641.0
2016-06-23 00:00:00,241300.0
2016-06-24 00:00:00,237625.0
2016-06-25 00:00:00,206919.0
2016-06-26 00:00:00,181348.0
2016-06-27 00:00:00,217029.0
2016-06-28 00:00:00,212607.0
2016-06-29 00:00:00,224112.0
2016-06-30 00:00:00,231960.0
2016-07-01 00:00:00,205801.0
2016-07-02 00:00:00,198875.0
2016-07-03 00:00:00,177127.0
2016-07-04 00:00:00,213900.0
2016-07-05 00:00:00,214959.0
2016-07-06 00:00:00,214691.0
2016-07-07 00:00:00,215548.0
2016-07-08 00:00:00,210701.0
2016-07-09 00:00:00,185405.0
2016-07-10 00:00:00,162608.0
2016-07-11 00:00:00,218089.0
2016-07-12 00:00:00,219034.0
2016-07-13 00:00:00,216503.0
2016-07-14 00:00:00,217695.0
2016-07-15 00:00:00,216081.0
2016-07-16 00:00:00,182192.0
2016-07-17 00:00:00,171013.0
2016-07-18 00:00:00,222835.0
2016-07-19 00:00:00,222146.0
2016-07-20 00:00:00,227429.0
2016-07-21 00:00:00,217606.0
2016-07-22 00:00:00,221404.0
2016-07-23 00:00:00,195796.0
2016-07-24 00:00:00,183890.0
2016-07-25 00:00:00,239715.0
2016-07-26 00:00:00,237673.0
2016-07-27 00:00:00,235603.0
2016-07-28 00:00:00,234863.0
2016-07-29 00:00:00,231414.0
2016-07-30 00:00:00,199484.0
2016-07-31 00:00:00,192254.0
2016-08-01 00:00:00,225049.0
2016-08-02 00:00:00,251098.0
2016-08-03 00:00:00,241782.0
2016-08-04 00:00:00,231835.0
2016-08-05 00:00:00,228244.0
2016-08-06 00:00:00,195669.0
2016-08-07 00:00:00,192414.0
2016-08-08 00:00:00,235295.0
2016-08-09 00:00:00,231400.0
2016-08-10 00:00:00,244740.0
2016-08-11 00:00:00,254515.0
2016-08-12 00:00:00,232973.0
2016-08-13 00:00:00,214569.0
2016-08-14 00:00:00,200174.0
2016-08-15 00:00:00,202896.0
2016-08-16 00:00:00,254431.0
2016-08-17 00:00:00,238003.0
2016-08-18 00:00:00,239541.0
2016-08-19 00:00:00,246095.0
2016-08-20 00:00:00,208224.0
2016-08-21 00:00:00,184904.0
2016-08-22 00:00:00,228373.0
2016-08-23 00:00:00,239021.0
2016-08-24 00:00:00,235130.0
2016-08-25 00:00:00,234009.0
2016-08-26 00:00:00,226767.0
2016-08-27 00:00:00,191098.0
2016-08-28 00:00:00,174489.0
2016-08-29 00:00:00,225282.0
2016-08-30 00:00:00,252002.0
2016-08-31 00:00:00,225360.0
2016-09-01 00:00:00,237466.0
2016-09-02 00:00:00,225856.0
2016-09-03 00:00:00,182204.0
2016-09-04 00:00:00,183244.0
2016-09-05 00:00:00,227683.0
2016-09-06 00:00:00,232118.0
2016-09-07 00:00:00,250809.0
2016-09-08 00:00:00,227006.0
2016-09-09 00:00:00,220534.0
2016-09-10 00:00:00,193320.0
2016-09-11 00:00:00,180391.0
2016-09-12 00:00:00,208649.0
2016-09-13 00:00:00,239886.0
2016-09-14 00:00:00,231800.0
2016-09-15 00:00:00,233488.0
2016-09-16 00:00:00,211128.0
2016-09-17 00:00:00,215529.0
2016-09-18 00:00:00,191603.0
2016-09-19 00:00:00,223540.0
2016-09-20 00:00:00,244315.0
2016-09-21 00:00:00,239216.0
2016-09-22 00:00:00,231227.0
2016-09-23 00:00:00,223187.0
2016-09-24 00:00:00,208650.0
2016-09-25 00:00:00,195642.0
2016-09-26 00:00:00,230769.0
2016-09-27 00:00:00,240335.0
2016-09-28 00:00:00,234995.0
2016-09-29 00:00:00,242730.0
2016-09-30 00:00:00,250943.0
2016-10-01 00:00:00,213930.0
2016-10-02 00:00:00,194823.0
2016-10-03 00:00:00,256665.0
2016-10-04 00:00:00,264662.0
2016-10-05 00:00:00,266811.0
2016-10-06 00:00:00,274486.0
2016-10-07 00:00:00,266324.0
2016-10-08 00:00:00,250672.0
2016-10-09 00:00:00,210548.0
2016-10-10 00:00:00,222996.0
2016-10-11 00:00:00,263565.0
2016-10-12 00:00:00,233440.0
2016-10-13 00:00:00,229703.0
2016-10-14 00:00:00,239724.0
2016-10-15 00:00:00,210448.0
2016-10-16 00:00:00,197876.0
2016-10-17 00:00:00,237232.0
2016-10-18 00:00:00,251521.0
2016-10-19 00:00:00,199083.0
2016-10-20 00:00:00,270380.0
2016-10-21 00:00:00,265355.0
2016-10-22 00:00:00,216708.0
2016-10-23 00:00:00,191578.0
2016-10-24 00:00:00,226980.0
2016-10-25 00:00:00,237030.0
2016-10-26 00:00:00,223316.0
2016-10-27 00:00:00,326388.0
2016-10-28 00:00:00,250876.0
2016-10-29 00:00:00,229689.0
2016-10-30 00:00:00,207982.0
2016-10-31 00:00:00,241778.0
2016-11-01 00:00:00,246650.0
2016-11-02 00:00:00,268418.0
2016-11-03 00:00:00,271998.0
2016-11-04 00:00:00,248043.0
2016-11-05 00:00:00,238215.0
2016-11-06 00:00:00,225786.0
2016-11-07 00:00:00,274281.0
2016-11-08 00:00:00,296060.0
2016-11-09 00:00:00,270095.0
2016-11-10 00:00:00,271374.0
2016-11-11 00:00:00,254619.0
2016-11-12 00:00:00,228886.0
2016-11-13 00:00:00,219657.0
2016-11-14 00:00:00,270506.0
2016-11-15 00:00:00,280352.0
2016-11-16 00:00:00,289789.0
2016-11-17 00:00:00,277460.0
2016-11-18 00:00:00,275925.0
2016-11-19 00:00:00,249760.0
2016-11-20 00:00:00,243591.0
2016-11-21 00:00:00,285793.0
2016-11-22 00:00:00,285635.0
2016-11-23 00:00:00,276924.0
2016-11-24 00:00:00,328538.0
2016-11-25 00:00:00,315387.0
2016-11-26 00:00:00,277608.0
2016-11-27 00:00:00,237389.0
2016-11-28 00:00:00,298530.0
2016-11-29 00:00:00,289650.0
2016-11-30 00:00:00,292654.0
2016-12-01 00:00:00,239682.0
2016-12-02 00:00:00,315478.0
2016-12-03 00:00:00,287988.0
2016-12-04 00:00:00,245650.0
2016-12-05 00:00:00,278001.0
2016-12-06 00:00:00,319762.0
2016-12-07 00:00:00,310754.0
2016-12-08 00:00:00,282711.0
2016-12-09 00:00:00,268815.0
2016-12-10 00:00:00,250241.0
2016-12-11 00:00:00,229933.0
2016-12-12 00:00:00,268662.0
2016-12-13 00:00:00,291757.0
2016-12-14 00:00:00,286328.0
2016-12-15 00:00:00,282685.0
2016-12-16 00:00:00,279361.0
2016-12-17 00:00:00,238130.0
2016-12-18 00:00:00,235789.0
2016-12-19 00:00:00,282129.0
2016-12-20 00:00:00,296473.0
2016-12-21 00:00:00,325677.0
2016-12-22 00:00:00,314644.0
2016-12-23 00:00:00,304997.0
2016-12-24 00:00:00,240820.0
2016-12-25 00:00:00,197364.0
2016-12-26 00:00:00,244914.0
2016-12-27 00:00:00,296546.0
2016-12-28 00:00:00,305394.0
2016-12-29 00:00:00,304605.0
2016-12-30 00:00:00,286818.0
2016-12-31 00:00:00,250273.0
2017-01-01 00:00:00,180502.0
2017-01-02 00:00:00,290951.0
2017-01-03 00:00:00,301664.0
2017-01-04 00:00:00,328642.0
2017-01-05 00:00:00,288501.0
2017-01-06 00:00:00,346405.0
2017-01-07 00:00:00,282060.0
2017-01-08 00:00:00,260101.0
2017-01-09 00:00:00,269947.0
2017-01-10 00:00:00,323888.0
2017-01-11 00:00:00,303058.0
2017-01-12 00:00:00,295125.0
2017-01-13 00:00:00,272747.0
2017-01-14 00:00:00,242269.0
2017-01-15 00:00:00,235999.0
2017-01-16 00:00:00,267640.0
2017-01-17 00:00:00,292697.0
2017-01-18 00:00:00,297100.0
2017-01-19 00:00:00,300605.0
2017-01-20 00:00:00,298377.0
2017-01-21 00:00:00,263562.0
2017-01-22 00:00:00,236886.0
2017-01-23 00:00:00,235530.0
2017-01-24 00:00:00,278177.0
2017-01-25 00:00:00,304727.0
2017-01-26 00:00:00,313755.0
2017-01-27 00:00:00,263332.0
2017-01-28 00:00:00,246395.0
2017-01-29 00:00:00,241627.0
2017-01-30 00:00:00,247408.0
2017-01-31 00:00:00,307683.0
2017-02-01 00:00:00,350560.0
2017-02-02 00:00:00,259559.0
2017-02-03 00:00:00,323563.0
2017-02-04 00:00:00,284778.0
2017-02-05 00:00:00,292101.0
2017-02-06 00:00:00,230027.0
2017-02-07 00:00:00,325268.0
2017-02-08 00:00:00,308316.0
2017-02-09 00:00:00,346544.0
2017-02-10 00:00:00,301789.0
2017-02-11 00:00:00,262686.0
2017-02-12 00:00:00,237744.0
2017-02-13 00:00:00,288290.0
2017-02-14 00:00:00,315084.0
2017-02-15 00:00:00,294786.0
2017-02-16 00:00:00,283203.0
2017-02-17 00:00:00,319767.0
2017-02-18 00:00:00,286143.0
2017-02-19 00:00:00,251721.0
2017-02-20 00:00:00,282728.0
2017-02-21 00:00:00,279090.0
2017-02-22 00:00:00,282194.0
2017-02-23 00:00:00,325913.0
2017-02-24 00:00:00,343805.0
2017-02-25 00:00:00,326521.0
2017-02-26 00:00:00,265203.0
2017-02-27 00:00:00,284555.0
2017-02-28 00:00:00,325414.0
2017-03-01 00:00:00,315883.0
2017-03-02 00:00:00,329428.0
2017-03-03 00:00:00,337310.0
2017-03-04 00:00:00,265780.0
2017-03-05 00:00:00,280739.0
2017-03-06 00:00:00,287731.0
2017-03-07 00:00:00,327902.0
2017-03-08 00:00:00,297108.0
2017-03-09 00:00:00,303632.0
2017-03-10 00:00:00,308482.0
2017-03-11 00:00:00,280681.0
2017-03-12 00:00:00,221110.0
2017-03-13 00:00:00,273079.0
2017-03-14 00:00:00,310395.0
2017-03-15 00:00:00,292434.0
2017-03-16 00:00:00,327034.0
2017-03-17 00:00:00,292196.0
2017-03-18 00:00:00,263530.0
2017-03-19 00:00:00,269336.0
2017-03-20 00:00:00,277033.0
2017-03-21 00:00:00,288055.0
2017-03-22 00:00:00,316593.0
2017-03-23 00:00:00,287871.0
2017-03-24 00:00:00,289521.0
2017-03-25 00:00:00,242975.0
2017-03-26 00:00:00,221915.0
2017-03-27 00:00:00,232291.0
2017-03-28 00:00:00,294001.0
2017-03-29 00:00:00,283931.0
2017-03-30 00:00:00,288788.0
2017-03-31 00:00:00,259403.0
2017-04-01 00:00:00,255871.0
2017-04-02 00:00:00,244203.0
2017-04-03 00:00:00,288141.0
2017-04-04 00:00:00,256015.0
2017-04-05 00:00:00,316555.0
2017-04-06 00:00:00,290465.0
2017-04-07 00:00:00,295463.0
2017-04-08 00:00:00,226959.0
2017-04-09 00:00:00,238286.0
2017-04-10 00:00:00,273384.0
2017-04-11 00:00:00,307893.0
2017-04-12 00:00:00,278093.0
2017-04-13 00:00:00,228679.0
2017-04-14 00:00:00,290208.0
2017-04-15 00:00:00,270705.0
2017-04-16 00:00:00,211829.0
2017-04-17 00:00:00,245184.0
2017-04-18 00:00:00,303091.0
2017-04-19 00:00:00,310104.0
2017-04-20 00:00:00,267915.0
2017-04-21 00:00:00,330354.0
2017-04-22 00:00:00,268712.0
2017-04-23 00:00:00,245039.0
2017-04-24 00:00:00,222671.0
2017-04-25 00:00:00,325387.0
2017-04-26 00:00:00,334471.0
2017-04-27 00:00:00,297884.0
2017-04-28 00:00:00,305271.0
2017-04-29 00:00:00,341319.0
2017-04-30 00:00:00,281489.0
2017-05-01 00:00:00,294786.0
2017-05-02 00:00:00,333161.0
2017-05-03 00:00:00,295149.0
2017-05-04 00:00:00,354737.0
2017-05-05 00:00:00,267193.0
2017-05-06 00:00:00,363022.0
2017-05-07 00:00:00,316011.0
2017-05-08 00:00:00,365096.0
2017-05-09 00:00:00,332879.0
2017-05-10 00:00:00,311391.0
2017-05-11 00:00:00,294743.0
2017-05-12 00:00:00,317698.0
2017-05-13 00:00:00,329266.0
2017-05-14 00:00:00,369098.0
2017-05-15 00:00:00,329229.0
2017-05-16 00:00:00,233977.0
2017-05-17 00:00:00,317527.0
2017-05-18 00:00:00,288904.0
2017-05-19 00:00:00,319502.0
2017-05-20 00:00:00,352805.0
2017-05-21 00:00:00,326057.0
2017-05-22 00:00:00,327868.0
2017-05-23 00:00:00,367710.0
2017-05-24 00:00:00,338642.0
2017-05-25 00:00:00,350114.0
2017-05-26 00:00:00,333340.0
2017-05-27 00:00:00,331914.0
2017-05-28 00:00:00,308143.0
2017-05-29 00:00:00,321638.0
2017-05-30 00:00:00,347961.0
2017-05-31 00:00:00,321634.0
2017-06-01 00:00:00,319709.0
2017-06-02 00:00:00,271539.0
2017-06-03 00:00:00,305320.0
2017-06-04 00:00:00,266044.0
2017-06-05 00:00:00,289930.0
2017-06-06 00:00:00,297416.0
2017-06-07 00:00:00,339720.0
2017-06-08 00:00:00,307377.0
2017-06-09 00:00:00,282184.0
2017-06-10 00:00:00,254993.0
2017-06-11 00:00:00,222892.0
2017-06-12 00:00:00,269098.0
2017-06-13 00:00:00,291776.0
2017-06-14 00:00:00,287644.0
2017-06-15 00:00:00,293141.0
2017-06-16 00:00:00,269937.0
2017-06-17 00:00:00,236554.0
2017-06-18 00:00:00,209359.0
2017-06-19 00:00:00,269774.0
2017-06-20 00:00:00,269438.0
2017-06-21 00:00:00,280203.0
2017-06-22 00:00:00,269685.0
2017-06-23 00:00:00,259938.0
2017-06-24 00:00:00,227127.0
2017-06-25 00:00:00,180719.0
2017-06-26 00:00:00,261906.0
2017-06-27 00:00:00,259737.0
2017-06-28 00:00:00,279811.0
2017-06-29 00:00:00,231054.0
2017-06-30 00:00:00,267360.0
2017-07-01 00:00:00,221856.0
2017-07-02 00:00:00,196539.0
2017-07-03 00:00:00,253244.0
2017-07-04 00:00:00,255483.0
2017-07-05 00:00:00,237008.0
2017-07-06 00:00:00,225106.0
2017-07-07 00:00:00,243614.0
2017-07-08 00:00:00,220835.0
2017-07-09 00:00:00,188124.0
2017-07-10 00:00:00,251722.0
2017-07-11 00:00:00,265759.0
2017-07-12 00:00:00,257138.0
2017-07-13 00:00:00,245895.0
2017-07-14 00:00:00,227903.0
2017-07-15 00:00:00,221851.0
2017-07-16 00:00:00,203165.0
2017-07-17 00:00:00,230315.0
2017-07-18 00:00:00,260575.0
2017-07-19 00:00:00,253768.0
2017-07-20 00:00:00,230199.0
2017-07-21 00:00:00,268443.0
2017-07-22 00:00:00,223358.0
2017-07-23 00:00:00,181031.0
2017-07-24 00:00:00,240072.0
2017-07-25 00:00:00,244036.0
2017-07-26 00:00:00,237853.0
2017-07-27 00:00:00,225369.0
2017-07-28 00:00:00,247207.0
2017-07-29 00:00:00,211134.0
2017-07-30 00:00:00,184145.0
2017-07-31 00:00:00,231012.0
2017-08-01 00:00:00,131875.0
2017-08-02 00:00:00,209321.0
2017-08-03 00:00:00,213017.0
2017-08-04 00:00:00,235792.0
2017-08-05 00:00:00,239771.0
2017-08-06 00:00:00,199627.0
2017-08-07 00:00:00,249002.0
2017-08-08 00:00:00,275574.0
2017-08-09 00:00:00,260955.0
2017-08-10 00:00:00,257965.0
2017-08-11 00:00:00,284001.0
2017-08-12 00:00:00,260521.0
2017-08-13 00:00:00,263310.0
2017-08-14 00:00:00,255362.0
2017-08-15 00:00:00,311002.0
2017-08-16 00:00:00,274866.0
2017-08-17 00:00:00,347319.0
2017-08-18 00:00:00,312250.0
2017-08-19 00:00:00,266832.0
2017-08-20 00:00:00,210852.0
2017-08-21 00:00:00,236772.0
2017-08-22 00:00:00,196283.0
2017-08-23 00:00:00,315734.0
2017-08-24 00:00:00,203805.0
2017-08-25 00:00:00,208169.0
2017-08-26 00:00:00,226485.0
2017-08-27 00:00:00,261891.0
2017-08-28 00:00:00,223771.0
2017-08-29 00:00:00,281116.0
2017-08-30 00:00:00,271466.0
2017-08-31 00:00:00,280724.0
2017-09-01 00:00:00,283670.0
2017-09-02 00:00:00,236811.0
2017-09-03 00:00:00,195289.0
2017-09-04 00:00:00,269280.0
2017-09-05 00:00:00,277948.0
2017-09-06 00:00:00,276225.0
2017-09-07 00:00:00,256374.0
2017-09-08 00:00:00,279488.0
2017-09-09 00:00:00,217890.0
2017-09-10 00:00:00,193240.0
2017-09-11 00:00:00,253492.0
2017-09-12 00:00:00,256230.0
2017-09-13 00:00:00,263320.0
2017-09-14 00:00:00,268068.0
2017-09-15 00:00:00,292079.0
2017-09-16 00:00:00,228257.0
2017-09-17 00:00:00,197683.0
2017-09-18 00:00:00,218204.0
2017-09-19 00:00:00,282917.0
2017-09-20 00:00:00,235723.0
2017-09-21 00:00:00,255257.0
2017-09-22 00:00:00,227615.0
2017-09-23 00:00:00,203861.0
2017-09-24 00:00:00,185277.0
2017-09-25 00:00:00,226603.0
2017-09-26 00:00:00,263648.0
2017-09-27 00:00:00,257961.0
2017-09-28 00:00:00,275976.0
2017-09-29 00:00:00,254438.0
2017-09-30 00:00:00,212678.0
2017-10-01 00:00:00,203653.0
2017-10-02 00:00:00,295002.0
2017-10-03 00:00:00,282132.0
2017-10-04 00:00:00,232826.0
2017-10-05 00:00:00,273243.0
2017-10-06 00:00:00,283699.0
2017-10-07 00:00:00,231226.0
2017-10-08 00:00:00,238385.0
2017-10-09 00:00:00,296946.0
2017-10-10 00:00:00,303101.0
2017-10-11 00:00:00,292459.0
2017-10-12 00:00:00,293164.0
2017-10-13 00:00:00,309819.0
2017-10-14 00:00:00,293140.0
2017-10-15 00:00:00,283473.0
2017-10-16 00:00:00,314725.0
2017-10-17 00:00:00,334438.0
2017-10-18 00:00:00,329579.0
2017-10-19 00:00:00,356985.0
2017-10-20 00:00:00,312409.0
2017-10-21 00:00:00,312257.0
2017-10-22 00:00:00,289131.0
2017-10-23 00:00:00,316096.0
2017-10-24 00:00:00,347220.0
2017-10-25 00:00:00,315415.0
2017-10-26 00:00:00,265827.0
2017-10-27 00:00:00,246692.0
2017-10-28 00:00:00,207066.0
2017-10-29 00:00:00,334025.0
2017-10-30 00:00:00,316077.0
2017-10-31 00:00:00,277535.0
2017-11-01 00:00:00,351529.0
2017-11-02 00:00:00,341474.0
2017-11-03 00:00:00,277598.0
2017-11-04 00:00:00,294121.0
2017-11-05 00:00:00,251728.0
2017-11-06 00:00:00,271029.0
2017-11-07 00:00:00,335636.0
2017-11-08 00:00:00,301346.0
2017-11-09 00:00:00,341281.0
2017-11-10 00:00:00,271745.0
2017-11-11 00:00:00,197081.0
2017-11-12 00:00:00,183519.0
2017-11-13 00:00:00,309299.0
2017-11-14 00:00:00,271995.0
2017-11-15 00:00:00,321788.0
2017-11-16 00:00:00,310396.0
2017-11-17 00:00:00,306617.0
2017-11-18 00:00:00,270874.0
2017-11-19 00:00:00,264855.0
2017-11-20 00:00:00,336204.0
2017-11-21 00:00:00,371091.0
2017-11-22 00:00:00,312033.0
2017-11-23 00:00:00,352207.0
2017-11-24 00:00:00,305735.0
2017-11-25 00:00:00,336689.0
2017-11-26 00:00:00,329677.0
2017-11-27 00:00:00,379256.0
2017-11-28 00:00:00,365977.0
2017-11-29 00:00:00,398090.0
2017-11-30 00:00:00,384386.0
2017-12-01 00:00:00,412908.0
2017-12-02 00:00:00,326354.0
2017-12-03 00:00:00,353044.0
2017-12-04 00:00:00,400686.0
2017-12-05 00:00:00,405709.0
2017-12-06 00:00:00,443587.0
2017-12-07 00:00:00,374917.0
2017-12-08 00:00:00,385092.0
2017-12-09 00:00:00,403399.0
2017-12-10 00:00:00,341420.0
2017-12-11 00:00:00,368598.0
2017-12-12 00:00:00,372977.0
2017-12-13 00:00:00,424579.0
2017-12-14 00:00:00,490644.0
2017-12-15 00:00:00,405676.0
2017-12-16 00:00:00,364222.0
2017-12-17 00:00:00,391910.0
2017-12-18 00:00:00,394239.0
2017-12-19 00:00:00,378622.0
2017-12-20 00:00:00,370277.0
2017-12-21 00:00:00,335482.0
2017-12-22 00:00:00,380648.0
2017-12-23 00:00:00,308211.0
2017-12-24 00:00:00,279523.0
2017-12-25 00:00:00,228926.0
2017-12-26 00:00:00,247440.0
2017-12-27 00:00:00,307642.0
2017-12-28 00:00:00,305053.0
2017-12-29 00:00:00,353824.0
2017-12-30 00:00:00,344407.0
2017-12-31 00:00:00,290422.0
2018-01-01 00:00:00,241757.0
2018-01-02 00:00:00,340980.0
2018-01-03 00:00:00,395963.0
2018-01-04 00:00:00,425008.0
2018-01-05 00:00:00,342707.0
2018-01-06 00:00:00,358847.0
2018-01-07 00:00:00,368187.0
2018-01-08 00:00:00,345672.0
2018-01-09 00:00:00,360265.0
2018-01-10 00:00:00,347393.0
2018-01-11 00:00:00,337959.0
2018-01-12 00:00:00,300091.0
2018-01-13 00:00:00,265735.0
2018-01-14 00:00:00,235045.0
2018-01-15 00:00:00,273623.0
2018-01-16 00:00:00,303725.0
2018-01-17 00:00:00,315771.0
2018-01-18 00:00:00,309495.0
2018-01-19 00:00:00,243619.0
2018-01-20 00:00:00,240611.0
2018-01-21 00:00:00,215622.0
2018-01-22 00:00:00,245562.0
2018-01-23 00:00:00,271936.0
2018-01-24 00:00:00,250423.0
2018-01-25 00:00:00,236580.0
2018-01-26 00:00:00,220459.0
2018-01-27 00:00:00,193578.0
2018-01-28 00:00:00,213446.0
2018-01-29 00:00:00,232176.0
2018-01-30 00:00:00,236609.0
2018-01-31 00:00:00,204276.0
2018-02-01 00:00:00,257664.0
2018-02-02 00:00:00,235918.0
2018-02-03 00:00:00,194891.0
2018-02-04 00:00:00,173687.0
2018-02-05 00:00:00,216363.0
2018-02-06 00:00:00,244120.0
2018-02-07 00:00:00,213719.0
2018-02-08 00:00:00,173289.0
2018-02-09 00:00:00,177860.0
2018-02-10 00:00:00,181783.0
2018-02-11 00:00:00,147208.0
2018-02-12 00:00:00,186918.0
2018-02-13 00:00:00,182984.0
2018-02-14 00:00:00,196417.0
2018-02-15 00:00:00,198183.0
2018-02-16 00:00:00,187738.0
2018-02-17 00:00:00,173789.0
2018-02-18 00:00:00,159495.0
2018-02-19 00:00:00,187367.0
2018-02-20 00:00:00,198455.0
2018-02-21 00:00:00,205201.0
2018-02-22 00:00:00,183235.0
2018-02-23 00:00:00,185193.0
2018-02-24 00:00:00,154534.0
2018-02-25 00:00:00,144869.0
2018-02-26 00:00:00,186474.0
2018-02-27 00:00:00,219624.0
2018-02-28 00:00:00,189223.0
2018-03-01 00:00:00,233744.0
2018-03-02 00:00:00,195073.0
2018-03-03 00:00:00,177024.0
2018-03-04 00:00:00,160231.0
2018-03-05 00:00:00,201438.0
2018-03-06 00:00:00,206016.0
2018-03-07 00:00:00,213978.0
2018-03-08 00:00:00,196422.0
2018-03-09 00:00:00,198180.0
2018-03-10 00:00:00,156228.0
2018-03-11 00:00:00,150884.0
2018-03-12 00:00:00,188394.0
2018-03-13 00:00:00,196140.0
2018-03-14 00:00:00,191042.0
2018-03-15 00:00:00,206186.0
2018-03-16 00:00:00,186979.0
2018-03-17 00:00:00,154496.0
2018-03-18 00:00:00,164401.0
2018-03-19 00:00:00,191528.0
2018-03-20 00:00:00,195168.0
2018-03-21 00:00:00,194846.0
2018-03-22 00:00:00,185187.0
2018-03-23 00:00:00,179818.0
2018-03-24 00:00:00,157087.0
2018-03-25 00:00:00,135274.0
2018-03-26 00:00:00,187850.0
2018-03-27 00:00:00,187065.0
2018-03-28 00:00:00,177521.0
2018-03-29 00:00:00,192411.0
2018-03-30 00:00:00,185940.0
2018-03-31 00:00:00,148617.0
2018-04-01 00:00:00,135129.0
2018-04-02 00:00:00,168178.0
2018-04-03 00:00:00,198919.0
2018-04-04 00:00:00,185710.0
2018-04-05 00:00:00,181832.0
2018-04-06 00:00:00,172889.0
2018-04-07 00:00:00,154639.0
2018-04-08 00:00:00,138535.0
2018-04-09 00:00:00,176563.0
2018-04-10 00:00:00,186415.0
2018-04-11 00:00:00,183248.0
2018-04-12 00:00:00,210879.0
2018-04-13 00:00:00,217282.0
2018-04-14 00:00:00,161843.0
2018-04-15 00:00:00,174031.0
2018-04-16 00:00:00,196106.0
2018-04-17 00:00:00,201820.0
2018-04-18 00:00:00,200740.0
2018-04-19 00:00:00,213523.0
2018-04-20 00:00:00,207777.0
2018-04-21 00:00:00,193975.0
2018-04-22 00:00:00,171870.0
2018-04-23 00:00:00,226353.0
2018-04-24 00:00:00,254493.0
2018-04-25 00:00:00,213155.0
2018-04-26 00:00:00,216732.0
2018-04-27 00:00:00,211119.0
2018-04-28 00:00:00,203681.0
2018-04-29 00:00:00,180798.0
2018-04-30 00:00:00,215107.0
2018-05-01 00:00:00,199959.0
2018-05-02 00:00:00,212296.0
2018-05-03 00:00:00,228521.0
2018-05-04 00:00:00,219069.0
2018-05-05 00:00:00,202703.0
2018-05-06 00:00:00,171761.0
2018-05-07 00:00:00,205063.0
2018-05-08 00:00:00,217810.0
2018-05-09 00:00:00,206579.0
2018-05-10 00:00:00,208961.0
2018-05-11 00:00:00,213624.0
2018-05-12 00:00:00,182054.0
2018-05-13 00:00:00,158794.0
2018-05-14 00:00:00,209697.0
2018-05-15 00:00:00,214779.0
2018-05-16 00:00:00,208463.0
2018-05-17 00:00:00,192683.0
2018-05-18 00:00:00,211496.0
2018-05-19 00:00:00,173274.0
2018-05-20 00:00:00,158663.0
2018-05-21 00:00:00,202647.0
2018-05-22 00:00:00,203337.0
2018-05-23 00:00:00,223196.0
2018-05-24 00:00:00,206825.0
2018-05-25 00:00:00,196181.0
2018-05-26 00:00:00,158783.0
2018-05-27 00:00:00,144304.0
2018-05-28 00:00:00,189063.0
2018-05-29 00:00:00,204769.0
2018-05-30 00:00:00,204077.0
2018-05-31 00:00:00,209526.0
2018-06-01 00:00:00,205481.0
2018-06-02 00:00:00,174497.0
2018-06-03 00:00:00,163443.0
2018-06-04 00:00:00,209916.0
2018-06-05 00:00:00,212901.0
2018-06-06 00:00:00,206417.0
2018-06-07 00:00:00,207627.0
2018-06-08 00:00:00,200379.0
2018-06-09 00:00:00,171306.0
2018-06-10 00:00:00,179809.0
2018-06-11 00:00:00,213196.0
2018-06-12 00:00:00,214595.0
2018-06-13 00:00:00,211829.0
2018-06-14 00:00:00,210029.0
2018-06-15 00:00:00,205861.0
2018-06-16 00:00:00,159090.0
2018-06-17 00:00:00,144908.0
2018-06-18 00:00:00,196305.0
2018-06-19 00:00:00,191805.0
2018-06-20 00:00:00,198889.0
2018-06-21 00:00:00,198113.0
2018-06-22 00:00:00,204144.0
2018-06-23 00:00:00,163295.0
2018-06-24 00:00:00,158022.0
2018-06-25 00:00:00,200173.0
2018-06-26 00:00:00,195404.0
2018-06-27 00:00:00,188510.0
2018-06-28 00:00:00,187624.0
2018-06-29 00:00:00,197881.0
2018-06-30 00:00:00,181065.0
2018-07-01 00:00:00,156247.0
2018-07-02 00:00:00,199294.0
2018-07-03 00:00:00,216747.0
2018-07-04 00:00:00,206788.0
2018-07-05 00:00:00,199600.0
2018-07-06 00:00:00,200993.0
2018-07-07 00:00:00,170160.0
2018-07-08 00:00:00,155685.0
2018-07-09 00:00:00,206546.0
2018-07-10 00:00:00,216063.0
2018-07-11 00:00:00,202603.0
2018-07-12 00:00:00,203535.0
2018-07-13 00:00:00,207904.0
2018-07-14 00:00:00,176475.0
2018-07-15 00:00:00,161151.0
2018-07-16 00:00:00,207842.0
2018-07-17 00:00:00,233966.0
2018-07-18 00:00:00,238769.0
2018-07-19 00:00:00,225039.0
2018-07-20 00:00:00,225529.0
2018-07-21 00:00:00,184803.0
2018-07-22 00:00:00,167129.0
2018-07-23 00:00:00,229480.0
2018-07-24 00:00:00,259358.0
2018-07-25 00:00:00,250208.0
2018-07-26 00:00:00,231679.0
2018-07-27 00:00:00,229397.0
2018-07-28 00:00:00,188238.0
2018-07-29 00:00:00,168407.0
2018-07-30 00:00:00,230924.0
2018-07-31 00:00:00,242977.0
2018-08-01 00:00:00,241044.0
2018-08-02 00:00:00,224873.0
2018-08-03 00:00:00,229859.0
2018-08-04 00:00:00,191657.0
2018-08-05 00:00:00,172181.0
2018-08-06 00:00:00,218607.0
2018-08-07 00:00:00,233045.0
2018-08-08 00:00:00,235311.0
2018-08-09 00:00:00,222326.0
2018-08-10 00:00:00,226148.0
2018-08-11 00:00:00,192438.0
2018-08-12 00:00:00,165044.0
2018-08-13 00:00:00,222229.0
2018-08-14 00:00:00,247622.0
2018-08-15 00:00:00,246066.0
2018-08-16 00:00:00,232335.0
2018-08-17 00:00:00,233794.0
2018-08-18 00:00:00,190935.0
2018-08-19 00:00:00,167400.0
2018-08-20 00:00:00,214983.0
2018-08-21 00:00:00,217777.0
2018-08-22 00:00:00,230333.0
2018-08-23 00:00:00,217352.0
2018-08-24 00:00:00,219848.0
2018-08-25 00:00:00,196420.0
2018-08-26 00:00:00,172747.0
2018-08-27 00:00:00,223656.0
2018-08-28 00:00:00,238039.0
2018-08-29 00:00:00,237508.0
2018-08-30 00:00:00,231391.0
2018-08-31 00:00:00,237076.0
2018-09-01 00:00:00,213331.0
2018-09-02 00:00:00,187145.0
2018-09-03 00:00:00,222897.0
2018-09-04 00:00:00,232265.0
2018-09-05 00:00:00,246477.0
2018-09-06 00:00:00,252261.0
2018-09-07 00:00:00,230790.0
2018-09-08 00:00:00,204428.0
2018-09-09 00:00:00,188912.0
2018-09-10 00:00:00,222866.0
2018-09-11 00:00:00,237571.0
2018-09-12 00:00:00,233275.0
2018-09-13 00:00:00,234209.0
2018-09-14 00:00:00,223250.0
2018-09-15 00:00:00,211071.0
2018-09-16 00:00:00,179483.0
2018-09-17 00:00:00,240152.0
2018-09-18 00:00:00,244259.0
2018-09-19 00:00:00,251037.0
2018-09-20 00:00:00,253674.0
2018-09-21 00:00:00,273051.0
2018-09-22 00:00:00,225537.0
2018-09-23 00:00:00,200319.0
2018-09-24 00:00:00,237670.0
2018-09-25 00:00:00,252113.0
2018-09-26 00:00:00,243927.0
2018-09-27 00:00:00,248686.0
2018-09-28 00:00:00,254239.0
2018-09-29 00:00:00,218339.0
2018-09-30 00:00:00,208210.0
2018-10-01 00:00:00,242820.0
2018-10-02 00:00:00,244772.0
2018-10-03 00:00:00,242303.0
2018-10-04 00:00:00,243157.0
2018-10-05 00:00:00,244719.0
2018-10-06 00:00:00,214843.0
2018-10-07 00:00:00,219731.0
2018-10-08 00:00:00,248041.0
2018-10-09 00:00:00,235862.0
2018-10-10 00:00:00,244945.0
2018-10-11 00:00:00,262467.0
2018-10-12 00:00:00,243174.0
2018-10-13 00:00:00,205097.0
2018-10-14 00:00:00,191259.0
2018-10-15 00:00:00,266945.0
2018-10-16 00:00:00,257967.0
2018-10-17 00:00:00,260362.0
2018-10-18 00:00:00,253450.0
2018-10-19 00:00:00,253826.0
2018-10-20 00:00:00,227821.0
2018-10-21 00:00:00,211505.0
2018-10-22 00:00:00,255324.0
2018-10-23 00:00:00,253463.0
2018-10-24 00:00:00,254091.0
2018-10-25 00:00:00,254599.0
2018-10-26 00:00:00,253002.0
2018-10-27 00:00:00,233749.0
2018-10-28 00:00:00,219860.0
2018-10-29 00:00:00,269754.0
2018-10-30 00:00:00,283327.0
2018-10-31 00:00:00,288283.0
2018-11-01 00:00:00,281941.0
2018-11-02 00:00:00,292704.0
2018-11-03 00:00:00,249564.0
2018-11-04 00:00:00,229291.0
2018-11-05 00:00:00,293239.0
2018-11-06 00:00:00,285451.0
2018-11-07 00:00:00,293734.0
2018-11-08 00:00:00,277597.0
2018-11-09 00:00:00,283896.0
2018-11-10 00:00:00,252499.0
2018-11-11 00:00:00,246991.0
2018-11-12 00:00:00,300006.0
2018-11-13 00:00:00,279160.0
2018-11-14 00:00:00,292755.0
2018-11-15 00:00:00,291525.0
2018-11-16 00:00:00,283124.0
2018-11-17 00:00:00,262649.0
2018-11-18 00:00:00,239803.0
2018-11-19 00:00:00,267971.0
2018-11-20 00:00:00,288450.0
2018-11-21 00:00:00,254942.0
2018-11-22 00:00:00,266116.0
2018-11-23 00:00:00,275261.0
2018-11-24 00:00:00,250017.0
2018-11-25 00:00:00,239256.0
2018-11-26 00:00:00,257062.0
2018-11-27 00:00:00,268533.0
2018-11-28 00:00:00,254456.0
2018-11-29 00:00:00,246226.0
2018-11-30 00:00:00,250157.0
2018-12-01 00:00:00,241847.0
2018-12-02 00:00:00,222673.0
2018-12-03 00:00:00,240652.0
2018-12-04 00:00:00,270189.0
2018-12-05 00:00:00,256501.0
2018-12-06 00:00:00,279654.0
2018-12-07 00:00:00,253890.0
2018-12-08 00:00:00,231104.0
2018-12-09 00:00:00,238569.0
2018-12-10 00:00:00,258353.0
2018-12-11 00:00:00,251487.0
2018-12-12 00:00:00,261423.0
2018-12-13 00:00:00,268422.0
2018-12-14 00:00:00,275801.0
2018-12-15 00:00:00,262879.0
2018-12-16 00:00:00,226453.0
2018-12-17 00:00:00,298823.0
2018-12-18 00:00:00,266245.0
2018-12-19 00:00:00,302392.0
2018-12-20 00:00:00,287273.0
2018-12-21 00:00:00,280588.0
2018-12-22 00:00:00,251216.0
2018-12-23 00:00:00,250739.0
2018-12-24 00:00:00,272297.0
2018-12-25 00:00:00,265052.0
2018-12-26 00:00:00,281305.0
2018-12-27 00:00:00,300020.0
2018-12-28 00:00:00,308267.0
2018-12-29 00:00:00,264980.0
2018-12-30 00:00:00,267639.0
2018-12-31 00:00:00,259684.0
2019-01-01 00:00:00,234725.0
2019-01-02 00:00:00,271696.0
2019-01-03 00:00:00,291016.0
2019-01-04 00:00:00,281772.0
2019-01-05 00:00:00,265192.0
2019-01-06 00:00:00,258522.0
2019-01-07 00:00:00,284782.0
2019-01-08 00:00:00,318524.0
2019-01-09 00:00:00,319056.0
2019-01-10 00:00:00,327338.0
2019-01-11 00:00:00,308372.0
2019-01-12 00:00:00,281502.0
2019-01-13 00:00:00,276997.0
2019-01-14 00:00:00,326685.0
2019-01-15 00:00:00,302279.0
2019-01-16 00:00:00,305702.0
2019-01-17 00:00:00,296695.0
2019-01-18 00:00:00,305965.0
2019-01-19 00:00:00,282188.0
2019-01-20 00:00:00,294118.0
2019-01-21 00:00:00,315202.0
2019-01-22 00:00:00,296040.0
2019-01-23 00:00:00,293494.0
2019-01-24 00:00:00,308146.0
2019-01-25 00:00:00,301085.0
2019-01-26 00:00:00,288285.0
2019-01-27 00:00:00,276651.0
2019-01-28 00:00:00,308062.0
2019-01-29 00:00:00,326162.0
2019-01-30 00:00:00,321980.0
2019-01-31 00:00:00,353945.0
2019-02-01 00:00:00,339341.0
2019-02-02 00:00:00,322032.0
2019-02-03 00:00:00,300171.0
2019-02-04 00:00:00,335288.0
2019-02-05 00:00:00,354069.0
2019-02-06 00:00:00,349596.0
2019-02-07 00:00:00,353046.0
2019-02-08 00:00:00,335280.0
2019-02-09 00:00:00,310892.0
2019-02-10 00:00:00,299609.0
2019-02-11 00:00:00,315725.0
2019-02-12 00:00:00,271573.0
2019-02-13 00:00:00,352651.0
2019-02-14 00:00:00,354483.0
2019-02-15 00:00:00,296729.0
2019-02-16 00:00:00,332137.0
2019-02-17 00:00:00,327463.0
2019-02-18 00:00:00,344274.0
2019-02-19 00:00:00,348242.0
2019-02-20 00:00:00,314320.0
2019-02-21 00:00:00,297595.0
2019-02-22 00:00:00,350306.0
2019-02-23 00:00:00,328239.0
2019-02-24 00:00:00,320446.0
2019-02-25 00:00:00,336634.0
2019-02-26 00:00:00,366568.0
2019-02-27 00:00:00,344560.0
2019-02-28 00:00:00,367827.0
2019-03-01 00:00:00,354422.0
2019-03-02 00:00:00,335864.0
2019-03-03 00:00:00,353683.0
2019-03-04 00:00:00,304188.0
2019-03-05 00:00:00,285716.0
2019-03-06 00:00:00,277863.0
2019-03-07 00:00:00,282523.0
2019-03-08 00:00:00,285264.0
2019-03-09 00:00:00,239492.0
2019-03-10 00:00:00,212877.0
2019-03-11 00:00:00,294741.0
2019-03-12 00:00:00,285653.0
2019-03-13 00:00:00,285957.0
2019-03-14 00:00:00,299929.0
2019-03-15 00:00:00,296970.0
2019-03-16 00:00:00,262267.0
2019-03-17 00:00:00,227290.0
2019-03-18 00:00:00,291505.0
2019-03-19 00:00:00,304744.0
2019-03-20 00:00:00,304960.0
2019-03-21 00:00:00,300712.0
2019-03-22 00:00:00,298524.0
2019-03-23 00:00:00,251573.0
2019-03-24 00:00:00,226166.0
2019-03-25 00:00:00,322191.0
2019-03-26 00:00:00,366415.0
2019-03-27 00:00:00,383186.0
2019-03-28 00:00:00,393698.0
2019-03-29 00:00:00,369817.0
2019-03-30 00:00:00,377783.0
2019-03-31 00:00:00,381652.0
2019-04-01 00:00:00,368904.0
2019-04-02 00:00:00,401507.0
2019-04-03 00:00:00,360250.0
2019-04-04 00:00:00,354660.0
2019-04-05 00:00:00,387090.0
2019-04-06 00:00:00,359569.0
2019-04-07 00:00:00,350631.0
2019-04-08 00:00:00,372417.0
2019-04-09 00:00:00,346071.0
2019-04-10 00:00:00,396501.0
2019-04-11 00:00:00,402802.0
2019-04-12 00:00:00,376767.0
2019-04-13 00:00:00,367076.0
2019-04-14 00:00:00,337030.0
2019-04-15 00:00:00,381473.0
2019-04-16 00:00:00,358517.0
2019-04-17 00:00:00,350737.0
2019-04-18 00:00:00,382981.0
2019-04-19 00:00:00,362128.0
2019-04-20 00:00:00,319840.0
2019-04-21 00:00:00,390735.0
2019-04-22 00:00:00,342014.0
2019-04-23 00:00:00,311753.0
2019-04-24 00:00:00,404279.0
2019-04-25 00:00:00,384089.0
2019-04-26 00:00:00,381209.0
2019-04-27 00:00:00,359008.0
2019-04-28 00:00:00,383291.0
2019-04-29 00:00:00,363207.0
2019-04-30 00:00:00,346486.0
2019-05-01 00:00:00,439549.0
2019-05-02 00:00:00,452646.0
2019-05-03 00:00:00,383032.0
2019-05-04 00:00:00,355910.0
2019-05-05 00:00:00,330732.0
2019-05-06 00:00:00,378476.0
2019-05-07 00:00:00,329943.0
2019-05-08 00:00:00,393081.0
2019-05-09 00:00:00,361569.0
2019-05-10 00:00:00,322963.0
2019-05-11 00:00:00,344957.0
2019-05-12 00:00:00,338571.0
2019-05-13 00:00:00,390428.0
2019-05-14 00:00:00,367370.0
2019-05-15 00:00:00,368901.0
2019-05-16 00:00:00,375062.0
2019-05-17 00:00:00,361654.0
2019-05-18 00:00:00,359704.0
2019-05-19 00:00:00,346859.0
2019-05-20 00:00:00,381582.0
2019-05-21 00:00:00,380889.0
2019-05-22 00:00:00,394887.0
2019-05-23 00:00:00,389343.0
2019-05-24 00:00:00,373882.0
2019-05-25 00:00:00,338398.0
2019-05-26 00:00:00,374072.0
2019-05-27 00:00:00,399584.0
2019-05-28 00:00:00,390427.0
2019-05-29 00:00:00,405155.0
2019-05-30 00:00:00,376874.0
2019-05-31 00:00:00,298997.0
2019-06-01 00:00:00,332092.0
2019-06-02 00:00:00,301003.0
2019-06-03 00:00:00,294009.0
2019-06-04 00:00:00,374763.0
2019-06-05 00:00:00,372948.0
2019-06-06 00:00:00,364526.0
2019-06-07 00:00:00,350011.0
2019-06-08 00:00:00,294369.0
2019-06-09 00:00:00,300917.0
2019-06-10 00:00:00,353629.0
2019-06-11 00:00:00,340449.0
2019-06-12 00:00:00,328464.0
2019-06-13 00:00:00,364373.0
2019-06-14 00:00:00,364383.0
2019-06-15 00:00:00,330954.0
2019-06-16 00:00:00,295254.0
2019-06-17 00:00:00,321072.0
2019-06-18 00:00:00,394843.0
2019-06-19 00:00:00,401032.0
2019-06-20 00:00:00,330103.0
2019-06-21 00:00:00,337741.0
2019-06-22 00:00:00,354075.0
2019-06-23 00:00:00,380088.0
2019-06-24 00:00:00,388342.0
2019-06-25 00:00:00,361385.0
2019-06-26 00:00:00,399624.0
2019-06-27 00:00:00,361050.0
2019-06-28 00:00:00,407094.0
2019-06-29 00:00:00,356682.0
2019-06-30 00:00:00,330731.0
2019-07-01 00:00:00,336862.0
2019-07-02 00:00:00,373409.0
2019-07-03 00:00:00,397554.0
2019-07-04 00:00:00,370704.0
2019-07-05 00:00:00,378453.0
2019-07-06 00:00:00,348674.0
2019-07-07 00:00:00,313273.0
2019-07-08 00:00:00,378966.0
2019-07-09 00:00:00,365588.0
2019-07-10 00:00:00,315664.0
2019-07-11 00:00:00,325776.0
2019-07-12 00:00:00,360899.0
2019-07-13 00:00:00,304545.0
2019-07-14 00:00:00,303287.0
2019-07-15 00:00:00,349111.0
2019-07-16 00:00:00,363337.0
2019-07-17 00:00:00,324892.0
2019-07-18 00:00:00,315745.0
2019-07-19 00:00:00,299891.0
2019-07-20 00:00:00,323002.0
2019-07-21 00:00:00,283934.0
2019-07-22 00:00:00,319399.0
2019-07-23 00:00:00,320352.0
2019-07-24 00:00:00,295589.0
2019-07-25 00:00:00,336536.0
2019-07-26 00:00:00,319612.0
2019-07-27 00:00:00,283892.0
2019-07-28 00:00:00,272974.0
2019-07-29 00:00:00,333619.0
2019-07-30 00:00:00,328375.0
2019-07-31 00:00:00,361337.0
2019-08-01 00:00:00,335943.0
2019-08-02 00:00:00,349556.0
2019-08-03 00:00:00,327588.0
2019-08-04 00:00:00,298805.0
2019-08-05 00:00:00,339136.0
2019-08-06 00:00:00,368348.0
2019-08-07 00:00:00,370909.0
2019-08-08 00:00:00,336181.0
2019-08-09 00:00:00,341125.0
2019-08-10 00:00:00,304138.0
2019-08-11 00:00:00,273280.0
2019-08-12 00:00:00,297446.0
2019-08-13 00:00:00,370747.0
2019-08-14 00:00:00,359997.0
2019-08-15 00:00:00,355644.0
2019-08-16 00:00:00,323625.0
2019-08-17 00:00:00,288256.0
2019-08-18 00:00:00,276365.0
2019-08-19 00:00:00,330473.0
2019-08-20 00:00:00,333304.0
2019-08-21 00:00:00,308808.0
2019-08-22 00:00:00,322453.0
2019-08-23 00:00:00,340220.0
2019-08-24 00:00:00,304481.0
2019-08-25 00:00:00,288934.0
2019-08-26 00:00:00,318219.0
2019-08-27 00:00:00,325984.0
2019-08-28 00:00:00,341200.0
2019-08-29 00:00:00,346734.0
2019-08-30 00:00:00,349200.0
2019-08-31 00:00:00,342195.0
2019-09-01 00:00:00,285468.0
2019-09-02 00:00:00,327248.0
2019-09-03 00:00:00,370631.0
2019-09-04 00:00:00,324741.0
2019-09-05 00:00:00,352410.0
2019-09-06 00:00:00,365531.0
2019-09-07 00:00:00,314429.0
2019-09-08 00:00:00,288507.0
2019-09-09 00:00:00,316852.0
2019-09-10 00:00:00,339858.0
2019-09-11 00:00:00,338276.0
2019-09-12 00:00:00,335868.0
2019-09-13 00:00:00,308856.0
2019-09-14 00:00:00,299894.0
2019-09-15 00:00:00,274146.0
2019-09-16 00:00:00,347341.0
2019-09-17 00:00:00,343778.0
2019-09-18 00:00:00,363185.0
2019-09-19 00:00:00,346110.0
2019-09-20 00:00:00,340929.0
2019-09-21 00:00:00,336013.0
2019-09-22 00:00:00,318713.0
2019-09-23 00:00:00,288149.0
2019-09-24 00:00:00,353263.0
2019-09-25 00:00:00,347747.0
2019-09-26 00:00:00,355775.0
2019-09-27 00:00:00,303903.0
2019-09-28 00:00:00,314433.0
2019-09-29 00:00:00,285542.0
2019-09-30 00:00:00,311396.0
2019-10-01 00:00:00,337244.0
2019-10-02 00:00:00,326557.0
2019-10-03 00:00:00,326514.0
2019-10-04 00:00:00,337222.0
2019-10-05 00:00:00,326683.0
2019-10-06 00:00:00,277613.0
2019-10-07 00:00:00,328803.0
2019-10-08 00:00:00,336354.0
2019-10-09 00:00:00,311049.0
2019-10-10 00:00:00,345048.0
2019-10-11 00:00:00,345425.0
2019-10-12 00:00:00,301693.0
2019-10-13 00:00:00,279487.0
2019-10-14 00:00:00,304466.0
2019-10-15 00:00:00,339698.0
2019-10-16 00:00:00,338473.0
2019-10-17 00:00:00,334105.0
2019-10-18 00:00:00,339390.0
2019-10-19 00:00:00,304736.0
2019-10-20 00:00:00,289796.0
2019-10-21 00:00:00,351791.0
2019-10-22 00:00:00,341464.0
2019-10-23 00:00:00,349320.0
2019-10-24 00:00:00,303843.0
2019-10-25 00:00:00,328598.0
2019-10-26 00:00:00,305722.0
2019-10-27 00:00:00,256253.0
2019-10-28 00:00:00,309611.0
2019-10-29 00:00:00,307953.0
2019-10-30 00:00:00,314163.0
2019-10-31 00:00:00,293779.0
2019-11-01 00:00:00,316187.0
2019-11-02 00:00:00,284443.0
2019-11-03 00:00:00,294367.0
2019-11-04 00:00:00,310979.0
2019-11-05 00:00:00,332839.0
2019-11-06 00:00:00,314698.0
2019-11-07 00:00:00,324487.0
2019-11-08 00:00:00,311441.0
2019-11-09 00:00:00,306163.0
2019-11-10 00:00:00,299712.0
2019-11-11 00:00:00,326707.0
2019-11-12 00:00:00,301382.0
2019-11-13 00:00:00,318945.0
2019-11-14 00:00:00,350023.0
2019-11-15 00:00:00,325145.0
2019-11-16 00:00:00,283468.0
2019-11-17 00:00:00,264370.0
2019-11-18 00:00:00,304671.0
2019-11-19 00:00:00,327630.0
2019-11-20 00:00:00,321086.0
2019-11-21 00:00:00,323954.0
2019-11-22 00:00:00,310539.0
2019-11-23 00:00:00,306424.0
2019-11-24 00:00:00,267368.0
2019-11-25 00:00:00,279470.0
2019-11-26 00:00:00,321310.0
2019-11-27 00:00:00,317597.0
2019-11-28 00:00:00,309623.0
2019-11-29 00:00:00,311290.0
2019-11-30 00:00:00,277458.0
2019-12-01 00:00:00,274621.0
2019-12-02 00:00:00,314730.0
2019-12-03 00:00:00,336512.0
2019-12-04 00:00:00,337284.0
2019-12-05 00:00:00,311468.0
2019-12-06 00:00:00,315386.0
2019-12-07 00:00:00,285284.0
2019-12-08 00:00:00,278853.0
2019-12-09 00:00:00,313629.0
2019-12-10 00:00:00,320064.0
2019-12-11 00:00:00,291248.0
2019-12-12 00:00:00,311795.0
2019-12-13 00:00:00,322888.0
2019-12-14 00:00:00,293496.0
2019-12-15 00:00:00,263441.0
2019-12-16 00:00:00,327085.0
2019-12-17 00:00:00,319254.0
2019-12-18 00:00:00,314249.0
2019-12-19 00:00:00,319555.0
2019-12-20 00:00:00,332657.0
2019-12-21 00:00:00,311118.0
2019-12-22 00:00:00,281070.0
2019-12-23 00:00:00,304845.0
2019-12-24 00:00:00,290436.0
2019-12-25 00:00:00,244666.0
2019-12-26 00:00:00,296063.0
2019-12-27 00:00:00,322204.0
2019-12-28 00:00:00,298287.0
2019-12-29 00:00:00,279925.0
2019-12-30 00:00:00,324497.0
2019-12-31 00:00:00,293447.0
2020-01-01 00:00:00,251735.0
2020-01-02 00:00:00,295567.0
2020-01-03 00:00:00,316517.0
2020-01-04 00:00:00,287215.0
2020-01-05 00:00:00,287779.0
2020-01-06 00:00:00,299146.0
2020-01-07 00:00:00,344079.0
2020-01-08 00:00:00,318019.0
2020-01-09 00:00:00,322057.0
2020-01-10 00:00:00,330734.0
2020-01-11 00:00:00,309070.0
2020-01-12 00:00:00,283136.0
2020-01-13 00:00:00,291597.0
2020-01-14 00:00:00,346953.0
2020-01-15 00:00:00,332658.0
2020-01-16 00:00:00,325947.0
2020-01-17 00:00:00,323992.0
2020-01-18 00:00:00,287237.0
2020-01-19 00:00:00,283960.0
2020-01-20 00:00:00,313661.0
2020-01-21 00:00:00,315210.0
2020-01-22 00:00:00,328586.0
2020-01-23 00:00:00,329918.0
2020-01-24 00:00:00,313887.0
2020-01-25 00:00:00,285584.0
2020-01-26 00:00:00,261247.0
2020-01-27 00:00:00,279240.0
2020-01-28 00:00:00,340052.0
2020-01-29 00:00:00,340562.0
2020-01-30 00:00:00,332558.0
2020-01-31 00:00:00,334434.0
2020-02-01 00:00:00,303724.0
2020-02-02 00:00:00,290879.0
2020-02-03 00:00:00,331012.0
2020-02-04 00:00:00,309190.0
2020-02-05 00:00:00,368604.0
2020-02-06 00:00:00,315370.0
2020-02-07 00:00:00,334938.0
2020-02-08 00:00:00,318363.0
2020-02-09 00:00:00,317070.0
2020-02-10 00:00:00,298104.0
2020-02-11 00:00:00,365583.0
2020-02-12 00:00:00,344615.0
2020-02-13 00:00:00,340081.0
2020-02-14 00:00:00,326078.0
2020-02-15 00:00:00,322721.0
2020-02-16 00:00:00,292236.0
2020-02-17 00:00:00,341491.0
2020-02-18 00:00:00,331050.0
2020-02-19 00:00:00,334805.0
2020-02-20 00:00:00,316626.0
2020-02-21 00:00:00,338484.0
2020-02-22 00:00:00,304597.0
2020-02-23 00:00:00,285579.0
2020-02-24 00:00:00,328890.0
2020-02-25 00:00:00,334593.0
2020-02-26 00:00:00,329967.0
2020-02-27 00:00:00,338781.0
2020-02-28 00:00:00,368590.0
2020-02-29 00:00:00,307527.0
2020-03-01 00:00:00,309849.0
2020-03-02 00:00:00,342821.0
2020-03-03 00:00:00,342324.0
2020-03-04 00:00:00,358745.0
2020-03-05 00:00:00,349529.0
2020-03-06 00:00:00,338383.0
2020-03-07 00:00:00,313312.0
2020-03-08 00:00:00,302694.0
2020-03-09 00:00:00,348211.0
2020-03-10 00:00:00,329698.0
2020-03-11 00:00:00,287492.0
2020-03-12 00:00:00,349978.0
2020-03-13 00:00:00,276798.0
2020-03-14 00:00:00,279828.0
2020-03-15 00:00:00,223230.0
2020-03-16 00:00:00,270399.0
2020-03-17 00:00:00,278326.0
2020-03-18 00:00:00,231254.0
2020-03-19 00:00:00,265689.0
2020-03-20 00:00:00,284594.0
2020-03-21 00:00:00,245896.0
2020-03-22 00:00:00,209154.0
2020-03-23 00:00:00,259816.0
2020-03-24 00:00:00,278131.0
2020-03-25 00:00:00,218176.0
2020-03-26 00:00:00,292828.0
2020-03-27 00:00:00,276546.0
2020-03-28 00:00:00,240627.0
2020-03-29 00:00:00,232820.0
2020-03-30 00:00:00,276828.0
2020-03-31 00:00:00,290227.0
2020-04-01 00:00:00,281855.0
2020-04-02 00:00:00,299176.0
2020-04-03 00:00:00,278763.0
2020-04-04 00:00:00,253274.0
2020-04-05 00:00:00,240259.0
2020-04-06 00:00:00,280470.0
2020-04-07 00:00:00,312770.0
2020-04-08 00:00:00,286563.0
2020-04-09 00:00:00,286706.0
2020-04-10 00:00:00,288585.0
2020-04-11 00:00:00,247852.0
2020-04-12 00:00:00,228529.0
2020-04-13 00:00:00,288113.0
2020-04-14 00:00:00,299391.0
2020-04-15 00:00:00,310253.0
2020-04-16 00:00:00,322903.0
2020-04-17 00:00:00,284222.0
2020-04-18 00:00:00,289134.0
2020-04-19 00:00:00,251984.0
2020-04-20 00:00:00,310810.0
2020-04-21 00:00:00,310851.0
2020-04-22 00:00:00,278755.0
2020-04-23 00:00:00,329045.0
2020-04-24 00:00:00,320055.0
2020-04-25 00:00:00,280805.0
2020-04-26 00:00:00,252833.0
2020-04-27 00:00:00,311217.0
2020-04-28 00:00:00,323475.0
2020-04-29 00:00:00,331401.0
2020-04-30 00:00:00,321972.0
2020-05-01 00:00:00,340574.0
2020-05-02 00:00:00,286773.0
2020-05-03 00:00:00,281752.0
2020-05-04 00:00:00,326098.0
2020-05-05 00:00:00,329075.0
2020-05-06 00:00:00,333395.0
2020-05-07 00:00:00,341986.0
2020-05-08 00:00:00,323625.0
2020-05-09 00:00:00,312399.0
2020-05-10 00:00:00,286789.0
2020-05-11 00:00:00,305839.0
2020-05-12 00:00:00,345215.0
2020-05-13 00:00:00,296796.0
2020-05-14 00:00:00,268750.0
2020-05-15 00:00:00,310642.0
2020-05-16 00:00:00,296555.0
2020-05-17 00:00:00,236808.0
2020-05-18 00:00:00,273723.0
2020-05-19 00:00:00,274897.0
2020-05-20 00:00:00,280037.0
2020-05-21 00:00:00,298483.0
2020-05-22 00:00:00,278784.0
2020-05-23 00:00:00,269230.0
2020-05-24 00:00:00,214530.0
2020-05-25 00:00:00,265875.0
2020-05-26 00:00:00,295782.0
2020-05-27 00:00:00,292927.0
2020-05-28 00:00:00,299910.0
2020-05-29 00:00:00,280960.0
2020-05-30 00:00:00,286046.0
2020-05-31 00:00:00,258427.0
2020-06-01 00:00:00,308312.0
2020-06-02 00:00:00,304114.0
2020-06-03 00:00:00,314000.0
2020-06-04 00:00:00,318285.0
2020-06-05 00:00:00,327082.0
2020-06-06 00:00:00,284873.0
2020-06-07 00:00:00,252368.0
2020-06-08 00:00:00,317275.0
2020-06-09 00:00:00,327074.0
2020-06-10 00:00:00,325163.0
2020-06-11 00:00:00,332490.0
2020-06-12 00:00:00,318274.0
2020-06-13 00:00:00,280181.0
2020-06-14 00:00:00,275723.0
2020-06-15 00:00:00,294468.0
2020-06-16 00:00:00,340517.0
2020-06-17 00:00:00,333547.0
2020-06-18 00:00:00,283897.0
2020-06-19 00:00:00,344142.0
2020-06-20 00:00:00,284123.0
2020-06-21 00:00:00,259440.0
2020-06-22 00:00:00,301396.0
2020-06-23 00:00:00,355256.0
2020-06-24 00:00:00,312321.0
2020-06-25 00:00:00,312183.0
2020-06-26 00:00:00,330381.0
2020-06-27 00:00:00,275489.0
2020-06-28 00:00:00,264909.0
2020-06-29 00:00:00,315424.0
2020-06-30 00:00:00,299733.0
2020-07-01 00:00:00,382570.0
2020-07-02 00:00:00,339469.0
2020-07-03 00:00:00,331009.0
2020-07-04 00:00:00,288647.0
2020-07-05 00:00:00,274104.0
2020-07-06 00:00:00,338767.0
2020-07-07 00:00:00,345975.0
2020-07-08 00:00:00,347455.0
2020-07-09 00:00:00,362718.0
2020-07-10 00:00:00,345996.0
2020-07-11 00:00:00,306771.0
2020-07-12 00:00:00,282364.0
2020-07-13 00:00:00,310227.0
2020-07-14 00:00:00,359847.0
2020-07-15 00:00:00,316064.0
2020-07-16 00:00:00,345849.0
2020-07-17 00:00:00,293907.0
2020-07-18 00:00:00,311022.0
2020-07-19 00:00:00,277093.0
2020-07-20 00:00:00,309747.0
2020-07-21 00:00:00,312871.0
2020-07-22 00:00:00,364792.0
2020-07-23 00:00:00,336245.0
2020-07-24 00:00:00,369432.0
2020-07-25 00:00:00,293883.0
2020-07-26 00:00:00,298580.0
2020-07-27 00:00:00,326769.0
2020-07-28 00:00:00,354742.0
2020-07-29 00:00:00,346521.0
2020-07-30 00:00:00,327789.0
2020-07-31 00:00:00,356906.0
2020-08-01 00:00:00,296705.0
2020-08-02 00:00:00,287869.0
2020-08-03 00:00:00,333753.0
2020-08-04 00:00:00,329032.0
2020-08-05 00:00:00,291814.0
2020-08-06 00:00:00,356612.0
2020-08-07 00:00:00,326499.0
2020-08-08 00:00:00,283631.0
2020-08-09 00:00:00,268402.0
2020-08-10 00:00:00,308367.0
2020-08-11 00:00:00,349952.0
2020-08-12 00:00:00,346405.0
2020-08-13 00:00:00,325346.0
2020-08-14 00:00:00,365679.0
2020-08-15 00:00:00,313760.0
2020-08-16 00:00:00,285069.0
2020-08-17 00:00:00,292944.0
2020-08-18 00:00:00,346036.0
2020-08-19 00:00:00,333879.0
2020-08-20 00:00:00,333683.0
2020-08-21 00:00:00,314297.0
2020-08-22 00:00:00,311699.0
2020-08-23 00:00:00,288728.0
2020-08-24 00:00:00,329133.0
2020-08-25 00:00:00,304409.0
2020-08-26 00:00:00,324184.0
2020-08-27 00:00:00,328157.0
2020-08-28 00:00:00,352722.0
2020-08-29 00:00:00,292783.0
2020-08-30 00:00:00,269114.0
2020-08-31 00:00:00,302920.0
2020-09-01 00:00:00,376508.0
2020-09-02 00:00:00,317449.0
2020-09-03 00:00:00,310922.0
2020-09-04 00:00:00,298286.0
2020-09-05 00:00:00,325523.0
2020-09-06 00:00:00,262820.0
2020-09-07 00:00:00,327662.0
2020-09-08 00:00:00,332668.0
2020-09-09 00:00:00,314864.0
2020-09-10 00:00:00,345981.0
2020-09-11 00:00:00,308323.0
2020-09-12 00:00:00,300152.0
2020-09-13 00:00:00,255110.0
2020-09-14 00:00:00,354020.0
2020-09-15 00:00:00,332957.0
2020-09-16 00:00:00,342609.0
2020-09-17 00:00:00,348581.0
2020-09-18 00:00:00,325157.0
2020-09-19 00:00:00,296357.0
2020-09-20 00:00:00,259095.0
2020-09-21 00:00:00,297605.0
2020-09-22 00:00:00,312989.0
2020-09-23 00:00:00,349938.0
2020-09-24 00:00:00,316552.0
2020-09-25 00:00:00,353070.0
2020-09-26 00:00:00,276162.0
2020-09-27 00:00:00,259382.0
2020-09-28 00:00:00,295476.0
2020-09-29 00:00:00,347696.0
2020-09-30 00:00:00,351417.0
2020-10-01 00:00:00,304757.0
2020-10-02 00:00:00,315443.0
2020-10-03 00:00:00,310855.0
2020-10-04 00:00:00,268019.0
2020-10-05 00:00:00,294986.0
2020-10-06 00:00:00,317922.0
2020-10-07 00:00:00,370554.0
2020-10-08 00:00:00,330227.0
2020-10-09 00:00:00,339343.0
2020-10-10 00:00:00,298486.0
2020-10-11 00:00:00,256096.0
2020-10-12 00:00:00,314174.0
2020-10-13 00:00:00,333215.0
2020-10-14 00:00:00,314541.0
2020-10-15 00:00:00,340993.0
2020-10-16 00:00:00,324647.0
2020-10-17 00:00:00,275069.0
2020-10-18 00:00:00,231557.0
2020-10-19 00:00:00,303929.0
2020-10-20 00:00:00,330563.0
2020-10-21 00:00:00,311292.0
2020-10-22 00:00:00,339087.0
2020-10-23 00:00:00,323869.0
2020-10-24 00:00:00,306774.0
2020-10-25 00:00:00,242273.0
2020-10-26 00:00:00,252494.0
2020-10-27 00:00:00,251938.0
2020-10-28 00:00:00,261340.0
2020-10-29 00:00:00,276070.0
2020-10-30 00:00:00,268364.0
2020-10-31 00:00:00,275796.0
2020-11-01 00:00:00,276280.0
2020-11-02 00:00:00,224609.0
2020-11-03 00:00:00,331673.0
2020-11-04 00:00:00,320697.0
2020-11-05 00:00:00,318668.0
2020-11-06 00:00:00,340351.0
2020-11-07 00:00:00,270901.0
2020-11-08 00:00:00,243047.0
2020-11-09 00:00:00,326383.0
2020-11-10 00:00:00,303270.0
2020-11-11 00:00:00,322277.0
2020-11-12 00:00:00,324855.0
2020-11-13 00:00:00,300040.0
2020-11-14 00:00:00,273511.0
2020-11-15 00:00:00,252715.0
2020-11-16 00:00:00,311477.0
2020-11-17 00:00:00,347772.0
2020-11-18 00:00:00,362007.0
2020-11-19 00:00:00,311061.0
2020-11-20 00:00:00,348026.0
2020-11-21 00:00:00,311189.0
2020-11-22 00:00:00,271125.0
2020-11-23 00:00:00,297840.0
2020-11-24 00:00:00,333293.0
2020-11-25 00:00:00,361990.0
2020-11-26 00:00:00,323975.0
2020-11-27 00:00:00,322445.0
2020-11-28 00:00:00,293949.0
2020-11-29 00:00:00,263573.0
2020-11-30 00:00:00,256551.0
2020-12-01 00:00:00,378068.0
2020-12-02 00:00:00,327019.0
2020-12-03 00:00:00,346921.0
2020-12-04 00:00:00,318894.0
2020-12-05 00:00:00,282599.0
2020-12-06 00:00:00,258624.0
2020-12-07 00:00:00,300906.0
2020-12-08 00:00:00,330970.0
2020-12-09 00:00:00,321079.0
2020-12-10 00:00:00,313649.0
2020-12-11 00:00:00,304735.0
2020-12-12 00:00:00,295410.0
2020-12-13 00:00:00,276160.0
2020-12-14 00:00:00,314350.0
2020-12-15 00:00:00,320440.0
2020-12-16 00:00:00,315217.0
2020-12-17 00:00:00,309481.0
2020-12-18 00:00:00,375549.0
2020-12-19 00:00:00,343536.0
2020-12-20 00:00:00,282043.0
2020-12-21 00:00:00,269834.0
2020-12-22 00:00:00,324163.0
2020-12-23 00:00:00,338463.0
2020-12-24 00:00:00,269559.0
2020-12-25 00:00:00,303901.0
2020-12-26 00:00:00,273954.0
2020-12-27 00:00:00,309005.0
2020-12-28 00:00:00,308983.0
2020-12-29 00:00:00,336311.0
2020-12-30 00:00:00,338258.0
2020-12-31 00:00:00,344918.0
2021-01-01 00:00:00,258080.0
2021-01-02 00:00:00,297111.0
2021-01-03 00:00:00,359116.0
2021-01-04 00:00:00,373734.0
2021-01-05 00:00:00,354091.0
2021-01-06 00:00:00,397384.0
2021-01-07 00:00:00,401744.0
2021-01-08 00:00:00,358526.0
2021-01-09 00:00:00,321389.0
2021-01-10 00:00:00,331865.0
2021-01-11 00:00:00,333958.0
2021-01-12 00:00:00,336627.0
2021-01-13 00:00:00,319167.0
2021-01-14 00:00:00,338809.0
2021-01-15 00:00:00,344002.0
2021-01-16 00:00:00,308461.0
2021-01-17 00:00:00,271874.0
2021-01-18 00:00:00,313816.0
2021-01-19 00:00:00,325083.0
2021-01-20 00:00:00,314809.0
2021-01-21 00:00:00,290754.0
2021-01-22 00:00:00,326935.0
2021-01-23 00:00:00,305209.0
2021-01-24 00:00:00,253971.0
2021-01-25 00:00:00,309102.0
2021-01-26 00:00:00,336935.0
2021-01-27 00:00:00,323553.0
2021-01-28 00:00:00,325146.0
2021-01-29 00:00:00,341036.0
2021-01-30 00:00:00,312313.0
2021-01-31 00:00:00,290753.0
2021-02-01 00:00:00,280863.0
2021-02-02 00:00:00,364551.0
2021-02-03 00:00:00,344425.0
2021-02-04 00:00:00,367788.0
2021-02-05 00:00:00,360541.0
2021-02-06 00:00:00,333886.0
2021-02-07 00:00:00,286364.0
2021-02-08 00:00:00,335223.0
2021-02-09 00:00:00,360137.0
2021-02-10 00:00:00,340758.0
2021-02-11 00:00:00,304739.0
2021-02-12 00:00:00,343306.0
2021-02-13 00:00:00,336624.0
2021-02-14 00:00:00,298254.0
2021-02-15 00:00:00,308496.0
2021-02-16 00:00:00,296388.0
2021-02-17 00:00:00,317666.0
2021-02-18 00:00:00,316952.0
2021-02-19 00:00:00,341586.0
2021-02-20 00:00:00,320475.0
2021-02-21 00:00:00,271645.0
2021-02-22 00:00:00,285383.0
2021-02-23 00:00:00,287884.0
2021-02-24 00:00:00,358092.0
2021-02-25 00:00:00,326116.0
2021-02-26 00:00:00,306416.0
2021-02-27 00:00:00,320784.0
2021-02-28 00:00:00,254316.0
2021-03-01 00:00:00,280485.0
2021-03-02 00:00:00,338150.0
2021-03-03 00:00:00,333402.0
2021-03-04 00:00:00,289631.0
2021-03-05 00:00:00,317780.0
2021-03-06 00:00:00,287963.0
2021-03-07 00:00:00,260739.0
2021-03-08 00:00:00,291955.0
2021-03-09 00:00:00,299682.0
2021-03-10 00:00:00,344688.0
2021-03-11 00:00:00,291245.0
2021-03-12 00:00:00,320744.0
2021-03-13 00:00:00,277072.0
2021-03-14 00:00:00,308050.0
2021-03-15 00:00:00,292231.0
2021-03-16 00:00:00,319493.0
2021-03-17 00:00:00,296119.0
2021-03-18 00:00:00,331718.0
2021-03-19 00:00:00,316180.0
2021-03-20 00:00:00,286948.0
2021-03-21 00:00:00,234936.0
2021-03-22 00:00:00,297410.0
2021-03-23 00:00:00,314234.0
2021-03-24 00:00:00,305093.0
2021-03-25 00:00:00,318562.0
2021-03-26 00:00:00,293610.0
2021-03-27 00:00:00,288259.0
2021-03-28 00:00:00,248605.0
2021-03-29 00:00:00,303305.0
2021-03-30 00:00:00,321090.0
2021-03-31 00:00:00,332749.0
2021-04-01 00:00:00,311939.0
2021-04-02 00:00:00,305788.0
2021-04-03 00:00:00,281717.0
2021-04-04 00:00:00,246007.0
2021-04-05 00:00:00,289046.0
2021-04-06 00:00:00,309565.0
2021-04-07 00:00:00,321319.0
2021-04-08 00:00:00,278534.0
2021-04-09 00:00:00,324720.0
2021-04-10 00:00:00,299086.0
2021-04-11 00:00:00,253449.0
2021-04-12 00:00:00,291369.0
2021-04-13 00:00:00,310213.0
2021-04-14 00:00:00,297494.0
2021-04-15 00:00:00,359440.0
2021-04-16 00:00:00,219704.0
2021-04-17 00:00:00,194580.0
2021-04-18 00:00:00,274735.0
2021-04-19 00:00:00,208413.0
2021-04-20 00:00:00,279977.0
2021-04-21 00:00:00,226021.0
2021-04-22 00:00:00,274610.0
2021-04-23 00:00:00,295731.0
2021-04-24 00:00:00,290690.0
2021-04-25 00:00:00,241041.0
2021-04-26 00:00:00,240687.0
2021-04-27 00:00:00,298109.0
2021-04-28 00:00:00,277126.0
2021-04-29 00:00:00,259465.0
2021-04-30 00:00:00,289389.0
2021-05-01 00:00:00,262991.0
2021-05-02 00:00:00,235214.0
2021-05-03 00:00:00,287007.0
2021-05-04 00:00:00,300824.0
2021-05-05 00:00:00,309774.0
2021-05-06 00:00:00,311380.0
2021-05-07 00:00:00,307988.0
2021-05-08 00:00:00,274691.0
2021-05-09 00:00:00,247866.0
2021-05-10 00:00:00,303297.0
2021-05-11 00:00:00,312115.0
2021-05-12 00:00:00,300452.0
2021-05-13 00:00:00,276472.0
2021-05-14 00:00:00,266055.0
2021-05-15 00:00:00,232099.0
2021-05-16 00:00:00,219435.0
2021-05-17 00:00:00,250910.0
2021-05-18 00:00:00,221018.0
2021-05-19 00:00:00,263419.0
2021-05-20 00:00:00,228039.0
2021-05-21 00:00:00,226351.0
2021-05-22 00:00:00,223800.0
2021-05-23 00:00:00,194320.0
2021-05-24 00:00:00,234755.0
2021-05-25 00:00:00,233644.0
2021-05-26 00:00:00,230753.0
2021-05-27 00:00:00,214035.0
2021-05-28 00:00:00,218311.0
2021-05-29 00:00:00,198332.0
2021-05-30 00:00:00,179795.0
2021-05-31 00:00:00,226469.0
2021-06-01 00:00:00,234561.0
2021-06-02 00:00:00,250589.0
2021-06-03 00:00:00,255621.0
2021-06-04 00:00:00,236672.0
2021-06-05 00:00:00,194580.0
2021-06-06 00:00:00,185305.0
2021-06-07 00:00:00,235479.0
2021-06-08 00:00:00,246906.0
2021-06-09 00:00:00,210911.0
2021-06-10 00:00:00,252983.0
2021-06-11 00:00:00,216502.0
2021-06-12 00:00:00,222774.0
2021-06-13 00:00:00,187098.0
2021-06-14 00:00:00,242416.0
2021-06-15 00:00:00,241861.0
2021-06-16 00:00:00,252937.0
2021-06-17 00:00:00,237725.0
2021-06-18 00:00:00,222918.0
2021-06-19 00:00:00,187042.0
2021-06-20 00:00:00,167249.0
2021-06-21 00:00:00,205050.0
2021-06-22 00:00:00,196523.0
2021-06-23 00:00:00,232704.0
2021-06-24 00:00:00,233278.0
2021-06-25 00:00:00,218245.0
2021-06-26 00:00:00,181628.0
2021-06-27 00:00:00,124640.0
2021-06-28 00:00:00,217898.0
2021-06-29 00:00:00,205616.0
2021-06-30 00:00:00,218734.0
2021-07-01 00:00:00,230253.0
2021-07-02 00:00:00,188568.0
2021-07-03 00:00:00,237463.0
2021-07-04 00:00:00,171850.0
2021-07-05 00:00:00,223760.0
2021-07-06 00:00:00,228279.0
2021-07-07 00:00:00,221227.0
2021-07-08 00:00:00,230719.0
2021-07-09 00:00:00,227511.0
2021-07-10 00:00:00,187263.0
2021-07-11 00:00:00,166144.0
2021-07-12 00:00:00,220269.0
2021-07-13 00:00:00,229916.0
2021-07-14 00:00:00,236217.0
2021-07-15 00:00:00,226234.0
2021-07-16 00:00:00,223466.0
2021-07-17 00:00:00,182047.0
2021-07-18 00:00:00,161122.0
2021-07-19 00:00:00,226803.0
2021-07-20 00:00:00,230509.0
2021-07-21 00:00:00,235680.0
2021-07-22 00:00:00,230282.0
2021-07-23 00:00:00,231130.0
2021-07-24 00:00:00,198091.0
2021-07-25 00:00:00,174535.0
2021-07-26 00:00:00,261950.0
2021-07-27 00:00:00,255221.0
2021-07-28 00:00:00,251223.0
2021-07-29 00:00:00,262612.0
2021-07-30 00:00:00,255417.0
2021-07-31 00:00:00,207348.0
2021-08-01 00:00:00,185157.0
2021-08-02 00:00:00,239277.0
2021-08-03 00:00:00,246198.0
2021-08-04 00:00:00,239596.0
2021-08-05 00:00:00,246175.0
2021-08-06 00:00:00,260810.0
2021-08-07 00:00:00,212229.0
2021-08-08 00:00:00,191623.0
2021-08-09 00:00:00,252660.0
2021-08-10 00:00:00,260968.0
2021-08-11 00:00:00,262437.0
2021-08-12 00:00:00,250961.0
2021-08-13 00:00:00,260624.0
2021-08-14 00:00:00,209074.0
2021-08-15 00:00:00,186239.0
2021-08-16 00:00:00,263529.0
2021-08-17 00:00:00,257766.0
2021-08-18 00:00:00,247333.0
2021-08-19 00:00:00,253447.0
2021-08-20 00:00:00,271837.0
2021-08-21 00:00:00,219407.0
2021-08-22 00:00:00,190631.0
2021-08-23 00:00:00,270736.0
2021-08-24 00:00:00,263984.0
2021-08-25 00:00:00,263009.0
2021-08-26 00:00:00,258590.0
2021-08-27 00:00:00,256813.0
2021-08-28 00:00:00,218268.0
2021-08-29 00:00:00,191650.0
2021-08-30 00:00:00,250955.0
2021-08-31 00:00:00,271163.0
2021-09-01 00:00:00,280865.0
2021-09-02 00:00:00,289900.0
2021-09-03 00:00:00,283991.0
2021-09-04 00:00:00,227732.0
2021-09-05 00:00:00,205066.0
2021-09-06 00:00:00,268877.0
2021-09-07 00:00:00,276624.0
2021-09-08 00:00:00,270483.0
2021-09-09 00:00:00,274384.0
2021-09-10 00:00:00,261371.0
2021-09-11 00:00:00,218445.0
2021-09-12 00:00:00,192691.0
2021-09-13 00:00:00,255970.0
2021-09-14 00:00:00,268127.0
2021-09-15 00:00:00,268957.0
2021-09-16 00:00:00,271223.0
2021-09-17 00:00:00,271040.0
2021-09-18 00:00:00,227661.0
2021-09-19 00:00:00,200516.0
2021-09-20 00:00:00,270233.0
2021-09-21 00:00:00,244568.0
2021-09-22 00:00:00,275235.0
2021-09-23 00:00:00,268689.0
2021-09-24 00:00:00,277565.0
2021-09-25 00:00:00,212575.0
2021-09-26 00:00:00,195560.0
2021-09-27 00:00:00,255873.0
2021-09-28 00:00:00,262292.0
2021-09-29 00:00:00,241991.0
2021-09-30 00:00:00,293074.0
2021-10-01 00:00:00,277042.0
2021-10-02 00:00:00,259961.0
2021-10-03 00:00:00,218112.0
2021-10-04 00:00:00,268955.0
2021-10-05 00:00:00,312538.0
2021-10-06 00:00:00,267749.0
2021-10-07 00:00:00,325875.0
2021-10-08 00:00:00,280028.0
2021-10-09 00:00:00,246189.0
2021-10-10 00:00:00,211506.0
2021-10-11 00:00:00,280184.0
2021-10-12 00:00:00,274155.0
2021-10-13 00:00:00,288916.0
2021-10-14 00:00:00,282383.0
2021-10-15 00:00:00,297746.0
2021-10-16 00:00:00,270052.0
2021-10-17 00:00:00,215883.0
2021-10-18 00:00:00,285368.0
2021-10-19 00:00:00,312018.0
2021-10-20 00:00:00,291813.0
2021-10-21 00:00:00,320743.0
2021-10-22 00:00:00,287550.0
2021-10-23 00:00:00,223941.0
2021-10-24 00:00:00,211220.0
2021-10-25 00:00:00,284680.0
2021-10-26 00:00:00,294029.0
2021-10-27 00:00:00,292114.0
2021-10-28 00:00:00,295558.0
2021-10-29 00:00:00,305733.0
2021-10-30 00:00:00,252061.0
2021-10-31 00:00:00,217435.0
2021-11-01 00:00:00,293282.0
2021-11-02 00:00:00,297402.0
2021-11-03 00:00:00,288746.0
2021-11-04 00:00:00,289141.0
2021-11-05 00:00:00,285946.0
2021-11-06 00:00:00,236233.0
2021-11-07 00:00:00,226128.0
2021-11-08 00:00:00,285806.0
2021-11-09 00:00:00,335411.0
2021-11-10 00:00:00,301025.0
2021-11-11 00:00:00,293665.0
2021-11-12 00:00:00,282049.0
2021-11-13 00:00:00,238634.0
2021-11-14 00:00:00,224016.0
2021-11-15 00:00:00,288435.0
2021-11-16 00:00:00,301103.0
2021-11-17 00:00:00,290390.0
2021-11-18 00:00:00,293867.0
2021-11-19 00:00:00,284719.0
2021-11-20 00:00:00,249652.0
2021-11-21 00:00:00,222949.0
2021-11-22 00:00:00,279165.0
2021-11-23 00:00:00,283401.0
2021-11-24 00:00:00,298909.0
2021-11-25 00:00:00,287496.0
2021-11-26 00:00:00,292645.0
2021-11-27 00:00:00,240759.0
2021-11-28 00:00:00,213768.0
2021-11-29 00:00:00,301297.0
2021-11-30 00:00:00,293876.0
2021-12-01 00:00:00,288422.0
2021-12-02 00:00:00,313261.0
2021-12-03 00:00:00,290139.0
2021-12-04 00:00:00,253674.0
2021-12-05 00:00:00,215213.0
2021-12-06 00:00:00,284467.0
2021-12-07 00:00:00,288343.0
2021-12-08 00:00:00,266110.0
2021-12-09 00:00:00,282775.0
2021-12-10 00:00:00,271375.0
2021-12-11 00:00:00,225733.0
2021-12-12 00:00:00,214808.0
2021-12-13 00:00:00,278211.0
2021-12-14 00:00:00,278275.0
2021-12-15 00:00:00,281103.0
2021-12-16 00:00:00,256206.0
2021-12-17 00:00:00,263495.0
2021-12-18 00:00:00,239170.0
2021-12-19 00:00:00,206719.0
2021-12-20 00:00:00,266947.0
2021-12-21 00:00:00,304713.0
2021-12-22 00:00:00,288495.0
2021-12-23 00:00:00,291799.0
2021-12-24 00:00:00,260565.0
2021-12-25 00:00:00,207803.0
2021-12-26 00:00:00,198574.0
2021-12-27 00:00:00,249548.0
2021-12-28 00:00:00,265422.0
2021-12-29 00:00:00,276083.0
2021-12-30 00:00:00,245021.0
2021-12-31 00:00:00,269540.0
2022-01-01 00:00:00,186834.0
2022-01-02 00:00:00,196865.0
2022-01-03 00:00:00,234793.0
2022-01-04 00:00:00,274544.0
2022-01-05 00:00:00,272155.0
2022-01-06 00:00:00,264899.0
2022-01-07 00:00:00,255381.0
2022-01-08 00:00:00,223920.0
2022-01-09 00:00:00,210143.0
2022-01-10 00:00:00,266743.0
2022-01-11 00:00:00,277698.0
2022-01-12 00:00:00,271933.0
2022-01-13 00:00:00,274515.0
2022-01-14 00:00:00,270882.0
2022-01-15 00:00:00,234373.0
2022-01-16 00:00:00,216151.0
2022-01-17 00:00:00,258141.0
2022-01-18 00:00:00,265057.0
2022-01-19 00:00:00,270334.0
2022-01-20 00:00:00,271265.0
2022-01-21 00:00:00,272348.0
2022-01-22 00:00:00,250294.0
2022-01-23 00:00:00,203986.0
2022-01-24 00:00:00,270712.0
2022-01-25 00:00:00,265128.0
2022-01-26 00:00:00,261070.0
2022-01-27 00:00:00,255925.0
2022-01-28 00:00:00,264609.0
2022-01-29 00:00:00,231038.0
2022-01-30 00:00:00,207173.0
2022-01-31 00:00:00,263410.0
2022-02-01 00:00:00,272984.0
2022-02-02 00:00:00,278985.0
2022-02-03 00:00:00,265344.0
2022-02-04 00:00:00,247946.0
2022-02-05 00:00:00,258646.0
2022-02-06 00:00:00,219196.0
2022-02-07 00:00:00,262034.0
2022-02-08 00:00:00,276850.0
2022-02-09 00:00:00,265804.0
2022-02-10 00:00:00,260813.0
2022-02-11 00:00:00,258595.0
2022-02-12 00:00:00,228189.0
2022-02-13 00:00:00,208977.0
2022-02-14 00:00:00,247592.0
2022-02-15 00:00:00,273623.0
2022-02-16 00:00:00,266788.0
2022-02-17 00:00:00,255573.0
