Timestamp,output-volume
2016-02-20 00:00:00,4131729.57802008
2016-02-21 00:00:00,4198945.52375477
2016-02-22 00:00:00,4461640.10569616
2016-02-23 00:00:00,3962773.45320111
2016-02-24 00:00:00,3669393.3100093
2016-02-25 00:00:00,3095841.030489
2016-02-26 00:00:00,3286075.11194343
2016-02-27 00:00:00,2530526.51953434
2016-02-28 00:00:00,8486292.93903167
2016-02-29 00:00:00,9924706.54607915
2016-03-01 00:00:00,11003614.9788694
2016-03-02 00:00:00,5716209.1269565
2016-03-03 00:00:00,3528608.92765602
2016-03-04 00:00:00,7461412.16075899
2016-03-05 00:00:00,19515216.2836077
2016-03-06 00:00:00,2011705.87655477
2016-03-07 00:00:00,2900051.67409826
2016-03-08 00:00:00,2311084.8744971
2016-03-09 00:00:00,2065424.29087185
2016-03-10 00:00:00,2439731.62911107
2016-03-11 00:00:00,2364181.04728921
2016-03-12 00:00:00,1829899.06284724
2016-03-13 00:00:00,1621259.9944443
2016-03-14 00:00:00,2416469.22500188
2016-03-15 00:00:00,3177959.03758808
2016-03-16 00:00:00,13343936.3754077
2016-03-17 00:00:00,7984729.7762706
2016-03-18 00:00:00,5239445.10760416
2016-03-19 00:00:00,2190183.07291334
2016-03-20 00:00:00,1773449.03632757
2016-03-21 00:00:00,2041577.7060348
2016-03-22 00:00:00,2235032.30981488
2016-03-23 00:00:00,2066836.88775597
2016-03-24 00:00:00,2286669.22964894
2016-03-25 00:00:00,2113238.61883865
2016-03-26 00:00:00,1505132.4905079
2016-03-27 00:00:00,1737057.95705789
2016-03-28 00:00:00,2086417.65634959
2016-03-29 00:00:00,2116335.5732946
2016-03-30 00:00:00,2032137.5717949
2016-03-31 00:00:00,2188915.91051529
2016-04-01 00:00:00,2181489.10641932
2016-04-02 00:00:00,1758765.06294316
2016-04-03 00:00:00,1561627.97313436
2016-04-04 00:00:00,2132110.88507794
2016-04-05 00:00:00,2257744.57700313
2016-04-06 00:00:00,2397382.26260866
2016-04-07 00:00:00,2739799.39498321
2016-04-08 00:00:00,2728055.14345442
2016-04-09 00:00:00,2249002.68577769
2016-04-10 00:00:00,2005055.24206947
2016-04-11 00:00:00,2571238.48109368
2016-04-12 00:00:00,3495580.00077189
2016-04-13 00:00:00,3218812.19489477
2016-04-14 00:00:00,2964839.21267842
2016-04-15 00:00:00,3822217.79648843
2016-04-16 00:00:00,3051672.78756773
2016-04-17 00:00:00,2619262.39434018
2016-04-18 00:00:00,3962456.69354251
2016-04-19 00:00:00,3705997.5068887
2016-04-20 00:00:00,4077380.51886445
2016-04-21 00:00:00,5033188.76173014
2016-04-22 00:00:00,5290883.16457508
2016-04-23 00:00:00,3426251.69739966
2016-04-24 00:00:00,2223869.5947204
2016-04-25 00:00:00,2719385.88902634
2016-04-26 00:00:00,2770136.73431054
2016-04-27 00:00:00,2485051.22430095
2016-04-28 00:00:00,2696007.30991088
2016-04-29 00:00:00,2522444.20247275
2016-04-30 00:00:00,1899766.44961187
2016-05-01 00:00:00,1879509.59913175
2016-05-02 00:00:00,2450687.7828866
2016-05-03 00:00:00,2273860.03890544
2016-05-04 00:00:00,2276671.25020777
2016-05-05 00:00:00,2161621.79433203
2016-05-06 00:00:00,2321255.50011308
2016-05-07 00:00:00,1893689.36014912
2016-05-08 00:00:00,1623830.8794879
2016-05-09 00:00:00,2062306.88266338
2016-05-10 00:00:00,2211911.67398517
2016-05-11 00:00:00,2510174.68513649
2016-05-12 00:00:00,2295414.38032211
2016-05-13 00:00:00,2577781.01106005
2016-05-14 00:00:00,1910552.81003976
2016-05-15 00:00:00,2042797.05916114
2016-05-16 00:00:00,2688738.83398479
2016-05-17 00:00:00,2703819.91509474
2016-05-18 00:00:00,2250192.07043032
2016-05-19 00:00:00,2544431.12892321
2016-05-20 00:00:00,2134599.69177578
2016-05-21 00:00:00,1578456.14886433
2016-05-22 00:00:00,1512379.6688588
2016-05-23 00:00:00,2136312.56336796
2016-05-24 00:00:00,2514701.15828513
2016-05-25 00:00:00,3341037.90462702
2016-05-26 00:00:00,3584245.58541601
2016-05-27 00:00:00,4124114.20189388
2016-05-28 00:00:00,3665525.35247363
2016-05-29 00:00:00,2740859.08647327
2016-05-30 00:00:00,2248406.36842594
2016-05-31 00:00:00,2561419.97723375
2016-06-01 00:00:00,2351967.05419539
2016-06-02 00:00:00,2342608.49726488
2016-06-03 00:00:00,1938990.17388666
2016-06-04 00:00:00,1493595.27664069
2016-06-05 00:00:00,1831988.0354835
2016-06-06 00:00:00,1964198.18425338
2016-06-07 00:00:00,2122375.93883511
2016-06-08 00:00:00,2004179.70546406
2016-06-09 00:00:00,2095207.93460913
2016-06-10 00:00:00,2301811.95545432
2016-06-11 00:00:00,1894576.34458655
2016-06-12 00:00:00,2831538.69084226
2016-06-13 00:00:00,2757346.67011431
2016-06-14 00:00:00,2356791.52231667
2016-06-15 00:00:00,2299856.85704813
2016-06-16 00:00:00,2796295.72029419
2016-06-17 00:00:00,2774465.08796194
2016-06-18 00:00:00,2340086.59484697
2016-06-19 00:00:00,2011496.98884978
2016-06-20 00:00:00,2647568.48398107
2016-06-21 00:00:00,2849547.25253717
2016-06-22 00:00:00,2712263.67560067
2016-06-23 00:00:00,3159340.64339531
2016-06-24 00:00:00,2795725.67770032
2016-06-25 00:00:00,2121582.98353525
2016-06-26 00:00:00,1791420.03146517
2016-06-27 00:00:00,2170091.79897415
2016-06-28 00:00:00,1865761.06385115
2016-06-29 00:00:00,1988551.27082542
2016-06-30 00:00:00,2084880.76119617
2016-07-01 00:00:00,2011713.67178097
2016-07-02 00:00:00,2151502.29902403
2016-07-03 00:00:00,1737085.84009882
2016-07-04 00:00:00,2599568.95010437
2016-07-05 00:00:00,2054743.90302968
2016-07-06 00:00:00,2039637.04309716
2016-07-07 00:00:00,2830532.13542546
2016-07-08 00:00:00,2290691.94190391
2016-07-09 00:00:00,1891222.92486761
2016-07-10 00:00:00,1522989.68799824
2016-07-11 00:00:00,2224457.95194922
2016-07-12 00:00:00,2314128.38521399
2016-07-13 00:00:00,2253579.81889679
2016-07-14 00:00:00,2097269.92917871
2016-07-15 00:00:00,3349411.14443502
2016-07-16 00:00:00,1965918.49664542
2016-07-17 00:00:00,2055306.59991921
2016-07-18 00:00:00,2255407.84442375
2016-07-19 00:00:00,2539145.56392854
2016-07-20 00:00:00,2456917.48286129
2016-07-21 00:00:00,2207379.880494
2016-07-22 00:00:00,2421306.20175064
2016-07-23 00:00:00,1834612.75600811
2016-07-24 00:00:00,1846664.91968395
2016-07-25 00:00:00,1927857.04675702
2016-07-26 00:00:00,2310580.41755715
2016-07-27 00:00:00,2515469.55689182
2016-07-28 00:00:00,2460612.93581536
2016-07-29 00:00:00,2139879.12046969
2016-07-30 00:00:00,1878531.69123547
2016-07-31 00:00:00,1858564.33696223
2016-08-01 00:00:00,1726830.89065966
2016-08-02 00:00:00,3522076.09522786
2016-08-03 00:00:00,2478092.16795297
2016-08-04 00:00:00,3004674.78012415
2016-08-05 00:00:00,2291567.35181087
2016-08-06 00:00:00,1516812.65860048
2016-08-07 00:00:00,1875748.71621712
2016-08-08 00:00:00,1971245.14071843
2016-08-09 00:00:00,2222267.86115352
2016-08-10 00:00:00,2170929.49399177
2016-08-11 00:00:00,2254855.1726014
2016-08-12 00:00:00,1924492.13278683
2016-08-13 00:00:00,2049092.91864337
2016-08-14 00:00:00,1716569.43644677
2016-08-15 00:00:00,2077130.22974422
2016-08-16 00:00:00,2731958.30621636
2016-08-17 00:00:00,1999807.95612011
2016-08-18 00:00:00,2327792.80487529
2016-08-19 00:00:00,2377047.79111288
2016-08-20 00:00:00,2097223.3972278
2016-08-21 00:00:00,1338909.57673911
2016-08-22 00:00:00,1984740.67919826
2016-08-23 00:00:00,2090785.99723596
2016-08-24 00:00:00,2098712.58072255
2016-08-25 00:00:00,2132803.99048355
2016-08-26 00:00:00,2092780.60537504
2016-08-27 00:00:00,1464561.62205704
2016-08-28 00:00:00,1302221.63494111
2016-08-29 00:00:00,1714220.63370486
2016-08-30 00:00:00,1814694.81156353
2016-08-31 00:00:00,1777557.92231964
2016-09-01 00:00:00,1783678.09397102
2016-09-02 00:00:00,1595134.29340226
2016-09-03 00:00:00,1308424.920807
2016-09-04 00:00:00,1160632.75421503
2016-09-05 00:00:00,1713681.50703497
2016-09-06 00:00:00,1600893.41987827
2016-09-07 00:00:00,1603741.1900377
2016-09-08 00:00:00,1626880.30093213
2016-09-09 00:00:00,1750922.90957101
2016-09-10 00:00:00,1478034.97617188
2016-09-11 00:00:00,1506619.98466319
2016-09-12 00:00:00,1672258.49155226
2016-09-13 00:00:00,1981907.52996853
2016-09-14 00:00:00,1897616.61809989
2016-09-15 00:00:00,1564540.18509611
2016-09-16 00:00:00,1880952.09103417
2016-09-17 00:00:00,1475509.56483544
2016-09-18 00:00:00,1626466.70879879
2016-09-19 00:00:00,2074708.00794687
2016-09-20 00:00:00,2268567.272119
2016-09-21 00:00:00,1867494.60631727
2016-09-22 00:00:00,2326674.02803474
2016-09-23 00:00:00,2253377.47809898
2016-09-24 00:00:00,2019184.95092589
2016-09-25 00:00:00,1851826.56692239
2016-09-26 00:00:00,2278155.60187457
2016-09-27 00:00:00,1737650.31426216
2016-09-28 00:00:00,2545689.05698069
2016-09-29 00:00:00,1838851.92448829
2016-09-30 00:00:00,2464312.41000336
2016-10-01 00:00:00,1536124.1825386
2016-10-02 00:00:00,1443022.87015633
2016-10-03 00:00:00,1970099.71570297
2016-10-04 00:00:00,1906791.15251351
2016-10-05 00:00:00,2302843.29977642
2016-10-06 00:00:00,2291725.00663041
2016-10-07 00:00:00,2368166.5996146
2016-10-08 00:00:00,2376975.88288037
2016-10-09 00:00:00,2698212.13166006
2016-10-10 00:00:00,2585917.322088
2016-10-11 00:00:00,2864039.24135116
2016-10-12 00:00:00,2691149.30440765
2016-10-13 00:00:00,2088161.19223912
2016-10-14 00:00:00,2021409.06019797
2016-10-15 00:00:00,3408105.66958179
2016-10-16 00:00:00,2461115.97557131
2016-10-17 00:00:00,1887070.93736659
2016-10-18 00:00:00,2509108.68066026
2016-10-19 00:00:00,1937925.8640997
2016-10-20 00:00:00,2465644.96871897
2016-10-21 00:00:00,3172355.53479678
2016-10-22 00:00:00,1351493.21842692
2016-10-23 00:00:00,1877896.51694901
2016-10-24 00:00:00,3736942.23494057
2016-10-25 00:00:00,3108006.83436665
2016-10-26 00:00:00,2161155.14747222
2016-10-27 00:00:00,3492141.35920215
2016-10-28 00:00:00,1564832.96989643
2016-10-29 00:00:00,1503224.75170968
2016-10-30 00:00:00,1342234.9745533
2016-10-31 00:00:00,1806193.77652678
2016-11-01 00:00:00,1846449.78255956
2016-11-02 00:00:00,4781474.41264007
2016-11-03 00:00:00,6817502.78508202
2016-11-04 00:00:00,5890890.01915295
2016-11-05 00:00:00,5803605.83192719
2016-11-06 00:00:00,5398763.86749875
2016-11-07 00:00:00,4470465.95385453
2016-11-08 00:00:00,3497745.19994545
2016-11-09 00:00:00,2694658.10429453
2016-11-10 00:00:00,1759909.00427501
2016-11-11 00:00:00,1395606.56764893
2016-11-12 00:00:00,950069.931759809
2016-11-13 00:00:00,1119373.69876734
2016-11-14 00:00:00,1547251.34937594
2016-11-15 00:00:00,1759582.23380648
2016-11-16 00:00:00,1956468.28854545
2016-11-17 00:00:00,1604094.50628335
2016-11-18 00:00:00,1605921.95574594
2016-11-19 00:00:00,1119382.03027165
2016-11-20 00:00:00,1161609.41213041
2016-11-21 00:00:00,1560261.71993764
2016-11-22 00:00:00,1711822.46950459
2016-11-23 00:00:00,1723439.70294707
2016-11-24 00:00:00,1870554.83657025
2016-11-25 00:00:00,1465067.39633129
2016-11-26 00:00:00,1204193.18486167
2016-11-27 00:00:00,950718.263912067
2016-11-28 00:00:00,1514724.19163004
2016-11-29 00:00:00,1410084.88192292
2016-11-30 00:00:00,1366660.38859259
2016-12-01 00:00:00,1513280.75387216
2016-12-02 00:00:00,1784511.18013576
2016-12-03 00:00:00,1235161.95219599
2016-12-04 00:00:00,916341.421386561
2016-12-05 00:00:00,1721222.67250393
2016-12-06 00:00:00,1651414.71147089
2016-12-07 00:00:00,1547890.89333642
2016-12-08 00:00:00,1425236.29620898
2016-12-09 00:00:00,1526017.12753917
2016-12-10 00:00:00,1170744.74867145
2016-12-11 00:00:00,1060663.65452388
2016-12-12 00:00:00,1692640.28050424
2016-12-13 00:00:00,1566232.61036764
2016-12-14 00:00:00,1655833.7946013
2016-12-15 00:00:00,2047186.3056527
2016-12-16 00:00:00,1883877.69280803
2016-12-17 00:00:00,1321325.89500426
2016-12-18 00:00:00,1411672.895544
2016-12-19 00:00:00,1841738.49161004
2016-12-20 00:00:00,1939201.33163199
2016-12-21 00:00:00,2851534.34417464
2016-12-22 00:00:00,2459189.6019282
2016-12-23 00:00:00,2633796.2225494
2016-12-24 00:00:00,1526634.4165827
2016-12-25 00:00:00,1094479.33657706
2016-12-26 00:00:00,1513037.04037673
2016-12-27 00:00:00,2242009.72892468
2016-12-28 00:00:00,2063689.69191722
2016-12-29 00:00:00,1781841.82843874
2016-12-30 00:00:00,2207636.67870294
2016-12-31 00:00:00,1379308.87090983
2017-01-01 00:00:00,1084340.88487891
2017-01-02 00:00:00,1573981.61537313
2017-01-03 00:00:00,1950525.35497187
2017-01-04 00:00:00,2482037.82084987
2017-01-05 00:00:00,2998215.11154757
2017-01-06 00:00:00,3100652.30632109
2017-01-07 00:00:00,2152944.55351849
2017-01-08 00:00:00,1679995.29932848
2017-01-09 00:00:00,2095379.05522485
2017-01-10 00:00:00,2359325.55048211
2017-01-11 00:00:00,3980330.05363421
2017-01-12 00:00:00,3521724.1432035
2017-01-13 00:00:00,2361739.55816022
2017-01-14 00:00:00,1500321.71960313
2017-01-15 00:00:00,1725125.55521011
2017-01-16 00:00:00,2087940.54585886
2017-01-17 00:00:00,2310740.48936347
2017-01-18 00:00:00,1935116.59199936
2017-01-19 00:00:00,2603895.11021255
2017-01-20 00:00:00,2588414.22285186
2017-01-21 00:00:00,1533463.23287315
2017-01-22 00:00:00,1135726.93181572
2017-01-23 00:00:00,1522815.66754358
2017-01-24 00:00:00,1956073.1357115
2017-01-25 00:00:00,1930677.6361901
2017-01-26 00:00:00,2113175.40297516
2017-01-27 00:00:00,1800256.1783777
2017-01-28 00:00:00,1249362.25322994
2017-01-29 00:00:00,1375857.61441291
2017-01-30 00:00:00,1462181.22228701
2017-01-31 00:00:00,1791768.77982264
2017-02-01 00:00:00,2078948.61654928
2017-02-02 00:00:00,1851685.6656797
2017-02-03 00:00:00,2438292.66080781
2017-02-04 00:00:00,2118864.57790253
2017-02-05 00:00:00,1800248.44228854
2017-02-06 00:00:00,1679402.41655708
2017-02-07 00:00:00,2038903.52207668
2017-02-08 00:00:00,1959826.10628616
2017-02-09 00:00:00,3197018.87218555
2017-02-10 00:00:00,2744074.81923344
2017-02-11 00:00:00,1418142.39805423
2017-02-12 00:00:00,954999.567567749
2017-02-13 00:00:00,1591074.64555234
2017-02-14 00:00:00,1925169.97318269
2017-02-15 00:00:00,1750347.68364849
2017-02-16 00:00:00,2986480.93924548
2017-02-17 00:00:00,2501945.95773622
2017-02-18 00:00:00,1248556.85912766
2017-02-19 00:00:00,1419255.29316551
2017-02-20 00:00:00,1561277.91468098
2017-02-21 00:00:00,1754148.40967312
2017-02-22 00:00:00,2548904.03381841
2017-02-23 00:00:00,3342958.486969
2017-02-24 00:00:00,1919952.53574804
2017-02-25 00:00:00,1233214.15529544
2017-02-26 00:00:00,1128100.26650726
2017-02-27 00:00:00,1881223.05020549
2017-02-28 00:00:00,1954778.73833871
2017-03-01 00:00:00,2493836.06705262
2017-03-02 00:00:00,2742003.35844938
2017-03-03 00:00:00,4558368.40204157
2017-03-04 00:00:00,1974194.90352171
2017-03-05 00:00:00,1232770.74083629
2017-03-06 00:00:00,1915378.9598044
2017-03-07 00:00:00,2099918.94173596
2017-03-08 00:00:00,2522734.8445671
2017-03-09 00:00:00,5699545.52327655
2017-03-10 00:00:00,2751691.90466802
2017-03-11 00:00:00,1651256.17430029
2017-03-12 00:00:00,1201859.26650811
2017-03-13 00:00:00,2089770.0201327
2017-03-14 00:00:00,2703063.85043812
2017-03-15 00:00:00,2274799.1552319
2017-03-16 00:00:00,3316344.04046339
2017-03-17 00:00:00,3122262.97578242
2017-03-18 00:00:00,2599334.28131551
2017-03-19 00:00:00,6345239.35675552
2017-03-20 00:00:00,3296575.0097904
2017-03-21 00:00:00,6200927.72223914
2017-03-22 00:00:00,5240108.86225002
2017-03-23 00:00:00,2379458.031922
2017-03-24 00:00:00,3876256.75352725
2017-03-25 00:00:00,3359560.98986222
2017-03-26 00:00:00,1772687.27305646
2017-03-27 00:00:00,2337117.3344852
2017-03-28 00:00:00,2332205.31071143
2017-03-29 00:00:00,1812147.84262914
2017-03-30 00:00:00,2164789.74479874
2017-03-31 00:00:00,3573848.96368429
2017-04-01 00:00:00,2859605.75589007
2017-04-02 00:00:00,4026308.73617345
2017-04-03 00:00:00,4163240.2137806
2017-04-04 00:00:00,2476603.49839915
2017-04-05 00:00:00,2295660.84994724
2017-04-06 00:00:00,2045375.19459594
2017-04-07 00:00:00,5893220.1862936
2017-04-08 00:00:00,9838136.84090671
2017-04-09 00:00:00,1512371.72667518
2017-04-10 00:00:00,2077781.89695061
2017-04-11 00:00:00,2024632.20661534
2017-04-12 00:00:00,2068435.88265546
2017-04-13 00:00:00,2143228.00545795
2017-04-14 00:00:00,2216168.37031119
2017-04-15 00:00:00,1610347.3036073
2017-04-16 00:00:00,1902570.09487094
2017-04-17 00:00:00,2451805.09494575
2017-04-18 00:00:00,2456420.95456178
2017-04-19 00:00:00,2176695.9899889
2017-04-20 00:00:00,2222758.11604675
2017-04-21 00:00:00,2339052.35665682
2017-04-22 00:00:00,1746209.3123269
2017-04-23 00:00:00,1577942.299546
2017-04-24 00:00:00,1940799.63446909
2017-04-25 00:00:00,3246840.06083127
2017-04-26 00:00:00,2429753.95319408
2017-04-27 00:00:00,2636893.4472629
2017-04-28 00:00:00,2454474.32371981
2017-04-29 00:00:00,2085973.14816427
2017-04-30 00:00:00,1786432.98478775
2017-05-01 00:00:00,2509004.84642658
2017-05-02 00:00:00,2531694.30522712
2017-05-03 00:00:00,2625551.83579827
2017-05-04 00:00:00,2892428.85815541
2017-05-05 00:00:00,2863316.31076466
2017-05-06 00:00:00,2713257.08179424
2017-05-07 00:00:00,2213326.70430986
2017-05-08 00:00:00,3877215.60055801
2017-05-09 00:00:00,3162517.25139159
2017-05-10 00:00:00,3874769.78499685
2017-05-11 00:00:00,3043753.15753014
2017-05-12 00:00:00,3073037.69219212
2017-05-13 00:00:00,3010157.61381842
2017-05-14 00:00:00,2545656.41773744
2017-05-15 00:00:00,3103702.08604029
2017-05-16 00:00:00,2799129.2160808
2017-05-17 00:00:00,4046479.13624013
2017-05-18 00:00:00,3210225.94467315
2017-05-19 00:00:00,2945763.68201307
2017-05-20 00:00:00,2804084.67104589
2017-05-21 00:00:00,2312823.37124217
2017-05-22 00:00:00,3323799.86455834
2017-05-23 00:00:00,4112953.88938043
2017-05-24 00:00:00,3588186.52070508
2017-05-25 00:00:00,3530884.92877644
2017-05-26 00:00:00,2804635.9805514
2017-05-27 00:00:00,2657377.95140431
2017-05-28 00:00:00,2786546.06826719
2017-05-29 00:00:00,2525128.96458457
2017-05-30 00:00:00,3826430.14816408
2017-05-31 00:00:00,3330411.62442274
2017-06-01 00:00:00,3357411.23059445
2017-06-02 00:00:00,2928808.54262625
2017-06-03 00:00:00,3233909.0777738
2017-06-04 00:00:00,3486275.16396507
2017-06-05 00:00:00,3259528.68113655
2017-06-06 00:00:00,2545677.6551106
2017-06-07 00:00:00,2630808.40539197
2017-06-08 00:00:00,2395589.20058035
2017-06-09 00:00:00,2596621.09418949
2017-06-10 00:00:00,2449118.61011926
2017-06-11 00:00:00,2301534.23117237
2017-06-12 00:00:00,2893538.97091795
2017-06-13 00:00:00,3332828.04807158
2017-06-14 00:00:00,3266873.63574757
2017-06-15 00:00:00,3066425.90119848
2017-06-16 00:00:00,3448634.12057121
2017-06-17 00:00:00,2338185.94032215
2017-06-18 00:00:00,2263317.85615954
2017-06-19 00:00:00,3071769.11867115
2017-06-20 00:00:00,3018444.73833646
2017-06-21 00:00:00,3625571.87080043
2017-06-22 00:00:00,3267161.4280655
2017-06-23 00:00:00,2401755.51512491
2017-06-24 00:00:00,2254175.1962506
2017-06-25 00:00:00,1868429.04665601
2017-06-26 00:00:00,3779418.89569916
2017-06-27 00:00:00,2770208.70309383
2017-06-28 00:00:00,2823966.12788104
2017-06-29 00:00:00,3186635.15883385
2017-06-30 00:00:00,3475033.6382054
2017-07-01 00:00:00,2316434.73344185
2017-07-02 00:00:00,1799632.14846136
2017-07-03 00:00:00,2832034.6030389
2017-07-04 00:00:00,2286343.30467342
2017-07-05 00:00:00,2513987.23811057
2017-07-06 00:00:00,2215848.59138751
2017-07-07 00:00:00,2453741.07715306
2017-07-08 00:00:00,2699738.77099787
2017-07-09 00:00:00,2367596.82138486
2017-07-10 00:00:00,3269080.45651819
2017-07-11 00:00:00,2896549.04491071
2017-07-12 00:00:00,2631445.67662561
2017-07-13 00:00:00,2516299.99475322
2017-07-14 00:00:00,2601799.87911099
2017-07-15 00:00:00,1958573.71804341
2017-07-16 00:00:00,2035268.6911176
2017-07-17 00:00:00,2658035.61301639
2017-07-18 00:00:00,2653766.96798905
2017-07-19 00:00:00,2509365.82786205
2017-07-20 00:00:00,2443211.00041247
2017-07-21 00:00:00,2264274.4813573
2017-07-22 00:00:00,1793088.27485513
2017-07-23 00:00:00,1600323.65108759
2017-07-24 00:00:00,2393466.60029192
2017-07-25 00:00:00,7336256.31276611
2017-07-26 00:00:00,3704928.86247152
2017-07-27 00:00:00,2481256.08559529
2017-07-28 00:00:00,4203872.08972432
2017-07-29 00:00:00,4134542.02443439
2017-07-30 00:00:00,8866222.52448175
2017-07-31 00:00:00,2947402.79044772
2017-08-01 00:00:00,2633798.15211865
2017-08-02 00:00:00,2820428.45897889
2017-08-03 00:00:00,2133227.07862107
2017-08-04 00:00:00,2329716.15325997
2017-08-05 00:00:00,1958602.78141459
2017-08-06 00:00:00,1759850.47466038
2017-08-07 00:00:00,2359919.57315276
2017-08-08 00:00:00,2700000.25991313
2017-08-09 00:00:00,2423175.59803591
2017-08-10 00:00:00,2835042.93782618
2017-08-11 00:00:00,3229999.64436034
2017-08-12 00:00:00,2414521.11750094
2017-08-13 00:00:00,2243479.26248682
2017-08-14 00:00:00,2822187.04217326
2017-08-15 00:00:00,2679106.22240752
2017-08-16 00:00:00,2954985.44512969
2017-08-17 00:00:00,2790880.55218691
2017-08-18 00:00:00,2669279.00876071
2017-08-19 00:00:00,2352589.93866998
2017-08-20 00:00:00,1783558.84045679
2017-08-21 00:00:00,2497994.70442614
2017-08-22 00:00:00,1843217.52772625
2017-08-23 00:00:00,2363819.52862012
2017-08-24 00:00:00,1648686.54018429
2017-08-25 00:00:00,1419457.76485444
2017-08-26 00:00:00,1402892.59232258
2017-08-27 00:00:00,1285150.42558274
2017-08-28 00:00:00,1720458.17982114
2017-08-29 00:00:00,1958313.30089667
2017-08-30 00:00:00,1638679.81694407
2017-08-31 00:00:00,1789355.6761299
2017-09-01 00:00:00,1802440.92605985
2017-09-02 00:00:00,1580305.84700547
2017-09-03 00:00:00,1424953.24126513
2017-09-04 00:00:00,2420753.39615034
2017-09-05 00:00:00,6493150.03892271
2017-09-06 00:00:00,2520446.76902914
2017-09-07 00:00:00,2233112.27531999
2017-09-08 00:00:00,2168325.69503368
2017-09-09 00:00:00,1849746.79844101
2017-09-10 00:00:00,1623220.04883035
2017-09-11 00:00:00,2692005.49771607
2017-09-12 00:00:00,2430941.86072369
2017-09-13 00:00:00,2831212.88400126
2017-09-14 00:00:00,3200145.08440574
2017-09-15 00:00:00,3534612.48517032
2017-09-16 00:00:00,2240646.89363326
2017-09-17 00:00:00,1738874.87850994
2017-09-18 00:00:00,2333957.29425109
2017-09-19 00:00:00,1923284.60539102
2017-09-20 00:00:00,1939586.86406504
2017-09-21 00:00:00,1932727.58934147
2017-09-22 00:00:00,1875335.22969157
2017-09-23 00:00:00,1314508.08040991
2017-09-24 00:00:00,1119276.97011702
2017-09-25 00:00:00,1995684.92139962
2017-09-26 00:00:00,2093406.99110012
2017-09-27 00:00:00,2168984.57933854
2017-09-28 00:00:00,2302851.10096495
2017-09-29 00:00:00,1960682.74712833
2017-09-30 00:00:00,1660940.9198602
2017-10-01 00:00:00,1439109.25509959
2017-10-02 00:00:00,2028711.64935142
2017-10-03 00:00:00,1622695.28263549
2017-10-04 00:00:00,1468790.74049575
2017-10-05 00:00:00,1666611.72672147
2017-10-06 00:00:00,1383027.02614635
2017-10-07 00:00:00,1055525.54442841
2017-10-08 00:00:00,1273611.93697547
2017-10-09 00:00:00,2564018.8772409
2017-10-10 00:00:00,1952289.66774277
2017-10-11 00:00:00,1778444.16169985
2017-10-12 00:00:00,1979554.76639701
2017-10-13 00:00:00,1971283.38376683
2017-10-14 00:00:00,1518393.19596526
2017-10-15 00:00:00,1324663.96362474
2017-10-16 00:00:00,1925205.56372934
2017-10-17 00:00:00,2826171.93715077
2017-10-18 00:00:00,2154353.26190078
2017-10-19 00:00:00,1911311.86748032
2017-10-20 00:00:00,1927247.42106095
2017-10-21 00:00:00,1562588.59974058
2017-10-22 00:00:00,1499204.49492525
2017-10-23 00:00:00,2994818.33704517
2017-10-24 00:00:00,2586032.1080847
2017-10-25 00:00:00,1984823.1803553
2017-10-26 00:00:00,1743919.65748378
2017-10-27 00:00:00,2003977.22489857
2017-10-28 00:00:00,1417695.81194232
2017-10-29 00:00:00,1659959.90509791
2017-10-30 00:00:00,1855584.22744584
2017-10-31 00:00:00,1916686.47664088
2017-11-01 00:00:00,2191308.31545993
2017-11-02 00:00:00,2251378.16500269
2017-11-03 00:00:00,3036929.60935422
2017-11-04 00:00:00,5765969.34505611
2017-11-05 00:00:00,6077425.12154975
2017-11-06 00:00:00,2782648.58633198
2017-11-07 00:00:00,3523838.11586761
2017-11-08 00:00:00,4267323.33496847
2017-11-09 00:00:00,2237809.57165968
2017-11-10 00:00:00,2333950.77395925
2017-11-11 00:00:00,1676042.19348702
2017-11-12 00:00:00,2076768.80337136
2017-11-13 00:00:00,4374153.69981788
2017-11-14 00:00:00,3861149.03692856
2017-11-15 00:00:00,3422899.06038032
2017-11-16 00:00:00,3817994.31245076
2017-11-17 00:00:00,3818219.59308754
2017-11-18 00:00:00,2716113.897523
2017-11-19 00:00:00,5442164.8232234
2017-11-20 00:00:00,4224222.22523215
2017-11-21 00:00:00,3637233.52189773
2017-11-22 00:00:00,3507780.83816063
2017-11-23 00:00:00,3406958.99050022
2017-11-24 00:00:00,2677848.85111641
2017-11-25 00:00:00,2899917.65325049
2017-11-26 00:00:00,2050315.30767253
2017-11-27 00:00:00,2426385.16650843
2017-11-28 00:00:00,2880931.73888963
2017-11-29 00:00:00,3262042.94240384
2017-11-30 00:00:00,2697792.32671816
2017-12-01 00:00:00,2319117.91462818
2017-12-02 00:00:00,2142790.41723758
2017-12-03 00:00:00,1870464.10432921
2017-12-04 00:00:00,2613354.17930193
2017-12-05 00:00:00,3015982.76508624
2017-12-06 00:00:00,3531510.98127557
2017-12-07 00:00:00,3449008.95834804
2017-12-08 00:00:00,2492427.01359836
2017-12-09 00:00:00,2895169.90410449
2017-12-10 00:00:00,1987675.08041954
2017-12-11 00:00:00,2687922.7701092
2017-12-12 00:00:00,3302129.25712413
2017-12-13 00:00:00,3267550.70840003
2017-12-14 00:00:00,2943542.64672682
2017-12-15 00:00:00,2756649.27952242
2017-12-16 00:00:00,2356102.92275215
2017-12-17 00:00:00,2389062.95524273
2017-12-18 00:00:00,3005751.29995231
2017-12-19 00:00:00,1984897.72988431
2017-12-20 00:00:00,2227875.17809013
2017-12-21 00:00:00,1791086.42938149
2017-12-22 00:00:00,1901698.95018698
2017-12-23 00:00:00,1781229.26358255
2017-12-24 00:00:00,1427328.52493331
2017-12-25 00:00:00,1810627.09798568
2017-12-26 00:00:00,2185221.9005927
2017-12-27 00:00:00,2323583.61840243
2017-12-28 00:00:00,2067417.47415757
2017-12-29 00:00:00,2311057.65922861
2017-12-30 00:00:00,2243962.34386691
2017-12-31 00:00:00,1638125.54625127
2018-01-01 00:00:00,1683244.82942741
2018-01-02 00:00:00,2536938.59565949
2018-01-03 00:00:00,2816884.6123767
2018-01-04 00:00:00,2737825.46133858
2018-01-05 00:00:00,2921230.73442498
2018-01-06 00:00:00,2979615.08569416
2018-01-07 00:00:00,2757179.42461305
2018-01-08 00:00:00,2520926.89168333
2018-01-09 00:00:00,2246011.72906948
2018-01-10 00:00:00,2162979.76075194
2018-01-11 00:00:00,1858450.48095441
2018-01-12 00:00:00,1779515.71814438
2018-01-13 00:00:00,1365097.69524724
2018-01-14 00:00:00,1269172.79926966
2018-01-15 00:00:00,1497810.16814616
2018-01-16 00:00:00,2889286.58911247
2018-01-17 00:00:00,2469526.1942497
2018-01-18 00:00:00,2156724.2005386
2018-01-19 00:00:00,1953499.50915421
2018-01-20 00:00:00,1460377.69958238
2018-01-21 00:00:00,1108525.07146823
2018-01-22 00:00:00,1525531.99580504
2018-01-23 00:00:00,1539514.45965906
2018-01-24 00:00:00,1502763.71387053
2018-01-25 00:00:00,1357490.31663831
2018-01-26 00:00:00,1702177.3888899
2018-01-27 00:00:00,1363301.06797615
2018-01-28 00:00:00,3128906.09631923
2018-01-29 00:00:00,1941048.85270316
2018-01-30 00:00:00,2359671.26612013
2018-01-31 00:00:00,1785708.48638844
2018-02-01 00:00:00,2190613.27516081
2018-02-02 00:00:00,1460796.37959501
2018-02-03 00:00:00,910042.479216002
2018-02-04 00:00:00,972248.504667276
2018-02-05 00:00:00,1848912.71449762
2018-02-06 00:00:00,1914332.61631062
2018-02-07 00:00:00,1160111.91246949
2018-02-08 00:00:00,1171509.55403524
2018-02-09 00:00:00,1144162.67234831
2018-02-10 00:00:00,1537986.39994014
2018-02-11 00:00:00,1398605.05384881
2018-02-12 00:00:00,1674741.82471679
2018-02-13 00:00:00,1315762.89938924
2018-02-14 00:00:00,1557016.97897317
2018-02-15 00:00:00,1418774.18366198
2018-02-16 00:00:00,1102895.65944928
2018-02-17 00:00:00,1473900.18968141
2018-02-18 00:00:00,1639023.58066962
2018-02-19 00:00:00,1789525.59119401
2018-02-20 00:00:00,1268017.87932992
2018-02-21 00:00:00,1325803.33981783
2018-02-22 00:00:00,1494875.80154908
2018-02-23 00:00:00,1010312.59585165
2018-02-24 00:00:00,746134.753556644
2018-02-25 00:00:00,605383.320573031
2018-02-26 00:00:00,845197.491744043
2018-02-27 00:00:00,945506.24596197
2018-02-28 00:00:00,1383087.97303506
2018-03-01 00:00:00,1322629.8780573
2018-03-02 00:00:00,975776.272764159
2018-03-03 00:00:00,789724.28937326
2018-03-04 00:00:00,623927.249627926
2018-03-05 00:00:00,902570.350973113
2018-03-06 00:00:00,939487.073907465
2018-03-07 00:00:00,931240.743174634
2018-03-08 00:00:00,1018318.34934711
2018-03-09 00:00:00,1207455.65594262
2018-03-10 00:00:00,625890.068493036
2018-03-11 00:00:00,784076.104283849
2018-03-12 00:00:00,1019469.31707031
2018-03-13 00:00:00,1602213.51617503
2018-03-14 00:00:00,1039106.57555746
2018-03-15 00:00:00,1948801.68887794
2018-03-16 00:00:00,1047182.67814447
2018-03-17 00:00:00,2430655.81800346
2018-03-18 00:00:00,1620373.97024439
2018-03-19 00:00:00,1333185.15969478
2018-03-20 00:00:00,1115427.34148066
2018-03-21 00:00:00,931832.735855926
2018-03-22 00:00:00,1103657.68492115
2018-03-23 00:00:00,980288.452038435
2018-03-24 00:00:00,785311.529439133
2018-03-25 00:00:00,814756.224998199
2018-03-26 00:00:00,1678498.60550847
2018-03-27 00:00:00,1073046.59589624
2018-03-28 00:00:00,1166089.64722756
2018-03-29 00:00:00,846121.875065866
2018-03-30 00:00:00,1280581.95943046
2018-03-31 00:00:00,898889.563274104
2018-04-01 00:00:00,840298.930345865
2018-04-02 00:00:00,1456075.25690467
2018-04-03 00:00:00,1314862.30791238
2018-04-04 00:00:00,1419479.59497653
2018-04-05 00:00:00,1042336.94351738
2018-04-06 00:00:00,1254753.79514094
2018-04-07 00:00:00,743828.473960894
2018-04-08 00:00:00,731975.430598622
2018-04-09 00:00:00,1209298.05510888
2018-04-10 00:00:00,942151.232986581
2018-04-11 00:00:00,1008501.79766905
2018-04-12 00:00:00,2136543.65126675
2018-04-13 00:00:00,1247341.48476447
2018-04-14 00:00:00,693088.264302532
2018-04-15 00:00:00,751073.006088056
2018-04-16 00:00:00,1361857.99660289
2018-04-17 00:00:00,1190315.82845829
2018-04-18 00:00:00,1115698.07748822
2018-04-19 00:00:00,1317693.61797596
2018-04-20 00:00:00,1525188.3485979
2018-04-21 00:00:00,915287.583725163
2018-04-22 00:00:00,780480.296047293
2018-04-23 00:00:00,1097165.8206632
2018-04-24 00:00:00,1771582.25360621
2018-04-25 00:00:00,1975585.79590617
2018-04-26 00:00:00,1066987.86756977
2018-04-27 00:00:00,1535702.72334097
2018-04-28 00:00:00,1834487.97313898
2018-04-29 00:00:00,1615779.48559936
2018-04-30 00:00:00,1217251.51253369
2018-05-01 00:00:00,1025230.81877919
2018-05-02 00:00:00,1077024.26234452
2018-05-03 00:00:00,1354770.8197698
2018-05-04 00:00:00,1338541.95367919
2018-05-05 00:00:00,1061146.61591562
2018-05-06 00:00:00,1094581.32273542
2018-05-07 00:00:00,1376393.35639458
2018-05-08 00:00:00,1055634.46849746
2018-05-09 00:00:00,1062097.00009322
2018-05-10 00:00:00,1205082.43367396
2018-05-11 00:00:00,1308388.52640266
2018-05-12 00:00:00,1003638.30490215
2018-05-13 00:00:00,832115.857826972
2018-05-14 00:00:00,1274955.01813062
2018-05-15 00:00:00,1066979.09521869
2018-05-16 00:00:00,1152448.45163973
2018-05-17 00:00:00,1051517.19008435
2018-05-18 00:00:00,1123058.01284885
2018-05-19 00:00:00,751248.432252377
2018-05-20 00:00:00,732896.483626683
2018-05-21 00:00:00,836558.794829024
2018-05-22 00:00:00,925990.138759076
2018-05-23 00:00:00,1078604.15595464
2018-05-24 00:00:00,1196000.2441949
2018-05-25 00:00:00,953634.679951058
2018-05-26 00:00:00,608494.332037182
2018-05-27 00:00:00,803684.871379372
2018-05-28 00:00:00,1314911.0430335
2018-05-29 00:00:00,1280312.25032848
2018-05-30 00:00:00,1270075.63298008
2018-05-31 00:00:00,1377302.4973299
2018-06-01 00:00:00,1210052.7602243
2018-06-02 00:00:00,942371.684472286
2018-06-03 00:00:00,935768.809147528
2018-06-04 00:00:00,1494853.70117594
2018-06-05 00:00:00,1231018.70132041
2018-06-06 00:00:00,1138551.83163521
2018-06-07 00:00:00,1205874.23346582
2018-06-08 00:00:00,1440614.13872618
2018-06-09 00:00:00,874437.264986625
2018-06-10 00:00:00,1403865.80194377
2018-06-11 00:00:00,1688046.80946802
2018-06-12 00:00:00,1409209.45438495
2018-06-13 00:00:00,1878350.26496546
2018-06-14 00:00:00,1846267.95291809
2018-06-15 00:00:00,1728741.45967704
2018-06-16 00:00:00,820440.337812123
2018-06-17 00:00:00,669222.327711689
2018-06-18 00:00:00,1060965.78871968
2018-06-19 00:00:00,1472734.26131201
2018-06-20 00:00:00,1158473.61999681
2018-06-21 00:00:00,924429.022615271
2018-06-22 00:00:00,1866676.26607328
2018-06-23 00:00:00,1430821.49473604
2018-06-24 00:00:00,900357.745075924
2018-06-25 00:00:00,1293772.80248087
2018-06-26 00:00:00,879369.847397718
2018-06-27 00:00:00,991757.035454353
2018-06-28 00:00:00,912811.975668087
2018-06-29 00:00:00,1080974.50222335
2018-06-30 00:00:00,738220.872890951
2018-07-01 00:00:00,858834.303819219
2018-07-02 00:00:00,997966.548973642
2018-07-03 00:00:00,1062622.82959388
2018-07-04 00:00:00,889925.000582428
2018-07-05 00:00:00,1032507.61773956
2018-07-06 00:00:00,968279.449515897
2018-07-07 00:00:00,610695.274073943
2018-07-08 00:00:00,751033.913681297
2018-07-09 00:00:00,1048702.07775385
2018-07-10 00:00:00,1174009.98827291
2018-07-11 00:00:00,844523.664766876
2018-07-12 00:00:00,821091.024838082
2018-07-13 00:00:00,886209.138239419
2018-07-14 00:00:00,740316.114663813
2018-07-15 00:00:00,747510.628638848
2018-07-16 00:00:00,1215433.67670925
2018-07-17 00:00:00,1062550.40968472
2018-07-18 00:00:00,1137516.75989191
2018-07-19 00:00:00,965781.997600853
2018-07-20 00:00:00,914113.88457848
2018-07-21 00:00:00,642013.565772866
2018-07-22 00:00:00,583088.168756226
2018-07-23 00:00:00,971437.906534228
2018-07-24 00:00:00,1184540.43458122
2018-07-25 00:00:00,996984.017070411
2018-07-26 00:00:00,880778.203551938
2018-07-27 00:00:00,975850.530455948
2018-07-28 00:00:00,658610.474384135
2018-07-29 00:00:00,661003.324248228
2018-07-30 00:00:00,874826.162318069
2018-07-31 00:00:00,871944.343415105
2018-08-01 00:00:00,905661.754915516
2018-08-02 00:00:00,920947.221494545
2018-08-03 00:00:00,982848.127571651
2018-08-04 00:00:00,966188.419272149
2018-08-05 00:00:00,1022297.11046653
2018-08-06 00:00:00,1259506.27964545
2018-08-07 00:00:00,1138346.25302999
2018-08-08 00:00:00,1327631.36933921
2018-08-09 00:00:00,1117999.48784316
2018-08-10 00:00:00,973946.039828741
2018-08-11 00:00:00,800612.262203394
2018-08-12 00:00:00,606237.611225857
2018-08-13 00:00:00,920752.354323566
2018-08-14 00:00:00,1171296.37463736
2018-08-15 00:00:00,1053753.71620039
2018-08-16 00:00:00,911178.793598854
2018-08-17 00:00:00,861833.507632315
2018-08-18 00:00:00,666835.493103721
2018-08-19 00:00:00,599012.122149015
2018-08-20 00:00:00,859771.470318516
2018-08-21 00:00:00,1041449.93186305
2018-08-22 00:00:00,906348.774246956
2018-08-23 00:00:00,876297.028194091
2018-08-24 00:00:00,757997.673153633
2018-08-25 00:00:00,660165.413677719
2018-08-26 00:00:00,515508.311929805
2018-08-27 00:00:00,974407.77346651
2018-08-28 00:00:00,1898012.5255596
2018-08-29 00:00:00,901330.970696554
2018-08-30 00:00:00,854611.498456042
2018-08-31 00:00:00,1543688.52643683
2018-09-01 00:00:00,881906.292394451
2018-09-02 00:00:00,827630.138095977
2018-09-03 00:00:00,924600.63591991
2018-09-04 00:00:00,936828.26664435
2018-09-05 00:00:00,963010.475818063
2018-09-06 00:00:00,1272957.10140993
2018-09-07 00:00:00,1086048.21016274
2018-09-08 00:00:00,718862.417205491
2018-09-09 00:00:00,720066.615522026
2018-09-10 00:00:00,861391.083900317
2018-09-11 00:00:00,922450.723033623
2018-09-12 00:00:00,876514.218575805
2018-09-13 00:00:00,1120970.31826269
2018-09-14 00:00:00,760332.51310262
2018-09-15 00:00:00,720910.992325383
2018-09-16 00:00:00,688822.066188933
2018-09-17 00:00:00,1079845.96312938
2018-09-18 00:00:00,1028529.03470505
2018-09-19 00:00:00,936652.793647649
2018-09-20 00:00:00,908828.514926196
2018-09-21 00:00:00,1183944.94132495
2018-09-22 00:00:00,749155.219570635
2018-09-23 00:00:00,526553.127734548
2018-09-24 00:00:00,788427.163307808
2018-09-25 00:00:00,1366731.26951542
2018-09-26 00:00:00,1069898.08967295
2018-09-27 00:00:00,906900.738282316
2018-09-28 00:00:00,1078383.89383538
2018-09-29 00:00:00,753691.166988629
2018-09-30 00:00:00,641266.009217047
2018-10-01 00:00:00,823577.905055144
2018-10-02 00:00:00,1253120.1126076
2018-10-03 00:00:00,791168.032811415
2018-10-04 00:00:00,843966.492125517
2018-10-05 00:00:00,739244.432331004
2018-10-06 00:00:00,614605.809360181
2018-10-07 00:00:00,500647.359567858
2018-10-08 00:00:00,829927.216630443
2018-10-09 00:00:00,750224.675947881
2018-10-10 00:00:00,1041130.21985007
2018-10-11 00:00:00,1061283.41027725
2018-10-12 00:00:00,1118361.91023428
2018-10-13 00:00:00,685161.779747514
2018-10-14 00:00:00,662564.610511681
2018-10-15 00:00:00,1284006.58967693
2018-10-16 00:00:00,827843.657398782
2018-10-17 00:00:00,893760.36539815
2018-10-18 00:00:00,985320.366910714
2018-10-19 00:00:00,961462.472685052
2018-10-20 00:00:00,674789.570546624
2018-10-21 00:00:00,538622.631264663
2018-10-22 00:00:00,877222.892777349
2018-10-23 00:00:00,1017938.4518048
2018-10-24 00:00:00,1003518.33134876
2018-10-25 00:00:00,1010728.0309273
2018-10-26 00:00:00,826397.818360214
2018-10-27 00:00:00,577406.711274925
2018-10-28 00:00:00,523974.139731546
2018-10-29 00:00:00,810038.60400315
2018-10-30 00:00:00,850773.866591296
2018-10-31 00:00:00,932172.355043596
2018-11-01 00:00:00,926913.497123248
2018-11-02 00:00:00,1267746.67648196
2018-11-03 00:00:00,597667.011591455
2018-11-04 00:00:00,608365.301840172
2018-11-05 00:00:00,871818.013698398
2018-11-06 00:00:00,888083.50817827
2018-11-07 00:00:00,878451.605965992
2018-11-08 00:00:00,789766.36631959
2018-11-09 00:00:00,857089.235802351
2018-11-10 00:00:00,588546.690339197
2018-11-11 00:00:00,544579.329538603
2018-11-12 00:00:00,864084.763386748
2018-11-13 00:00:00,889566.389583107
2018-11-14 00:00:00,1156024.04209104
2018-11-15 00:00:00,1892836.65725486
2018-11-16 00:00:00,1145277.43348059
2018-11-17 00:00:00,682834.848769345
2018-11-18 00:00:00,580343.13343274
2018-11-19 00:00:00,1073888.55074716
2018-11-20 00:00:00,2115839.92620457
2018-11-21 00:00:00,1309378.21656164
2018-11-22 00:00:00,1017073.34072962
2018-11-23 00:00:00,1157067.13593257
2018-11-24 00:00:00,905769.291971645
2018-11-25 00:00:00,1067554.80425339
2018-11-26 00:00:00,1292170.82986592
2018-11-27 00:00:00,1256470.047218
2018-11-28 00:00:00,1359972.83777003
2018-11-29 00:00:00,1172440.72112957
2018-11-30 00:00:00,1854914.42273533
2018-12-01 00:00:00,1246164.56719989
2018-12-02 00:00:00,976830.002516739
2018-12-03 00:00:00,1487029.07296055
2018-12-04 00:00:00,2223959.72628048
2018-12-05 00:00:00,1713030.63453315
2018-12-06 00:00:00,1633213.92741729
2018-12-07 00:00:00,1442343.99575016
2018-12-08 00:00:00,924413.91891536
2018-12-09 00:00:00,749837.224049977
2018-12-10 00:00:00,1070517.48663692
2018-12-11 00:00:00,1231285.19381345
2018-12-12 00:00:00,1100815.10721768
2018-12-13 00:00:00,1157180.23449254
2018-12-14 00:00:00,1159444.36929272
2018-12-15 00:00:00,813096.485976747
2018-12-16 00:00:00,846835.705204458
2018-12-17 00:00:00,1200556.1796838
2018-12-18 00:00:00,1371198.62085749
2018-12-19 00:00:00,1528751.68535913
2018-12-20 00:00:00,1323364.22491093
2018-12-21 00:00:00,1281402.42997921
2018-12-22 00:00:00,807079.97095809
2018-12-23 00:00:00,781016.263973671
2018-12-24 00:00:00,1102833.45494636
2018-12-25 00:00:00,1073554.20796952
2018-12-26 00:00:00,1118880.2924891
2018-12-27 00:00:00,1258835.33320189
2018-12-28 00:00:00,1263611.81643514
2018-12-29 00:00:00,1132732.36406683
2018-12-30 00:00:00,700163.047612885
2018-12-31 00:00:00,851324.493629795
2019-01-01 00:00:00,549766.653484672
2019-01-02 00:00:00,985716.743373064
2019-01-03 00:00:00,940397.964094003
2019-01-04 00:00:00,972455.822879595
2019-01-05 00:00:00,762435.096074581
2019-01-06 00:00:00,691139.036975958
2019-01-07 00:00:00,984689.398449994
2019-01-08 00:00:00,907272.319909191
2019-01-09 00:00:00,945619.489824482
2019-01-10 00:00:00,1165194.94224282
2019-01-11 00:00:00,1202241.87199114
2019-01-12 00:00:00,801972.738916147
2019-01-13 00:00:00,746729.863052947
2019-01-14 00:00:00,943758.900935683
2019-01-15 00:00:00,1387794.75292028
2019-01-16 00:00:00,999523.601245877
2019-01-17 00:00:00,865081.658681416
2019-01-18 00:00:00,890215.481432725
2019-01-19 00:00:00,635759.816179606
2019-01-20 00:00:00,673875.570953252
2019-01-21 00:00:00,1554582.03044088
2019-01-22 00:00:00,1169130.35186746
2019-01-23 00:00:00,1177961.56777741
2019-01-24 00:00:00,1481541.93169787
2019-01-25 00:00:00,1829467.27787371
2019-01-26 00:00:00,956749.612212275
2019-01-27 00:00:00,735257.961248506
2019-01-28 00:00:00,1640413.97463998
2019-01-29 00:00:00,1566152.82464706
2019-01-30 00:00:00,2244734.92443827
2019-01-31 00:00:00,2180298.42693848
2019-02-01 00:00:00,2805591.82526717
2019-02-02 00:00:00,1528957.49980291
2019-02-03 00:00:00,692656.527491477
2019-02-04 00:00:00,2100232.57897692
2019-02-05 00:00:00,2766076.19761395
2019-02-06 00:00:00,3670020.74705545
2019-02-07 00:00:00,2624183.11068383
2019-02-08 00:00:00,2935959.40408611
2019-02-09 00:00:00,1691654.00759793
2019-02-10 00:00:00,619329.420175526
2019-02-11 00:00:00,2194526.57084261
2019-02-12 00:00:00,3176628.77211774
2019-02-13 00:00:00,3759153.89515758
2019-02-14 00:00:00,2748289.50960946
2019-02-15 00:00:00,2152406.64249604
2019-02-16 00:00:00,721058.482953854
2019-02-17 00:00:00,682063.329512969
2019-02-18 00:00:00,1187294.44414393
2019-02-19 00:00:00,1780234.10470397
2019-02-20 00:00:00,1372993.41160343
2019-02-21 00:00:00,1083753.82647437
2019-02-22 00:00:00,1376221.90008537
2019-02-23 00:00:00,997572.614287563
2019-02-24 00:00:00,953686.163606532
2019-02-25 00:00:00,1518114.00751512
2019-02-26 00:00:00,1722456.81826808
2019-02-27 00:00:00,1407914.03962214
2019-02-28 00:00:00,1540872.98206993
2019-03-01 00:00:00,1372157.22033369
2019-03-02 00:00:00,1464213.18189556
2019-03-03 00:00:00,1447172.47836288
2019-03-04 00:00:00,1780642.53266606
2019-03-05 00:00:00,2167836.63706042
2019-03-06 00:00:00,1431566.50008297
2019-03-07 00:00:00,1316690.02804753
2019-03-08 00:00:00,1314227.63267071
2019-03-09 00:00:00,819715.706955175
2019-03-10 00:00:00,662937.080963025
2019-03-11 00:00:00,1130700.8002131
2019-03-12 00:00:00,1487057.81899102
2019-03-13 00:00:00,1143591.60405347
2019-03-14 00:00:00,1418473.57348493
2019-03-15 00:00:00,1368445.67844443
2019-03-16 00:00:00,851526.315275604
2019-03-17 00:00:00,691444.070910068
2019-03-18 00:00:00,1780600.0876155
2019-03-19 00:00:00,1466091.31300298
2019-03-20 00:00:00,1315366.01320607
2019-03-21 00:00:00,1470280.03096176
2019-03-22 00:00:00,1753468.72734857
2019-03-23 00:00:00,762331.228885347
2019-03-24 00:00:00,635868.661184324
2019-03-25 00:00:00,1432876.79816854
2019-03-26 00:00:00,1235355.68325044
2019-03-27 00:00:00,1298958.05960887
2019-03-28 00:00:00,1448113.61837898
2019-03-29 00:00:00,1322042.12186854
2019-03-30 00:00:00,922855.656391279
2019-03-31 00:00:00,916838.890315333
2019-04-01 00:00:00,1744092.61087551
2019-04-02 00:00:00,3429198.98234587
2019-04-03 00:00:00,1306792.37531213
2019-04-04 00:00:00,1279471.74296539
2019-04-05 00:00:00,1082539.14209132
2019-04-06 00:00:00,776356.000201386
2019-04-07 00:00:00,832972.633726149
2019-04-08 00:00:00,1489013.44015008
2019-04-09 00:00:00,1976197.13876564
2019-04-10 00:00:00,1576934.00678522
2019-04-11 00:00:00,1887212.51414962
2019-04-12 00:00:00,1503470.02531551
2019-04-13 00:00:00,1085337.94973487
2019-04-14 00:00:00,1007059.31402494
2019-04-15 00:00:00,1553689.44193535
2019-04-16 00:00:00,1792237.98232304
2019-04-17 00:00:00,1590656.71804428
2019-04-18 00:00:00,1802993.5943033
2019-04-19 00:00:00,2045766.66861287
2019-04-20 00:00:00,1080058.02858003
2019-04-21 00:00:00,799768.980561722
2019-04-22 00:00:00,1690790.67496299
2019-04-23 00:00:00,2263367.8924946
2019-04-24 00:00:00,2030945.61067129
2019-04-25 00:00:00,1693363.76856175
2019-04-26 00:00:00,1494955.22722298
2019-04-27 00:00:00,709155.438463128
2019-04-28 00:00:00,862617.77549507
2019-04-29 00:00:00,1145104.01803515
2019-04-30 00:00:00,1871979.86684042
2019-05-01 00:00:00,1162547.70704421
2019-05-02 00:00:00,986563.569209106
2019-05-03 00:00:00,1268003.89154857
2019-05-04 00:00:00,886545.170964857
2019-05-05 00:00:00,762735.020365181
2019-05-06 00:00:00,1160172.84233279
2019-05-07 00:00:00,1546326.3574282
2019-05-08 00:00:00,1282820.63528939
2019-05-09 00:00:00,1257978.33952754
2019-05-10 00:00:00,1361392.47914309
2019-05-11 00:00:00,1259759.12746392
2019-05-12 00:00:00,952163.396669585
2019-05-13 00:00:00,1678344.65777558
2019-05-14 00:00:00,1652403.40849971
2019-05-15 00:00:00,2168606.2635591
2019-05-16 00:00:00,1438473.30300626
2019-05-17 00:00:00,1366575.82679672
2019-05-18 00:00:00,832814.319265813
2019-05-19 00:00:00,892847.57289151
2019-05-20 00:00:00,1221183.04796327
2019-05-21 00:00:00,1069771.09769478
2019-05-22 00:00:00,1172959.32912099
2019-05-23 00:00:00,1221496.19922306
2019-05-24 00:00:00,1371740.90384144
2019-05-25 00:00:00,793250.920644138
2019-05-26 00:00:00,850401.163688008
2019-05-27 00:00:00,1212933.65383591
2019-05-28 00:00:00,1324503.91397785
2019-05-29 00:00:00,1426452.61513325
2019-05-30 00:00:00,1224910.87307838
2019-05-31 00:00:00,2049565.24236865
2019-06-01 00:00:00,1199897.73547899
2019-06-02 00:00:00,1214859.86382018
2019-06-03 00:00:00,1694243.15720222
2019-06-04 00:00:00,1741205.06778663
2019-06-05 00:00:00,2003151.56993164
2019-06-06 00:00:00,2001279.34230516
2019-06-07 00:00:00,1454553.10102943
2019-06-08 00:00:00,930930.686008706
2019-06-09 00:00:00,908019.924559899
2019-06-10 00:00:00,1458520.17483975
2019-06-11 00:00:00,2170474.24094804
2019-06-12 00:00:00,1311285.46207585
2019-06-13 00:00:00,1228137.02502481
2019-06-14 00:00:00,1267506.90252897
2019-06-15 00:00:00,1021072.38987488
2019-06-16 00:00:00,1355369.53957
2019-06-17 00:00:00,2711334.49636944
2019-06-18 00:00:00,2869899.1944481
2019-06-19 00:00:00,1673182.62682249
2019-06-20 00:00:00,3394897.6964203
2019-06-21 00:00:00,1710806.61832957
2019-06-22 00:00:00,1952259.8368793
2019-06-23 00:00:00,1002826.7545288
2019-06-24 00:00:00,1671222.71262808
2019-06-25 00:00:00,1956241.05807187
2019-06-26 00:00:00,1866107.77717559
2019-06-27 00:00:00,1672496.03081643
2019-06-28 00:00:00,1467631.80564147
2019-06-29 00:00:00,1379953.57871056
2019-06-30 00:00:00,1910735.65832321
2019-07-01 00:00:00,2100556.44406549
2019-07-02 00:00:00,1470210.48875256
2019-07-03 00:00:00,1704146.08969035
2019-07-04 00:00:00,1253929.11629174
2019-07-05 00:00:00,1564044.98834674
2019-07-06 00:00:00,705436.446358569
2019-07-07 00:00:00,718231.205005668
2019-07-08 00:00:00,2662688.53939029
2019-07-09 00:00:00,2441777.72698058
2019-07-10 00:00:00,2302653.81810532
2019-07-11 00:00:00,2959621.67787676
2019-07-12 00:00:00,2440280.90560054
2019-07-13 00:00:00,1572856.63308995
2019-07-14 00:00:00,1561873.32498153
2019-07-15 00:00:00,1832527.79176075
2019-07-16 00:00:00,2459457.74416151
2019-07-17 00:00:00,1898310.89689274
2019-07-18 00:00:00,5009356.48131619
2019-07-19 00:00:00,1313246.94953146
2019-07-20 00:00:00,892282.930521397
2019-07-21 00:00:00,1068960.52688826
2019-07-22 00:00:00,6033168.90500625
2019-07-23 00:00:00,1208702.39832617
2019-07-24 00:00:00,1513193.06641193
2019-07-25 00:00:00,1981281.12609714
2019-07-26 00:00:00,982757.788617507
2019-07-27 00:00:00,608913.312598471
2019-07-28 00:00:00,482695.976665411
2019-07-29 00:00:00,2627308.14376026
2019-07-30 00:00:00,2106033.01759415
2019-07-31 00:00:00,1569708.76631774
2019-08-01 00:00:00,1006874.12106064
2019-08-02 00:00:00,783422.60787184
2019-08-03 00:00:00,555691.180515733
2019-08-04 00:00:00,571638.807167129
2019-08-05 00:00:00,2038663.73067686
2019-08-06 00:00:00,1686026.84972458
2019-08-07 00:00:00,858648.386490158
2019-08-08 00:00:00,1444024.17734944
2019-08-09 00:00:00,1348526.32784251
2019-08-10 00:00:00,1746348.68292759
2019-08-11 00:00:00,582409.813571025
2019-08-12 00:00:00,1110987.90699422
2019-08-13 00:00:00,1282748.35232522
2019-08-14 00:00:00,1430779.56397946
2019-08-15 00:00:00,1502214.00590109
2019-08-16 00:00:00,989258.217325773
2019-08-17 00:00:00,1604447.78027742
2019-08-18 00:00:00,966183.225539812
2019-08-19 00:00:00,873194.862495244
2019-08-20 00:00:00,9748625.29732424
2019-08-21 00:00:00,24528670.3510687
2019-08-22 00:00:00,11720216.2962693
2019-08-23 00:00:00,680553.064223374
2019-08-24 00:00:00,453802.651056304
2019-08-25 00:00:00,589590.440689066
2019-08-26 00:00:00,1038265.50885259
2019-08-27 00:00:00,898858.708773689
2019-08-28 00:00:00,889797.000073285
2019-08-29 00:00:00,891511.675643195
2019-08-30 00:00:00,839355.405968025
2019-08-31 00:00:00,781640.701304001
2019-09-01 00:00:00,863687.045905098
2019-09-02 00:00:00,929037.873505404
2019-09-03 00:00:00,1040522.72962904
2019-09-04 00:00:00,1208245.68544858
2019-09-05 00:00:00,1242635.39094575
2019-09-06 00:00:00,1178701.69383365
2019-09-07 00:00:00,629500.820114256
2019-09-08 00:00:00,702260.154571735
2019-09-09 00:00:00,877297.908776981
2019-09-10 00:00:00,1221919.55162416
2019-09-11 00:00:00,1123456.37957047
2019-09-12 00:00:00,828541.849706542
2019-09-13 00:00:00,701970.120843471
2019-09-14 00:00:00,614511.773528669
2019-09-15 00:00:00,498570.419934237
2019-09-16 00:00:00,993133.833231407
2019-09-17 00:00:00,1147350.8940079
2019-09-18 00:00:00,865403.082340075
2019-09-19 00:00:00,758179.66775461
2019-09-20 00:00:00,874080.293790683
2019-09-21 00:00:00,726562.641094705
2019-09-22 00:00:00,1711385.00341165
2019-09-23 00:00:00,1486499.71902562
2019-09-24 00:00:00,1306425.75673371
2019-09-25 00:00:00,1647160.69227417
2019-09-26 00:00:00,1130065.40346932
2019-09-27 00:00:00,922424.486572073
2019-09-28 00:00:00,673386.538360677
2019-09-29 00:00:00,606613.635693071
2019-09-30 00:00:00,1107464.74721235
2019-10-01 00:00:00,1158740.01134524
2019-10-02 00:00:00,845513.50947988
2019-10-03 00:00:00,807516.389749268
2019-10-04 00:00:00,720385.077586688
2019-10-05 00:00:00,499826.823379352
2019-10-06 00:00:00,535585.68315319
2019-10-07 00:00:00,698133.060497983
2019-10-08 00:00:00,853284.326411053
2019-10-09 00:00:00,890109.379233644
2019-10-10 00:00:00,809342.551334509
2019-10-11 00:00:00,748859.345230277
2019-10-12 00:00:00,477082.626716422
2019-10-13 00:00:00,421940.207082645
2019-10-14 00:00:00,821209.414448708
2019-10-15 00:00:00,746628.717238315
2019-10-16 00:00:00,1044662.74960641
2019-10-17 00:00:00,1021589.2507013
2019-10-18 00:00:00,1021618.23399633
2019-10-19 00:00:00,847151.669674816
2019-10-20 00:00:00,749654.197106282
2019-10-21 00:00:00,898823.600888372
2019-10-22 00:00:00,1141325.22151377
2019-10-23 00:00:00,1334525.53652092
2019-10-24 00:00:00,1000767.06494216
2019-10-25 00:00:00,1348960.43815855
2019-10-26 00:00:00,1004810.11591243
2019-10-27 00:00:00,684000.549624474
2019-10-28 00:00:00,1944113.78990658
2019-10-29 00:00:00,1501770.91055353
2019-10-30 00:00:00,2023871.40963542
2019-10-31 00:00:00,1415879.11847805
2019-11-01 00:00:00,1253351.67495788
2019-11-02 00:00:00,845904.131541826
2019-11-03 00:00:00,827166.372659752
2019-11-04 00:00:00,949576.10641267
2019-11-05 00:00:00,1161345.32878865
2019-11-06 00:00:00,1409366.37888414
2019-11-07 00:00:00,1374073.7597232
2019-11-08 00:00:00,1333670.62974223
2019-11-09 00:00:00,1048033.15307825
2019-11-10 00:00:00,685311.161110266
2019-11-11 00:00:00,797236.585528915
2019-11-12 00:00:00,1019903.11744936
2019-11-13 00:00:00,1331117.80907882
2019-11-14 00:00:00,1216940.16732074
2019-11-15 00:00:00,1280489.90300323
2019-11-16 00:00:00,695082.440087727
2019-11-17 00:00:00,632131.464984699
2019-11-18 00:00:00,1330677.31241682
2019-11-19 00:00:00,956827.203341185
2019-11-20 00:00:00,800559.908126409
2019-11-21 00:00:00,1616533.40835477
2019-11-22 00:00:00,1573304.8749851
2019-11-23 00:00:00,1010840.18924162
2019-11-24 00:00:00,824423.434529546
2019-11-25 00:00:00,1316525.8036636
2019-11-26 00:00:00,1172810.16045225
2019-11-27 00:00:00,1014562.11767074
2019-11-28 00:00:00,764888.006758807
2019-11-29 00:00:00,991528.113663892
2019-11-30 00:00:00,750855.209857113
2019-12-01 00:00:00,680284.709231954
2019-12-02 00:00:00,865728.87978467
2019-12-03 00:00:00,854602.911802966
2019-12-04 00:00:00,2329577.92166183
2019-12-05 00:00:00,898001.057487505
2019-12-06 00:00:00,2288980.71377945
2019-12-07 00:00:00,957054.855731875
2019-12-08 00:00:00,731180.603252509
2019-12-09 00:00:00,1190356.7997295
2019-12-10 00:00:00,1148974.68743132
2019-12-11 00:00:00,1207960.67269245
2019-12-12 00:00:00,835730.081436612
2019-12-13 00:00:00,720319.254325102
2019-12-14 00:00:00,730482.960950935
2019-12-15 00:00:00,650460.969850616
2019-12-16 00:00:00,767656.100771835
2019-12-17 00:00:00,1777401.2009867
2019-12-18 00:00:00,1164742.9247833
2019-12-19 00:00:00,1004379.59851356
2019-12-20 00:00:00,1006115.21484346
2019-12-21 00:00:00,677306.859111167
2019-12-22 00:00:00,759089.242038868
2019-12-23 00:00:00,949499.209792517
2019-12-24 00:00:00,730761.017291865
2019-12-25 00:00:00,596758.284247587
2019-12-26 00:00:00,701726.353554965
2019-12-27 00:00:00,868237.597389785
2019-12-28 00:00:00,685635.28338299
2019-12-29 00:00:00,562316.944862384
2019-12-30 00:00:00,988699.407643123
2019-12-31 00:00:00,724804.399888533
2020-01-01 00:00:00,445595.375982222
2020-01-02 00:00:00,695423.336835158
2020-01-03 00:00:00,1018828.76058016
2020-01-04 00:00:00,659620.034119296
2020-01-05 00:00:00,565296.54187035
2020-01-06 00:00:00,1097641.31609541
2020-01-07 00:00:00,786850.605013729
2020-01-08 00:00:00,901196.844609986
2020-01-09 00:00:00,1209651.56106412
2020-01-10 00:00:00,906991.318369058
2020-01-11 00:00:00,595929.426650587
2020-01-12 00:00:00,501745.460117209
2020-01-13 00:00:00,689551.99199671
2020-01-14 00:00:00,1249904.18551204
2020-01-15 00:00:00,1601482.10270927
2020-01-16 00:00:00,888152.900963791
2020-01-17 00:00:00,1116671.92697818
2020-01-18 00:00:00,505653.627783496
2020-01-19 00:00:00,632112.687328294
2020-01-20 00:00:00,979328.501556811
2020-01-21 00:00:00,668118.808808229
2020-01-22 00:00:00,897468.418794652
2020-01-23 00:00:00,867468.190280036
2020-01-24 00:00:00,692891.838389828
2020-01-25 00:00:00,488493.748697748
2020-01-26 00:00:00,577633.448201026
2020-01-27 00:00:00,1509052.89676099
2020-01-28 00:00:00,1050430.15512774
2020-01-29 00:00:00,893706.050621505
2020-01-30 00:00:00,1455372.46303862
2020-01-31 00:00:00,1204276.68489226
2020-02-01 00:00:00,818309.332065908
2020-02-02 00:00:00,691971.371596464
2020-02-03 00:00:00,1599642.01407951
2020-02-04 00:00:00,897290.328187505
2020-02-05 00:00:00,848648.943636921
2020-02-06 00:00:00,1569522.48661781
2020-02-07 00:00:00,1661226.21474543
2020-02-08 00:00:00,784928.205700718
2020-02-09 00:00:00,572106.142999936
2020-02-10 00:00:00,1046338.47816011
2020-02-11 00:00:00,1020598.51056751
2020-02-12 00:00:00,1100253.78927996
2020-02-13 00:00:00,1069433.55939573
2020-02-14 00:00:00,1047777.68508166
2020-02-15 00:00:00,869551.125746531
2020-02-16 00:00:00,963366.419050043
2020-02-17 00:00:00,1301221.59710378
2020-02-18 00:00:00,1050298.61370031
2020-02-19 00:00:00,1373439.68542433
2020-02-20 00:00:00,1043971.92662019
2020-02-21 00:00:00,826541.731464725
2020-02-22 00:00:00,578355.56686758
2020-02-23 00:00:00,668882.618561738
2020-02-24 00:00:00,814213.527314197
2020-02-25 00:00:00,874557.447876811
2020-02-26 00:00:00,880402.429954982
2020-02-27 00:00:00,987245.127976323
2020-02-28 00:00:00,1015364.88347214
2020-02-29 00:00:00,639925.705792698
2020-03-01 00:00:00,566480.944950103
2020-03-02 00:00:00,823835.408430342
2020-03-03 00:00:00,791229.948857447
2020-03-04 00:00:00,1019256.03112567
2020-03-05 00:00:00,856202.222162386
2020-03-06 00:00:00,949234.972177108
2020-03-07 00:00:00,612862.119885382
2020-03-08 00:00:00,617403.518783728
2020-03-09 00:00:00,1226807.32045707
2020-03-10 00:00:00,1075469.91787441
2020-03-11 00:00:00,1694561.83924602
2020-03-12 00:00:00,2351186.61606329
2020-03-13 00:00:00,2348968.80498848
2020-03-14 00:00:00,1140936.01430291
2020-03-15 00:00:00,862960.829447834
2020-03-16 00:00:00,1604680.52504557
2020-03-17 00:00:00,1497870.78884423
2020-03-18 00:00:00,1147969.2955905
2020-03-19 00:00:00,1320132.5208535
2020-03-20 00:00:00,1347986.39138053
2020-03-21 00:00:00,704149.868179415
2020-03-22 00:00:00,806322.364772903
2020-03-23 00:00:00,1044812.06251601
2020-03-24 00:00:00,1396119.81296503
2020-03-25 00:00:00,894424.637051183
2020-03-26 00:00:00,876721.776435827
2020-03-27 00:00:00,1048145.48685929
2020-03-28 00:00:00,705244.927677058
2020-03-29 00:00:00,646945.916891303
2020-03-30 00:00:00,1013898.91882692
2020-03-31 00:00:00,1050378.51701018
2020-04-01 00:00:00,1017608.6024598
2020-04-02 00:00:00,1011879.94230324
2020-04-03 00:00:00,976482.735766035
2020-04-04 00:00:00,857653.815204773
2020-04-05 00:00:00,553256.754269757
2020-04-06 00:00:00,1089614.49405744
2020-04-07 00:00:00,1176112.64626103
2020-04-08 00:00:00,760551.781891682
2020-04-09 00:00:00,1103388.49801343
2020-04-10 00:00:00,1089003.49972664
2020-04-11 00:00:00,608915.365841462
2020-04-12 00:00:00,494233.050258298
2020-04-13 00:00:00,985586.612082916
2020-04-14 00:00:00,773028.957715486
2020-04-15 00:00:00,877779.734540594
2020-04-16 00:00:00,1109195.64760975
2020-04-17 00:00:00,945920.019087213
2020-04-18 00:00:00,613279.302850086
2020-04-19 00:00:00,547594.508733469
2020-04-20 00:00:00,839780.608285255
2020-04-21 00:00:00,810070.433540893
2020-04-22 00:00:00,866718.352478309
2020-04-23 00:00:00,924532.437602299
2020-04-24 00:00:00,1265403.31533266
2020-04-25 00:00:00,612813.214824569
2020-04-26 00:00:00,523828.657864635
2020-04-27 00:00:00,1035215.22430837
2020-04-28 00:00:00,881270.46901014
2020-04-29 00:00:00,1797174.1981907
2020-04-30 00:00:00,2022344.59395085
2020-05-01 00:00:00,1076318.37468517
2020-05-02 00:00:00,551345.643588245
2020-05-03 00:00:00,729928.366536047
2020-05-04 00:00:00,914148.179451729
2020-05-05 00:00:00,1091229.69871237
2020-05-06 00:00:00,1019264.00328187
2020-05-07 00:00:00,1319480.59718214
2020-05-08 00:00:00,1326677.95960725
2020-05-09 00:00:00,1171689.06029833
2020-05-10 00:00:00,805120.27036456
2020-05-11 00:00:00,1165274.92614542
2020-05-12 00:00:00,1205576.90515208
2020-05-13 00:00:00,1111537.86226089
2020-05-14 00:00:00,1138602.39322196
2020-05-15 00:00:00,1004693.83507288
2020-05-16 00:00:00,588481.035675438
2020-05-17 00:00:00,587798.415081619
2020-05-18 00:00:00,1062998.79589118
2020-05-19 00:00:00,1176856.58096745
2020-05-20 00:00:00,1085395.61863261
2020-05-21 00:00:00,981107.891056958
2020-05-22 00:00:00,987088.019611931
2020-05-23 00:00:00,556030.768258092
2020-05-24 00:00:00,595935.213819698
2020-05-25 00:00:00,1099658.34870169
2020-05-26 00:00:00,952761.581576603
2020-05-27 00:00:00,1106668.09300837
2020-05-28 00:00:00,839340.520864076
2020-05-29 00:00:00,1047675.48051426
2020-05-30 00:00:00,587440.145320611
2020-05-31 00:00:00,752990.409021887
2020-06-01 00:00:00,1253496.17612293
2020-06-02 00:00:00,1566267.80336628
2020-06-03 00:00:00,1129212.65239848
2020-06-04 00:00:00,1152648.34209259
2020-06-05 00:00:00,1061346.60727637
2020-06-06 00:00:00,499113.05981015
2020-06-07 00:00:00,452165.291612093
2020-06-08 00:00:00,983934.73421203
2020-06-09 00:00:00,879184.175881874
2020-06-10 00:00:00,1195978.12128421
2020-06-11 00:00:00,1001631.28565624
2020-06-12 00:00:00,830253.863744253
2020-06-13 00:00:00,582211.681689125
2020-06-14 00:00:00,479773.867716293
2020-06-15 00:00:00,1010530.12387002
2020-06-16 00:00:00,1354151.1693022
2020-06-17 00:00:00,935895.462594491
2020-06-18 00:00:00,787459.576308072
2020-06-19 00:00:00,1446849.25137761
2020-06-20 00:00:00,544762.336902044
2020-06-21 00:00:00,475839.887667669
2020-06-22 00:00:00,962617.166341449
2020-06-23 00:00:00,1353314.1414485
2020-06-24 00:00:00,1311910.1917584
2020-06-25 00:00:00,1187885.16995811
2020-06-26 00:00:00,1223831.11613146
2020-06-27 00:00:00,578597.558721226
2020-06-28 00:00:00,683500.705868015
2020-06-29 00:00:00,1013567.96454737
2020-06-30 00:00:00,1097730.27154464
2020-07-01 00:00:00,1085316.16279451
2020-07-02 00:00:00,1031021.5341106
2020-07-03 00:00:00,971719.254995018
2020-07-04 00:00:00,676450.563713943
2020-07-05 00:00:00,600272.961085762
2020-07-06 00:00:00,1159525.34007784
2020-07-07 00:00:00,992282.946751971
2020-07-08 00:00:00,1088708.77697653
2020-07-09 00:00:00,976219.418168258
2020-07-10 00:00:00,969619.359678852
2020-07-11 00:00:00,613984.724456739
2020-07-12 00:00:00,678513.983457948
2020-07-13 00:00:00,1223910.64205352
2020-07-14 00:00:00,910587.514779727
2020-07-15 00:00:00,833760.320201608
2020-07-16 00:00:00,984626.116643764
2020-07-17 00:00:00,848790.136178614
2020-07-18 00:00:00,660373.467356979
2020-07-19 00:00:00,651373.590622766
2020-07-20 00:00:00,909433.194233738
2020-07-21 00:00:00,890489.549614565
2020-07-22 00:00:00,954797.572798298
2020-07-23 00:00:00,1016262.18315993
2020-07-24 00:00:00,1035386.49292255
2020-07-25 00:00:00,791995.338359226
2020-07-26 00:00:00,730216.75686728
2020-07-27 00:00:00,1239333.7545504
2020-07-28 00:00:00,1269990.75861043
2020-07-29 00:00:00,1131995.4293344
2020-07-30 00:00:00,1045611.30384732
2020-07-31 00:00:00,1014392.20306478
2020-08-01 00:00:00,864866.804415056
2020-08-02 00:00:00,793876.043691907
2020-08-03 00:00:00,1131415.83019561
2020-08-04 00:00:00,993343.061244682
2020-08-05 00:00:00,993543.746320266
2020-08-06 00:00:00,1194659.24607117
2020-08-07 00:00:00,1022839.81732761
2020-08-08 00:00:00,805601.805601121
2020-08-09 00:00:00,698476.612509977
2020-08-10 00:00:00,1024528.55495357
2020-08-11 00:00:00,1042770.73857038
2020-08-12 00:00:00,976274.057328136
2020-08-13 00:00:00,907786.726174472
2020-08-14 00:00:00,1440043.27138648
2020-08-15 00:00:00,1432177.73151402
2020-08-16 00:00:00,1819310.32164451
2020-08-17 00:00:00,2938608.11177309
2020-08-18 00:00:00,2076963.08785902
2020-08-19 00:00:00,1887293.8647586955
2020-08-20 00:00:00,1846156.891732365
2020-08-21 00:00:00,1495713.7528094356
2020-08-22 00:00:00,1358275.3397950362
2020-08-23 00:00:00,1371402.6206322552
2020-08-24 00:00:00,1864226.3705456883
2020-08-25 00:00:00,1616790.3840057622
2020-08-26 00:00:00,1947966.6229682302
2020-08-27 00:00:00,2013412.4446154772
2020-08-28 00:00:00,2165612.967719466
2020-08-29 00:00:00,1751538.2608427948
2020-08-30 00:00:00,1753307.7044367052
2020-08-31 00:00:00,2697925.47431122
2020-09-01 00:00:00,2653444.8390494054
2020-09-02 00:00:00,2306329.287014456
2020-09-03 00:00:00,2741473.928778849
2020-09-04 00:00:00,2654809.098372859
2020-09-05 00:00:00,2428545.247330027
2020-09-06 00:00:00,2294692.652075226
2020-09-07 00:00:00,2985927.900431941
2020-09-08 00:00:00,2703153.939851396
2020-09-09 00:00:00,3188715.6297665564
2020-09-10 00:00:00,3493320.23694438
2020-09-11 00:00:00,3130284.862982855
2020-09-12 00:00:00,2593736.732794764
2020-09-13 00:00:00,2620089.0871622055
2020-09-14 00:00:00,2762366.3035074216
2020-09-15 00:00:00,2860061.915580005
2020-09-16 00:00:00,3050638.9733121274
2020-09-17 00:00:00,4143516.666677047
2020-09-18 00:00:00,3787104.8162539196
2020-09-19 00:00:00,2860939.874436815
2020-09-20 00:00:00,2360008.569287177
2020-09-21 00:00:00,3456045.3842892456
2020-09-22 00:00:00,2782025.070795326
2020-09-23 00:00:00,2652893.3213329725
2020-09-24 00:00:00,2409206.5700333514
2020-09-25 00:00:00,2838226.5128510646
2020-09-26 00:00:00,2385729.1863269415
2020-09-27 00:00:00,2072273.3273457673
2020-09-28 00:00:00,2293688.5248876456
2020-09-29 00:00:00,2586561.9429715737
2020-09-30 00:00:00,2388252.7433228926
2020-10-01 00:00:00,1977666.507376448
2020-10-02 00:00:00,2708626.798297648
2020-10-03 00:00:00,2174249.746517091
2020-10-04 00:00:00,1876623.603780629
2020-10-05 00:00:00,2042046.8102251187
2020-10-06 00:00:00,2176302.673165318
2020-10-07 00:00:00,2110681.875836661
2020-10-08 00:00:00,2022716.0215562857
2020-10-09 00:00:00,2758949.9255976025
2020-10-10 00:00:00,1865861.9233934034
2020-10-11 00:00:00,2133739.1510219164
2020-10-12 00:00:00,2172342.700986224
2020-10-13 00:00:00,2284628.160127564
2020-10-14 00:00:00,2398755.586802342
2020-10-15 00:00:00,2630666.213682497
2020-10-16 00:00:00,2358982.793732284
2020-10-17 00:00:00,2423280.9087780165
2020-10-18 00:00:00,2127428.325315144
2020-10-19 00:00:00,3411624.7821290633
2020-10-20 00:00:00,4199302.328430228
2020-10-21 00:00:00,3812554.203412102
2020-10-22 00:00:00,4039132.91811656
2020-10-23 00:00:00,2741260.4558924325
2020-10-24 00:00:00,1860296.1412399898
2020-10-25 00:00:00,1638908.0122123393
2020-10-26 00:00:00,2834831.0521162963
2020-10-27 00:00:00,2503686.578983815
2020-10-28 00:00:00,2662066.381190738
2020-10-29 00:00:00,2437235.1278990773
2020-10-30 00:00:00,2350724.46566804
2020-10-31 00:00:00,1692437.5477049127
2020-11-01 00:00:00,2135583.523147199
2020-11-02 00:00:00,2566363.668793519
2020-11-03 00:00:00,3210188.0381794474
2020-11-04 00:00:00,2044401.5279635924
2020-11-05 00:00:00,3125865.371285359
2020-11-06 00:00:00,3089433.8560195593
2020-11-07 00:00:00,1612472.8196293563
2020-11-08 00:00:00,1499231.5328901578
2020-11-09 00:00:00,2143909.2236318784
2020-11-10 00:00:00,2160265.602293784
2020-11-11 00:00:00,2063545.6685167034
2020-11-12 00:00:00,1961289.4482258307
2020-11-13 00:00:00,1578705.4720860084
2020-11-14 00:00:00,1902618.9423037888
2020-11-15 00:00:00,1598945.6849131507
2020-11-16 00:00:00,3618303.6178606437
2020-11-17 00:00:00,3030811.519459769
2020-11-18 00:00:00,2930159.471229325
2020-11-19 00:00:00,2378459.7512867227
2020-11-20 00:00:00,2460005.9133617682
2020-11-21 00:00:00,1907160.5008421156
2020-11-22 00:00:00,1908302.559880714
2020-11-23 00:00:00,2246648.0285092755
2020-11-24 00:00:00,2346578.308578133
2020-11-25 00:00:00,2212824.7458632644
2020-11-26 00:00:00,2284232.039295348
2020-11-27 00:00:00,1857757.4365958406
2020-11-28 00:00:00,1297738.59879115
2020-11-29 00:00:00,1275997.4580327284
2020-11-30 00:00:00,2254249.7237631045
2020-12-01 00:00:00,2099814.4287362588
2020-12-02 00:00:00,1676105.307223018
2020-12-03 00:00:00,1522633.819732659
2020-12-04 00:00:00,1904552.5280619564
2020-12-05 00:00:00,1525130.2269317054
2020-12-06 00:00:00,1332342.137409278
2020-12-07 00:00:00,1554178.904792339
2020-12-08 00:00:00,1619020.9618214075
2020-12-09 00:00:00,1967186.9600531722
2020-12-10 00:00:00,1965927.7990841332
2020-12-11 00:00:00,1421781.0179218298
2020-12-12 00:00:00,1419960.2902033573
2020-12-13 00:00:00,1658116.086538404
2020-12-14 00:00:00,2076030.4815688357
2020-12-15 00:00:00,2160315.239577205
2020-12-16 00:00:00,2709597.598903124
2020-12-17 00:00:00,2503111.8315624036
2020-12-18 00:00:00,2435931.47522933
2020-12-19 00:00:00,1665126.0493699387
2020-12-20 00:00:00,1323039.9195182465
2020-12-21 00:00:00,1743577.7641969968
2020-12-22 00:00:00,2040795.083998015
2020-12-23 00:00:00,2006004.4564819324
2020-12-24 00:00:00,2115162.4591126535
2020-12-25 00:00:00,2043474.7902727115
2020-12-26 00:00:00,2013537.2721217351
2020-12-27 00:00:00,2514614.6976488405
2020-12-28 00:00:00,1980852.0074605902
2020-12-29 00:00:00,1845946.881811576
2020-12-30 00:00:00,1743500.8467240594
2020-12-31 00:00:00,1945437.0119532992
2021-01-01 00:00:00,1603396.2137116976
2021-01-02 00:00:00,2164453.295742704
2021-01-03 00:00:00,2211805.282375474
2021-01-04 00:00:00,1922521.5209015799
2021-01-05 00:00:00,2209914.2060158076
2021-01-06 00:00:00,2131442.7395492857
2021-01-07 00:00:00,2751162.1980613857
2021-01-08 00:00:00,2518905.296970445
2021-01-09 00:00:00,1924128.5592848049
2021-01-10 00:00:00,1802561.284377868
2021-01-11 00:00:00,2438667.9365127706
2021-01-12 00:00:00,2210729.2632828536
2021-01-13 00:00:00,1781868.5424489914
2021-01-14 00:00:00,1934960.5575038558
2021-01-15 00:00:00,1735779.466270427
2021-01-16 00:00:00,1699036.9343569635
2021-01-17 00:00:00,1426059.4640880884
2021-01-18 00:00:00,1788904.5764252178
2021-01-19 00:00:00,2111753.333169642
2021-01-20 00:00:00,2021208.163186301
2021-01-21 00:00:00,2210014.3015196673
2021-01-22 00:00:00,2107825.236965114
2021-01-23 00:00:00,1529579.5139759874
2021-01-24 00:00:00,1515699.3507870794
2021-01-25 00:00:00,2313552.772161432
2021-01-26 00:00:00,1703884.0413185
2021-01-27 00:00:00,1995359.1673162316
2021-01-28 00:00:00,2181658.238608856
2021-01-29 00:00:00,2493283.100595151
2021-01-30 00:00:00,1957192.8866911277
2021-01-31 00:00:00,1991251.575630819
2021-02-01 00:00:00,1926362.6797363574
2021-02-02 00:00:00,1924952.595227271
2021-02-03 00:00:00,2065145.6573225637
2021-02-04 00:00:00,2181219.346210263
2021-02-05 00:00:00,1959874.22075536
2021-02-06 00:00:00,2156848.977352035
2021-02-07 00:00:00,2048377.4921070563
2021-02-08 00:00:00,2263658.8845361243
2021-02-09 00:00:00,3400460.2445700103
2021-02-10 00:00:00,2162722.1490840055
2021-02-11 00:00:00,2381722.558182397
2021-02-12 00:00:00,2143548.811255575
2021-02-13 00:00:00,1524496.4088809204
2021-02-14 00:00:00,1989965.4738860677
2021-02-15 00:00:00,2271037.822858814
2021-02-16 00:00:00,2515309.88902975
2021-02-17 00:00:00,2077696.296202234
2021-02-18 00:00:00,2202921.049314571
2021-02-19 00:00:00,2365992.8047458855
2021-02-20 00:00:00,2195460.0205980875
2021-02-21 00:00:00,1784572.2004049867
2021-02-22 00:00:00,1991241.4059263412
2021-02-23 00:00:00,2173494.9447755693
2021-02-24 00:00:00,2121419.752623374
2021-02-25 00:00:00,2313430.1727082557
2021-02-26 00:00:00,2069107.6827487755
2021-02-27 00:00:00,1677568.5346600553
2021-02-28 00:00:00,1732528.4446825883
2021-03-01 00:00:00,1784275.0426643416
2021-03-02 00:00:00,1888598.3906587074
2021-03-03 00:00:00,1875555.6054897762
2021-03-04 00:00:00,1518628.3708540269
2021-03-05 00:00:00,1779724.7621046035
2021-03-06 00:00:00,1532927.6924776402
2021-03-07 00:00:00,2131170.9444407476
2021-03-08 00:00:00,1960164.6905253993
2021-03-09 00:00:00,1950759.746582286
2021-03-10 00:00:00,1707223.4466062216
2021-03-11 00:00:00,1686284.5256209061
2021-03-12 00:00:00,1403994.234407919
2021-03-13 00:00:00,1198768.626284296
2021-03-14 00:00:00,1310705.0016122293
2021-03-15 00:00:00,1304712.9631716223
2021-03-16 00:00:00,1462311.3711877337
2021-03-17 00:00:00,1459949.3649105476
2021-03-18 00:00:00,1305655.2373274837
2021-03-19 00:00:00,1229178.3602250156
2021-03-20 00:00:00,1141108.221543033
2021-03-21 00:00:00,1111269.2474097142
2021-03-22 00:00:00,1303028.3947767767
2021-03-23 00:00:00,1820037.7526845175
2021-03-24 00:00:00,1642262.4595887067
2021-03-25 00:00:00,1714693.320537224
2021-03-26 00:00:00,1455942.7704662743
2021-03-27 00:00:00,1234256.2736862684
2021-03-28 00:00:00,921871.4806203037
2021-03-29 00:00:00,1608390.2359848502
2021-03-30 00:00:00,1498394.3950540042
2021-03-31 00:00:00,1363836.5238960125
2021-04-01 00:00:00,1367155.363143109
2021-04-02 00:00:00,1385175.1391694308
2021-04-03 00:00:00,1343101.899208912
2021-04-04 00:00:00,1158422.7721508534
2021-04-05 00:00:00,1752316.9899715276
2021-04-06 00:00:00,2112936.200079334
2021-04-07 00:00:00,1701486.9072858945
2021-04-08 00:00:00,1502138.7595533524
2021-04-09 00:00:00,1595604.2799944505
2021-04-10 00:00:00,1540955.8423908053
2021-04-11 00:00:00,1369947.8337563388
2021-04-12 00:00:00,1677284.9994405967
2021-04-13 00:00:00,1910823.298858516
2021-04-14 00:00:00,1825474.5914273402
2021-04-15 00:00:00,1847187.5771458303
2021-04-16 00:00:00,1838170.578444089
2021-04-17 00:00:00,1141728.0913403293
2021-04-18 00:00:00,1655752.753902911
2021-04-19 00:00:00,1279783.3824171573
2021-04-20 00:00:00,1869473.9435563402
2021-04-21 00:00:00,1930649.3890010188
2021-04-22 00:00:00,2189518.075817514
2021-04-23 00:00:00,2184878.17228987
2021-04-24 00:00:00,1601340.3717844605
2021-04-25 00:00:00,1637219.907682362
2021-04-26 00:00:00,2153568.7569878516
2021-04-27 00:00:00,2288671.0021766103
2021-04-28 00:00:00,2005694.123905418
2021-04-29 00:00:00,2113534.732219948
2021-04-30 00:00:00,2291090.288178675
2021-05-01 00:00:00,1609084.8921335426
2021-05-02 00:00:00,1492195.7128367196
2021-05-03 00:00:00,2160532.978446957
2021-05-04 00:00:00,2281525.1487654955
2021-05-05 00:00:00,1829464.9849490782
2021-05-06 00:00:00,1809184.201589053
2021-05-07 00:00:00,1940607.4922763945
2021-05-08 00:00:00,1377275.223697923
2021-05-09 00:00:00,1087017.0434825018
2021-05-10 00:00:00,1414063.2161480235
2021-05-11 00:00:00,1205320.6132946522
2021-05-12 00:00:00,1558112.2488245245
2021-05-13 00:00:00,2502521.9177196533
2021-05-14 00:00:00,2291844.6683706567
2021-05-15 00:00:00,1922161.1473690595
2021-05-16 00:00:00,1827949.9628672444
2021-05-17 00:00:00,2587553.5015879567
2021-05-18 00:00:00,1868815.4293386065
2021-05-19 00:00:00,3028422.4864820777
2021-05-20 00:00:00,2852078.7103717336
2021-05-21 00:00:00,2195789.558330042
2021-05-22 00:00:00,2363175.7205573167
2021-05-23 00:00:00,2230242.999971655
2021-05-24 00:00:00,2610428.8167468617
2021-05-25 00:00:00,2289844.615899725
2021-05-26 00:00:00,2222384.34359886
2021-05-27 00:00:00,1982668.8702467163
2021-05-28 00:00:00,2897052.407759485
2021-05-29 00:00:00,2039125.5009289046
2021-05-30 00:00:00,1082550.3020988763
2021-05-31 00:00:00,1126569.5106379518
2021-06-01 00:00:00,1490940.3679023613
2021-06-02 00:00:00,1153281.5869881245
2021-06-03 00:00:00,1223004.1311998535
2021-06-04 00:00:00,1028877.2534888064
2021-06-05 00:00:00,765291.5654282721
2021-06-06 00:00:00,1783108.8224150224
2021-06-07 00:00:00,2157358.542782184
2021-06-08 00:00:00,2527319.4607550697
2021-06-09 00:00:00,1325571.0529244493
2021-06-10 00:00:00,1412035.3480744276
2021-06-11 00:00:00,1463831.001040689
2021-06-12 00:00:00,1009990.6984393726
2021-06-13 00:00:00,1183321.5124375338
2021-06-14 00:00:00,1487002.2788881427
2021-06-15 00:00:00,1403796.12825071
2021-06-16 00:00:00,1608456.6915326284
2021-06-17 00:00:00,1568658.0409144466
2021-06-18 00:00:00,1556124.0473470483
2021-06-19 00:00:00,1079547.0835867121
2021-06-20 00:00:00,1277754.7958710135
2021-06-21 00:00:00,1748728.0993405867
2021-06-22 00:00:00,1936916.6581671324
2021-06-23 00:00:00,1822712.0643850984
2021-06-24 00:00:00,1857830.353326233
2021-06-25 00:00:00,2377849.556671677
2021-06-26 00:00:00,1775215.192297923
2021-06-27 00:00:00,1374020.9571261848
2021-06-28 00:00:00,1568948.173757771
2021-06-29 00:00:00,1376609.2013269826
2021-06-30 00:00:00,1238334.3560761532
2021-07-01 00:00:00,1644452.3164745774
2021-07-02 00:00:00,1732809.496393811
2021-07-03 00:00:00,1296389.1614878166
2021-07-04 00:00:00,1587004.7076152116
2021-07-05 00:00:00,1440760.8578943606
2021-07-06 00:00:00,1332945.629839787
2021-07-07 00:00:00,1325686.4933679493
2021-07-08 00:00:00,3251402.8090853877
2021-07-09 00:00:00,3425602.0530440975
2021-07-10 00:00:00,1855040.5895289658
2021-07-11 00:00:00,1858544.0997927322
2021-07-12 00:00:00,1676904.1636154528
2021-07-13 00:00:00,1515231.3406751284
2021-07-14 00:00:00,1504272.591367684
2021-07-15 00:00:00,1849483.7770742797
2021-07-16 00:00:00,1829236.3209806394
2021-07-17 00:00:00,1858454.2191117574
2021-07-18 00:00:00,1172816.4185356626
2021-07-19 00:00:00,1798945.0790203237
2021-07-20 00:00:00,1820526.0196784767
2021-07-21 00:00:00,1875543.767030717
2021-07-22 00:00:00,1808323.3206462918
2021-07-23 00:00:00,1752077.6797736164
2021-07-24 00:00:00,1502292.7798650577
2021-07-25 00:00:00,1464218.165195532
2021-07-26 00:00:00,2298723.5434574555
2021-07-27 00:00:00,7397981.684517844
2021-07-28 00:00:00,4070288.15811901
2021-07-29 00:00:00,2612465.1141455527
2021-07-30 00:00:00,1811007.7041541957
2021-07-31 00:00:00,2044926.8417713153
2021-08-01 00:00:00,3288590.183362305
2021-08-02 00:00:00,2706714.7531851646
2021-08-03 00:00:00,2488175.132468804
2021-08-04 00:00:00,2373221.5531227635
2021-08-05 00:00:00,1837056.0634328253
2021-08-06 00:00:00,2004227.1469750272
2021-08-07 00:00:00,1888212.3147366503
2021-08-08 00:00:00,1756552.9427316815
2021-08-09 00:00:00,1920458.2544779354
2021-08-10 00:00:00,1837738.1573076136
2021-08-11 00:00:00,2256473.3253916935
2021-08-12 00:00:00,1892160.6001472785
2021-08-13 00:00:00,1662561.3585278925
2021-08-14 00:00:00,1747047.1199523585
2021-08-15 00:00:00,1773893.0252111347
2021-08-16 00:00:00,2342566.491913669
2021-08-17 00:00:00,2411529.078434651
2021-08-18 00:00:00,2730229.536729336
2021-08-19 00:00:00,2580776.052760663
2021-08-20 00:00:00,2300800.7630459615
2021-08-21 00:00:00,2424895.858515853
2021-08-22 00:00:00,1809055.8831505934
2021-08-23 00:00:00,3171076.846912781
2021-08-24 00:00:00,8152009.30387915
2021-08-25 00:00:00,4217114.320627692
2021-08-26 00:00:00,4701248.281812728
2021-08-27 00:00:00,3920236.8648796356
2021-08-28 00:00:00,3498033.5672179097
2021-08-29 00:00:00,3649542.150278099
2021-08-30 00:00:00,4016524.505739189
2021-08-31 00:00:00,3858631.497890583
2021-09-01 00:00:00,4131376.2110228473
2021-09-02 00:00:00,4193550.7271705675
2021-09-03 00:00:00,3019348.47634818
2021-09-04 00:00:00,2784449.2082709754
2021-09-05 00:00:00,2173011.2349828053
2021-09-06 00:00:00,3562101.2749646944
2021-09-07 00:00:00,3817589.215276094
2021-09-08 00:00:00,3319896.377258608
2021-09-09 00:00:00,3844313.127445629
2021-09-10 00:00:00,9990174.840530355
2021-09-11 00:00:00,5579844.2526097195
2021-09-12 00:00:00,4486070.983122285
2021-09-13 00:00:00,10039426.29419657
2021-09-14 00:00:00,11250928.22510068
2021-09-15 00:00:00,3971923.070993763
2021-09-16 00:00:00,4342009.638194258
2021-09-17 00:00:00,3488122.3132882356
2021-09-18 00:00:00,3012660.2516417275
2021-09-19 00:00:00,2509473.337319742
2021-09-20 00:00:00,5600407.119709156
2021-09-21 00:00:00,11240709.132023357
2021-09-22 00:00:00,5028553.567940008
2021-09-23 00:00:00,4366740.344154855
2021-09-24 00:00:00,4244794.6065077465
2021-09-25 00:00:00,5211573.500413885
2021-09-26 00:00:00,3017206.0355365877
2021-09-27 00:00:00,4261128.528784374
2021-09-28 00:00:00,3550791.367180739
2021-09-29 00:00:00,3983314.4597960454
2021-09-30 00:00:00,4383571.244689217
2021-10-01 00:00:00,4456216.004444779
2021-10-02 00:00:00,3210288.2326443335
2021-10-03 00:00:00,3573483.963543816
2021-10-04 00:00:00,3717018.7696915916
2021-10-05 00:00:00,4900821.263465611
2021-10-06 00:00:00,4931625.6860101335
2021-10-07 00:00:00,4510651.364560848
2021-10-08 00:00:00,4004225.078015053
2021-10-09 00:00:00,3196245.454006735
2021-10-10 00:00:00,2806333.512513991
2021-10-11 00:00:00,4364851.196116968
2021-10-12 00:00:00,3511729.900635487
2021-10-13 00:00:00,3256483.42741312
2021-10-14 00:00:00,2741066.673931458
2021-10-15 00:00:00,3849193.64901156
2021-10-16 00:00:00,2939943.7528603044
2021-10-17 00:00:00,3239838.2356440756
2021-10-18 00:00:00,4029344.331521206
2021-10-19 00:00:00,11127801.526359117
2021-10-20 00:00:00,4907655.068237914
2021-10-21 00:00:00,4360430.104322672
2021-10-22 00:00:00,3525994.664707556
2021-10-23 00:00:00,2686502.790788141
2021-10-24 00:00:00,2775219.8825832275
2021-10-25 00:00:00,3249563.474102268
2021-10-26 00:00:00,3513661.8233981305
2021-10-27 00:00:00,2920437.258214779
2021-10-28 00:00:00,2958362.9156418713
2021-10-29 00:00:00,3101401.4136482566
2021-10-30 00:00:00,3186564.287372836
2021-10-31 00:00:00,2655904.4116832376
2021-11-01 00:00:00,3245911.4347137553
2021-11-02 00:00:00,3526612.352360362
2021-11-03 00:00:00,3402811.470202646
2021-11-04 00:00:00,4212181.034661179
2021-11-05 00:00:00,4333288.324810274
2021-11-06 00:00:00,4347687.674062646
2021-11-07 00:00:00,3457653.307809657
2021-11-08 00:00:00,5855254.9449428385
2021-11-09 00:00:00,4939065.725496436
2021-11-10 00:00:00,4611901.960245483
2021-11-11 00:00:00,3871710.2348182844
2021-11-12 00:00:00,4033451.7962219585
2021-11-13 00:00:00,3317164.602504276
2021-11-14 00:00:00,3032269.457738888
2021-11-15 00:00:00,4363614.673325239
2021-11-16 00:00:00,12111675.860512996
2021-11-17 00:00:00,6180491.2711301455
2021-11-18 00:00:00,5502222.269616237
2021-11-19 00:00:00,4604956.969303518
2021-11-20 00:00:00,3506542.0329600484
2021-11-21 00:00:00,3585506.2246095245
2021-11-22 00:00:00,4334430.964369193
2021-11-23 00:00:00,4381844.45336183
2021-11-24 00:00:00,4894575.947618818
2021-11-25 00:00:00,5264444.8353507435
2021-11-26 00:00:00,5023391.637659539
2021-11-27 00:00:00,2901741.32810071
2021-11-28 00:00:00,3215364.790707165
2021-11-29 00:00:00,4154352.0452981344
2021-11-30 00:00:00,4261988.630587518
2021-12-01 00:00:00,3771439.8502926603
2021-12-02 00:00:00,3819393.0595037355
2021-12-03 00:00:00,3502460.632971945
2021-12-04 00:00:00,4372553.606055833
2021-12-05 00:00:00,2915405.160698457
2021-12-06 00:00:00,5448763.986232192
2021-12-07 00:00:00,5227643.781226649
2021-12-08 00:00:00,4330229.187121821
2021-12-09 00:00:00,3129236.9848604347
2021-12-10 00:00:00,3010302.5240407814
2021-12-11 00:00:00,2570373.6421422786
2021-12-12 00:00:00,2255123.2496314533
2021-12-13 00:00:00,3044860.119744448
2021-12-14 00:00:00,8862769.662685558
2021-12-15 00:00:00,3942779.4126393083
2021-12-16 00:00:00,3458450.297340925
2021-12-17 00:00:00,3038603.217944541
2021-12-18 00:00:00,2798827.3070663307
2021-12-19 00:00:00,2379754.541383044
2021-12-20 00:00:00,2965053.1793481456
2021-12-21 00:00:00,2709775.52757867
2021-12-22 00:00:00,3186379.1002782304
2021-12-23 00:00:00,3214607.737065778
2021-12-24 00:00:00,2859457.513032294
2021-12-25 00:00:00,2411011.673237104
2021-12-26 00:00:00,2463062.500946899
2021-12-27 00:00:00,3132093.957033694
2021-12-28 00:00:00,3275690.7313671606
2021-12-29 00:00:00,3496397.098998478
2021-12-30 00:00:00,3153503.5049096188
2021-12-31 00:00:00,3186813.090095289
2022-01-01 00:00:00,2315881.3595460686
2022-01-02 00:00:00,2244948.028501955
2022-01-03 00:00:00,3397829.4024286964
2022-01-04 00:00:00,3191635.020520597
2022-01-05 00:00:00,4080367.4251489425
2022-01-06 00:00:00,3800536.5785830296
2022-01-07 00:00:00,3618186.815128567
2022-01-08 00:00:00,2819429.360388602
2022-01-09 00:00:00,2651962.5791724892
2022-01-10 00:00:00,3425558.8293761113
2022-01-11 00:00:00,7366049.453529414
2022-01-12 00:00:00,4649017.362188389
2022-01-13 00:00:00,4276418.502271515
2022-01-14 00:00:00,3870686.1614114684
2022-01-15 00:00:00,3947497.416968885
2022-01-16 00:00:00,3778329.067226892
2022-01-17 00:00:00,3718675.8798356093
2022-01-18 00:00:00,4353080.97296091
2022-01-19 00:00:00,3766636.232506605
2022-01-20 00:00:00,3530846.4320368627
2022-01-21 00:00:00,5170218.118375935
2022-01-22 00:00:00,6382051.784132126
2022-01-23 00:00:00,5712572.955759219
2022-01-24 00:00:00,6746078.391951279
2022-01-25 00:00:00,5673556.2357643815
2022-01-26 00:00:00,4148940.092318634
2022-01-27 00:00:00,3990330.0797059
2022-01-28 00:00:00,4246151.288830016
2022-01-29 00:00:00,3909486.618842624
2022-01-30 00:00:00,3771459.042280025
2022-01-31 00:00:00,3931379.013667263
2022-02-01 00:00:00,3896197.7763935393
2022-02-02 00:00:00,3335079.0414780513
2022-02-03 00:00:00,3608398.681465243
2022-02-04 00:00:00,4479684.049202698
2022-02-05 00:00:00,3530466.1483401367
2022-02-06 00:00:00,3046303.609182887
2022-02-07 00:00:00,4719355.74290554
2022-02-08 00:00:00,11957138.876647493
2022-02-09 00:00:00,5388473.661160568
2022-02-10 00:00:00,5358161.687895761
2022-02-11 00:00:00,3919197.42654084
2022-02-12 00:00:00,3186538.528201766
2022-02-13 00:00:00,3288531.5820301943
2022-02-14 00:00:00,3957897.445265183
2022-02-15 00:00:00,3425575.576609511
2022-02-16 00:00:00,3913108.632183554
2022-02-17 00:00:00,3664305.816617879
