Timestamp,total-bitcoins
2016-02-20 00:19:39,15230850
2016-02-21 13:13:39,15236350
2016-02-23 06:25:04,15241800
2016-02-24 23:42:55,15247250
2016-02-26 08:41:14,15252675
2016-02-27 22:40:35,15258150
2016-02-29 12:18:09,15263625
2016-03-02 02:36:25,15269125
2016-03-03 15:56:36,15274550
2016-03-05 00:43:33,15279950
2016-03-06 12:04:19,15285350
2016-03-08 01:32:04,15290750
2016-03-09 09:22:47,15296200
2016-03-10 19:22:18,15301650
2016-03-12 04:03:00,15307025
2016-03-13 17:53:56,15312450
2016-03-15 04:15:25,15317825
2016-03-16 13:36:09,15323275
2016-03-18 01:56:21,15328750
2016-03-19 16:05:28,15334125
2016-03-21 04:40:56,15339575
2016-03-22 16:52:33,15344975
2016-03-24 02:54:50,15350425
2016-03-25 15:55:36,15355900
2016-03-27 01:00:03,15361300
2016-03-28 13:30:49,15366700
2016-03-29 20:56:35,15372100
2016-03-31 10:06:53,15377475
2016-04-01 22:35:01,15382950
2016-04-03 12:09:18,15388500
2016-04-04 20:32:39,15394000
2016-04-06 06:37:32,15399400
2016-04-07 17:46:28,15404850
2016-04-09 04:42:49,15410250
2016-04-10 11:23:05,15415650
2016-04-11 21:15:19,15421150
2016-04-13 06:48:13,15426550
2016-04-14 15:12:41,15431925
2016-04-16 03:07:53,15437425
2016-04-17 13:42:43,15442800
2016-04-19 03:32:07,15448225
2016-04-20 14:32:33,15453650
2016-04-21 22:24:34,15459025
2016-04-23 11:23:51,15464525
2016-04-25 00:30:26,15469900
2016-04-26 15:14:45,15475350
2016-04-28 05:48:57,15480825
2016-04-29 17:27:24,15486275
2016-05-01 03:55:47,15491700
2016-05-02 15:26:10,15497175
2016-05-04 00:07:00,15502575
2016-05-05 08:53:08,15508100
2016-05-06 17:15:45,15513500
2016-05-08 04:00:40,15518950
2016-05-09 09:46:14,15524350
2016-05-10 17:53:16,15529750
2016-05-12 08:17:08,15535200
2016-05-13 19:02:01,15540650
2016-05-15 06:51:37,15546075
2016-05-16 21:14:20,15551475
2016-05-18 09:02:38,15556950
2016-05-20 00:03:15,15562375
2016-05-21 12:55:17,15567775
2016-05-22 17:42:16,15573225
2016-05-23 23:31:40,15578625
2016-05-25 12:30:34,15584075
2016-05-27 01:46:17,15589475
2016-05-28 15:26:28,15594900
2016-05-30 05:18:22,15600350
2016-05-31 17:44:28,15605775
2016-06-02 08:40:04,15611225
2016-06-03 22:07:31,15616675
2016-06-05 11:10:21,15622050
2016-06-06 17:41:57,15627475
2016-06-08 06:11:30,15632875
2016-06-09 15:10:50,15638275
2016-06-11 02:45:50,15643725
2016-06-12 13:08:51,15649125
2016-06-13 22:16:07,15654525
2016-06-15 11:00:58,15659975
2016-06-16 20:56:25,15665375
2016-06-18 10:29:59,15670775
2016-06-19 13:52:21,15676150
2016-06-20 22:25:52,15681675
2016-06-22 11:26:24,15687175
2016-06-24 00:28:25,15692550
2016-06-25 13:36:12,15697950
2016-06-27 00:02:43,15703325
2016-06-28 11:52:15,15708700
2016-06-29 23:46:55,15714300
2016-07-01 08:40:37,15719850
2016-07-02 21:05:38,15725275
2016-07-04 07:10:54,15730725
2016-07-05 20:38:39,15736250
2016-07-07 09:26:17,15741675
2016-07-08 21:54:50,15747125
2016-07-10 07:46:08,15751287.5
2016-07-11 19:10:51,15754000
2016-07-13 06:39:37,15756700
2016-07-14 22:47:27,15759400
2016-07-16 12:16:16,15762100
2016-07-17 21:00:47,15764825
2016-07-19 10:24:11,15767525
2016-07-20 22:30:06,15770225
2016-07-22 12:53:26,15772925
2016-07-24 07:02:40,15775625
2016-07-25 21:54:07,15778350
2016-07-27 15:09:52,15781037.5
2016-07-29 06:05:56,15783775
2016-07-30 21:31:46,15786487.5
2016-08-01 09:29:40,15789175
2016-08-02 17:53:38,15791887.5
2016-08-04 00:56:03,15794587.5
2016-08-05 10:21:10,15797275
2016-08-06 16:13:31,15799962.5
2016-08-08 02:31:46,15802662.5
2016-08-09 16:55:41,15805375
2016-08-11 04:31:41,15808062.5
2016-08-12 14:38:08,15810750
2016-08-13 22:39:25,15813450
2016-08-15 06:51:24,15816150
2016-08-16 19:47:09,15818850
2016-08-18 11:24:00,15821562.5
2016-08-19 23:06:44,15824287.5
2016-08-21 07:07:30,15826975
2016-08-22 15:07:39,15829675
2016-08-24 02:50:33,15832437.5
2016-08-25 14:18:49,15835162.5
2016-08-27 07:34:35,15837887.5
2016-08-28 15:54:34,15840587.5
2016-08-30 03:17:22,15843312.5
2016-08-31 15:39:15,15846037.5
2016-09-02 03:25:28,15848725
2016-09-03 17:46:34,15851462.5
2016-09-04 23:22:46,15854150
2016-09-06 13:23:05,15856850
2016-09-08 00:36:15,15859562.5
2016-09-09 13:48:01,15862275
2016-09-10 23:29:42,15864987.5
2016-09-12 07:26:51,15867712.5
2016-09-13 16:03:59,15870450
2016-09-14 23:48:50,15873137.5
2016-09-16 11:11:44,15875862.5
2016-09-17 20:33:50,15878550
2016-09-19 09:30:18,15881237.5
2016-09-20 20:36:10,15883925
2016-09-22 03:22:28,15886612.5
2016-09-23 17:48:55,15889337.5
2016-09-25 01:13:10,15892062.5
2016-09-26 07:13:44,15894775
2016-09-27 17:44:51,15897462.5
2016-09-29 02:54:02,15900162.5
2016-09-30 16:00:14,15902850
2016-10-02 00:32:54,15905550
2016-10-03 12:42:26,15908250
2016-10-04 21:40:39,15910950
2016-10-06 05:38:22,15913675
2016-10-07 14:57:51,15916362.5
2016-10-08 22:54:37,15919050
2016-10-10 08:43:01,15921762.5
2016-10-12 00:07:08,15924450
2016-10-13 15:33:08,15927187.5
2016-10-15 04:46:37,15929912.5
2016-10-16 19:39:49,15932612.5
2016-10-18 09:02:42,15935300
2016-10-19 23:28:07,15937987.5
2016-10-21 13:24:33,15940675
2016-10-22 20:04:28,15943362.5
2016-10-24 08:20:11,15946062.5
2016-10-25 20:49:40,15948750
2016-10-27 10:12:11,15951450
2016-10-28 19:16:52,15954137.5
2016-10-30 06:21:02,15956850
2016-10-31 13:49:36,15959575
2016-11-02 02:23:36,15962262.5
2016-11-03 13:36:50,15964950
2016-11-05 04:56:17,15967637.5
2016-11-06 15:50:41,15970325
2016-11-08 03:46:56,15973037.5
2016-11-09 13:00:41,15975725
2016-11-10 19:25:53,15978425
2016-11-12 03:02:58,15981137.5
2016-11-13 12:12:51,15983850
2016-11-14 19:56:29,15986537.5
2016-11-16 04:52:02,15989225
2016-11-17 09:46:09,15991925
2016-11-18 20:43:53,15994625
2016-11-20 11:33:15,15997312.5
2016-11-22 01:37:05,16000037.5
2016-11-23 13:39:35,16002737.5
2016-11-24 23:42:07,16005450
2016-11-26 11:10:42,16008162.5
2016-11-27 20:13:03,16010850
2016-11-29 06:04:27,16013550
2016-11-30 17:47:18,16016250
2016-12-02 04:09:47,16018950
2016-12-03 13:31:48,16021650
2016-12-04 23:27:13,16024337.5
2016-12-06 10:53:06,16027050
2016-12-07 19:07:33,16029750
2016-12-09 02:26:36,16032500
2016-12-10 18:45:08,16035200
2016-12-11 23:40:44,16037925
2016-12-13 06:43:18,16040612.5
2016-12-14 15:10:51,16043312.5
2016-12-16 07:42:22,16046000
2016-12-17 21:49:55,16048687.5
2016-12-19 09:04:51,16051425
2016-12-20 20:57:27,16054150
2016-12-22 06:57:16,16056862.5
2016-12-23 17:41:13,16059587.5
2016-12-25 04:55:05,16062287.5
2016-12-26 13:54:40,16065012.5
2016-12-28 00:42:21,16067737.5
2016-12-29 10:08:31,16070450
2016-12-30 19:18:51,16073175
2017-01-01 06:39:07,16075887.5
2017-01-02 16:37:52,16078575
2017-01-03 22:40:12,16081275
2017-01-05 07:58:51,16083975
2017-01-06 18:41:53,16086675
2017-01-08 07:22:42,16089362.5
2017-01-09 16:08:46,16092062.5
2017-01-11 02:05:41,16094762.5
2017-01-12 12:01:25,16097487.5
2017-01-13 18:20:16,16100187.5
2017-01-15 03:06:17,16102925
2017-01-16 09:38:09,16105625
2017-01-17 19:22:31,16108375
2017-01-19 04:44:40,16111062.5
2017-01-20 10:22:31,16113762.5
2017-01-21 13:05:05,16116512.5
2017-01-22 18:40:40,16119200
2017-01-24 06:38:24,16121887.5
2017-01-25 17:17:57,16124575
2017-01-27 02:09:11,16127262.5
2017-01-28 09:40:41,16129962.5
2017-01-29 18:06:59,16132662.5
2017-01-31 05:44:35,16135375
2017-02-01 11:50:29,16138112.5
2017-02-02 18:15:27,16140850
2017-02-04 04:47:24,16143537.5
2017-02-05 15:54:27,16146237.5
2017-02-07 06:50:34,16148937.5
2017-02-08 16:45:46,16151625
2017-02-10 01:10:34,16154337.5
2017-02-11 13:39:28,16157050
2017-02-13 02:25:42,16159737.5
2017-02-14 08:03:01,16162462.5
2017-02-15 20:18:49,16165187.5
2017-02-17 07:13:45,16167875
2017-02-18 16:12:19,16170575
2017-02-20 07:36:30,16173312.5
2017-02-21 19:14:14,16176012.5
2017-02-23 09:54:12,16178725
2017-02-24 18:08:50,16181425
2017-02-26 01:02:41,16184187.5
2017-02-27 07:45:27,16186900
2017-02-28 18:36:20,16189587.5
2017-03-02 04:26:38,16192287.5
2017-03-03 16:27:45,16194975
2017-03-05 04:36:52,16197675
2017-03-06 16:57:41,16200387.5
2017-03-08 03:25:10,16203125
2017-03-09 14:38:44,16205812.5
2017-03-11 00:54:17,16208500
2017-03-12 10:50:01,16211187.5
2017-03-13 22:20:05,16213925
2017-03-15 09:56:02,16216650
2017-03-16 20:32:29,16219375
2017-03-18 03:52:28,16222075
2017-03-19 13:51:40,16224775
2017-03-21 02:32:38,16227475
2017-03-22 14:31:35,16230175
2017-03-23 23:35:05,16232887.5
2017-03-25 07:24:10,16235575
2017-03-26 18:06:09,16238287.5
2017-03-28 05:03:37,16240975
2017-03-29 16:49:03,16243687.5
2017-03-31 03:06:23,16246462.5
2017-04-01 18:10:14,16249162.5
2017-04-03 02:59:10,16251862.5
2017-04-04 13:24:24,16254600
2017-04-06 00:29:51,16257337.5
2017-04-07 12:44:28,16260062.5
2017-04-08 22:29:28,16262812.5
2017-04-10 08:34:43,16265525
2017-04-11 16:52:35,16268237.5
2017-04-13 04:34:05,16270937.5
2017-04-14 20:54:15,16273637.5
2017-04-16 05:53:53,16276337.5
2017-04-17 20:54:50,16279075
2017-04-19 08:33:39,16281825
2017-04-20 21:08:05,16284525
2017-04-22 06:44:35,16287225
2017-04-23 17:59:26,16289962.5
2017-04-25 08:45:16,16292700
2017-04-26 19:44:37,16295412.5
2017-04-28 07:13:30,16298112.5
2017-04-29 16:52:46,16300812.5
2017-05-01 01:26:58,16303512.5
2017-05-02 12:11:58,16306225
2017-05-04 01:23:47,16308912.5
2017-05-05 10:04:55,16311637.5
2017-05-06 18:01:19,16314325
2017-05-08 02:42:37,16317037.5
2017-05-09 09:27:35,16319762.5
2017-05-10 20:26:21,16322475
2017-05-12 08:37:03,16325162.5
2017-05-13 18:05:17,16327850
2017-05-15 01:19:21,16330600
2017-05-16 09:30:37,16333312.5
2017-05-17 21:27:03,16336050
2017-05-19 10:11:29,16338750
2017-05-20 17:08:30,16341437.5
2017-05-22 03:01:53,16344150
2017-05-23 12:51:24,16346850
2017-05-24 21:27:00,16349575
2017-05-26 06:00:51,16352287.5
2017-05-27 16:30:54,16354987.5
2017-05-28 22:20:15,16357700
2017-05-30 07:25:15,16360400
2017-05-31 13:37:46,16363125
2017-06-01 19:49:34,16365812.5
2017-06-03 04:32:45,16368500
2017-06-04 10:12:36,16371225
2017-06-05 18:02:55,16373925
2017-06-07 03:32:35,16376637.5
2017-06-08 10:12:14,16379325
2017-06-09 20:39:04,16382012.5
2017-06-11 10:01:00,16384725
2017-06-12 18:36:13,16387450
2017-06-14 08:50:35,16390137.5
2017-06-15 19:32:24,16392837.5
2017-06-17 06:34:46,16395525
2017-06-18 19:51:23,16398237.5
2017-06-20 04:35:41,16400962.5
2017-06-21 19:57:11,16403675
2017-06-23 07:33:53,16406387.5
2017-06-24 18:33:29,16409087.5
2017-06-26 10:22:47,16411775
2017-06-27 22:46:04,16414475
2017-06-29 10:56:04,16417200
2017-07-01 00:02:14,16419925
2017-07-02 07:03:07,16422625
2017-07-03 11:24:57,16425325
2017-07-04 20:48:39,16428012.5
2017-07-06 06:09:19,16430725
2017-07-07 18:04:10,16433412.5
2017-07-09 03:21:49,16436162.5
2017-07-10 11:12:30,16438862.5
2017-07-11 15:25:47,16441550
2017-07-12 21:54:43,16444262.5
2017-07-14 06:41:41,16446950
2017-07-15 23:00:37,16449662.5
2017-07-17 07:17:47,16452350
2017-07-18 17:57:36,16455062.5
2017-07-20 01:59:38,16457750
2017-07-21 09:29:10,16460437.5
2017-07-22 19:21:40,16463137.5
2017-07-24 01:35:53,16465837.5
2017-07-25 09:01:22,16468562.5
2017-07-26 21:13:11,16471287.5
2017-07-28 06:30:27,16474025
2017-07-29 15:53:19,16476725
2017-07-31 03:05:06,16479425
2017-08-01 14:31:59,16482125
2017-08-03 01:44:10,16484825
2017-08-04 11:55:18,16487525
2017-08-05 15:49:55,16490237.5
2017-08-07 03:42:48,16492925
2017-08-08 10:12:47,16495637.5
2017-08-09 23:22:03,16498350
2017-08-11 13:26:41,16501087.5
2017-08-13 02:57:46,16503787.5
2017-08-14 18:11:25,16506525
2017-08-16 05:07:55,16509237.5
2017-08-17 16:07:50,16511962.5
2017-08-19 00:08:15,16514675
2017-08-20 11:23:31,16517362.5
2017-08-22 10:55:44,16520062.5
2017-08-24 01:05:01,16522750
2017-08-26 05:54:13,16525462.5
2017-08-27 19:21:30,16528150
2017-08-29 10:59:18,16530837.5
2017-08-30 19:02:17,16533550
2017-09-01 02:01:44,16536237.5
2017-09-02 07:41:31,16538962.5
2017-09-03 17:53:43,16541650
2017-09-04 22:41:27,16544350
2017-09-06 02:04:19,16547062.5
2017-09-07 08:33:44,16549762.5
2017-09-08 15:31:39,16552500
2017-09-09 21:56:48,16555212.5
2017-09-11 08:42:14,16557912.5
2017-09-12 14:00:15,16560600
2017-09-13 17:45:05,16563300
2017-09-14 22:35:02,16566062.5
2017-09-16 04:21:48,16568762.5
2017-09-17 09:21:31,16571450
2017-09-18 20:26:53,16574137.5
2017-09-20 12:07:32,16576850
2017-09-21 19:35:04,16579537.5
2017-09-23 07:31:45,16582225
2017-09-24 14:56:42,16584925
2017-09-26 06:50:59,16587625
2017-09-27 19:53:13,16590325
2017-09-29 03:00:59,16593025
2017-09-30 06:59:31,16595712.5
2017-10-02 00:24:16,16598400
2017-10-03 08:12:44,16601087.5
2017-10-04 17:34:48,16603825
2017-10-06 09:29:03,16606550
2017-10-07 18:59:32,16609262.5
2017-10-08 23:31:33,16611975
2017-10-10 06:47:28,16614675
2017-10-11 19:51:32,16617387.5
2017-10-13 07:10:21,16620075
2017-10-14 18:09:03,16622775
2017-10-15 22:22:10,16625475
2017-10-17 04:57:33,16628175
2017-10-18 12:48:56,16630887.5
2017-10-19 20:47:14,16633587.5
2017-10-21 02:32:04,16636275
2017-10-22 08:39:32,16638975
2017-10-23 15:17:52,16641662.5
2017-10-24 21:42:34,16644362.5
2017-10-26 01:23:05,16647050
2017-10-27 13:11:59,16649775
2017-10-29 11:35:47,16652462.5
2017-10-30 22:33:29,16655162.5
2017-11-01 12:10:05,16657862.5
2017-11-02 20:49:40,16660562.5
2017-11-04 16:40:41,16663250
2017-11-06 03:53:58,16665987.5
2017-11-07 16:24:26,16668675
2017-11-09 04:43:22,16671387.5
2017-11-10 16:10:03,16674075
2017-11-13 03:30:46,16676762.5
2017-11-14 17:04:38,16679475
2017-11-16 05:40:01,16682175
2017-11-17 13:12:10,16684862.5
2017-11-19 01:20:32,16687575
2017-11-20 10:44:30,16690275
2017-11-21 15:49:10,16693000
2017-11-23 00:57:05,16695712.5
2017-11-24 09:50:45,16698425
2017-11-25 18:48:28,16701112.5
2017-11-27 06:49:49,16703837.5
2017-11-28 13:25:57,16706525
2017-11-29 19:50:15,16709225
2017-12-01 02:58:36,16711937.5
2017-12-02 07:57:37,16714625
2017-12-03 15:15:35,16717325
2017-12-04 19:32:55,16720037.5
2017-12-06 01:12:06,16722762.5
2017-12-07 05:03:44,16725462.5
2017-12-08 16:01:59,16728150
2017-12-09 22:40:06,16730850
2017-12-11 06:23:48,16733575
2017-12-12 13:11:48,16736275
2017-12-13 19:34:47,16739000
2017-12-14 23:05:13,16741712.5
2017-12-16 05:51:13,16744412.5
2017-12-17 10:34:55,16747112.5
2017-12-18 16:35:27,16749800
2017-12-20 01:29:21,16752500
2017-12-21 15:44:28,16755187.5
2017-12-23 04:04:20,16757912.5
2017-12-24 15:17:26,16760600
2017-12-26 04:25:07,16763300
2017-12-27 14:45:04,16766012.5
2017-12-29 01:26:35,16768700
2017-12-30 10:39:18,16771400
2017-12-31 19:27:23,16774100
2018-01-02 03:16:12,16776800
2018-01-03 13:36:02,16779525
2018-01-04 18:34:00,16782225
2018-01-06 05:15:24,16784912.5
2018-01-07 12:10:04,16787600
2018-01-08 19:53:54,16790300
2018-01-10 02:21:01,16793025
2018-01-11 09:23:24,16795725
2018-01-12 14:03:44,16798412.5
2018-01-13 21:35:31,16801100
2018-01-15 09:25:36,16803787.5
2018-01-16 17:37:32,16806475
2018-01-18 00:23:51,16809212.5
2018-01-19 08:43:51,16811912.5
2018-01-20 12:22:28,16814637.5
2018-01-21 17:28:45,16817325
2018-01-22 23:31:20,16820025
2018-01-24 04:30:20,16822712.5
2018-01-25 09:17:44,16825400
2018-01-26 20:07:40,16828100
2018-01-28 06:38:58,16830787.5
2018-01-29 17:08:03,16833500
2018-01-30 23:44:51,16836212.5
2018-02-01 15:09:42,16838937.5
2018-02-02 21:09:16,16841625
2018-02-04 06:54:09,16844325
2018-02-05 10:00:23,16847025
2018-02-06 16:10:24,16849725
2018-02-08 02:44:24,16852412.5
2018-02-09 18:06:03,16855100
2018-02-11 06:09:36,16857825
2018-02-12 15:40:48,16860537.5
2018-02-13 22:21:25,16863225
2018-02-15 07:10:42,16865912.5
2018-02-16 18:31:59,16868612.5
2018-02-18 03:44:47,16871300
2018-02-19 11:03:18,16874012.5
2018-02-20 22:56:32,16876737.5
2018-02-22 05:12:53,16879425
2018-02-23 16:13:25,16882112.5
2018-02-25 04:34:29,16884812.5
2018-02-26 12:48:15,16887512.5
2018-02-27 21:48:54,16890212.5
2018-03-01 07:52:58,16892925
2018-03-02 14:59:06,16895650
2018-03-03 21:42:02,16898350
2018-03-05 06:47:30,16901037.5
2018-03-06 17:53:52,16903725
2018-03-08 02:50:43,16906425
2018-03-09 11:45:08,16909137.5
2018-03-11 01:22:40,16911837.5
2018-03-12 10:13:00,16914550
2018-03-13 17:35:08,16917250
2018-03-15 06:12:38,16919962.5
2018-03-16 16:45:40,16922650
2018-03-18 03:32:23,16925350
2018-03-19 12:53:15,16928050
2018-03-21 02:15:00,16930750
2018-03-22 13:39:19,16933450
2018-03-24 03:10:51,16936150
2018-03-25 15:13:12,16938862.5
2018-03-27 02:29:50,16941562.5
2018-03-28 13:01:34,16944250
2018-03-30 00:58:56,16946975
2018-03-31 11:05:05,16949662.5
2018-04-01 21:01:24,16952362.5
2018-04-03 07:40:05,16955075
2018-04-04 17:19:10,16957762.5
2018-04-06 02:46:24,16960462.5
2018-04-07 11:21:48,16963175
2018-04-08 20:17:40,16965875
2018-04-10 04:51:55,16968575
2018-04-11 12:44:45,16971275
2018-04-12 21:30:00,16973975
2018-04-14 06:02:53,16976662.5
2018-04-15 17:07:10,16979362.5
2018-04-17 02:43:36,16982050
2018-04-18 12:01:14,16984750
2018-04-19 19:14:57,16987437.5
2018-04-21 05:20:26,16990125
2018-04-22 13:24:34,16992862.5
2018-04-23 23:57:25,16995550
2018-04-25 10:18:44,16998250
2018-04-27 01:42:43,17000937.5
2018-04-28 17:01:53,17003637.5
2018-04-30 02:29:53,17006350
2018-05-01 11:49:24,17009037.5
2018-05-02 22:49:12,17011750
2018-05-04 09:26:53,17014450
2018-05-05 20:35:27,17017162.5
2018-05-07 08:02:04,17019875
2018-05-08 20:29:08,17022562.5
2018-05-10 05:00:30,17025287.5
2018-05-11 21:02:06,17028000
2018-05-13 03:51:19,17030712.5
2018-05-14 18:59:07,17033412.5
2018-05-16 04:16:49,17036100
2018-05-17 11:09:38,17038825
2018-05-19 01:46:31,17041537.5
2018-05-20 10:31:34,17044225
2018-05-21 22:49:50,17046937.5
2018-05-23 07:48:27,17049625
2018-05-24 17:18:49,17052325
2018-05-25 23:41:30,17055012.5
2018-05-27 09:07:32,17057712.5
2018-05-28 16:12:31,17060412.5
2018-05-30 04:03:37,17063112.5
2018-05-31 10:07:34,17065812.5
2018-06-01 17:48:09,17068512.5
2018-06-03 01:28:05,17071212.5
2018-06-04 09:32:50,17073912.5
2018-06-05 11:52:39,17076600
2018-06-06 22:32:21,17079300
2018-06-08 09:51:19,17082000
2018-06-09 21:59:36,17084700
2018-06-11 13:16:19,17087400
2018-06-13 02:10:41,17090100
2018-06-14 12:03:43,17092800
2018-06-15 23:23:00,17095525
2018-06-17 05:56:00,17098225
2018-06-18 14:46:19,17100925
2018-06-20 00:24:39,17103612.5
2018-06-21 08:49:42,17106312.5
2018-06-22 16:50:11,17109000
2018-06-24 02:27:10,17111750
2018-06-25 09:49:29,17114462.5
2018-06-26 20:31:49,17117162.5
2018-06-28 10:38:12,17119850
2018-06-29 21:28:49,17122562.5
2018-07-01 08:30:13,17125275
2018-07-02 20:06:05,17127975
2018-07-04 14:26:36,17130675
2018-07-06 05:16:59,17133375
2018-07-07 13:43:02,17136087.5
2018-07-08 22:35:52,17138800
2018-07-10 10:34:53,17141487.5
2018-07-12 00:15:34,17144225
2018-07-13 11:27:16,17146950
2018-07-15 03:53:18,17149650
2018-07-16 19:32:09,17152337.5
2018-07-18 05:26:38,17155087.5
2018-07-19 11:58:34,17157775
2018-07-20 19:31:39,17160462.5
2018-07-22 06:27:43,17163175
2018-07-23 11:52:48,17165875
2018-07-24 19:52:49,17168575
2018-07-26 01:32:16,17171262.5
2018-07-27 11:23:40,17173975
2018-07-28 20:44:05,17176700
2018-07-30 04:27:53,17179400
2018-07-31 16:51:12,17182087.5
2018-08-02 02:59:12,17184775
2018-08-03 12:14:28,17187475
2018-08-04 18:00:31,17190162.5
2018-08-06 01:55:22,17192862.5
2018-08-07 16:30:56,17195562.5
2018-08-09 00:17:54,17198262.5
2018-08-10 10:53:52,17200950
2018-08-11 15:00:51,17203650
2018-08-13 00:14:44,17206350
2018-08-14 12:28:45,17209050
2018-08-15 21:54:11,17211750
2018-08-17 07:33:54,17214437.5
2018-08-18 15:11:34,17217125
2018-08-20 02:19:26,17219837.5
2018-08-21 13:38:10,17222550
2018-08-22 23:30:21,17225275
2018-08-24 10:26:28,17227962.5
2018-08-25 23:25:59,17230662.5
2018-08-27 04:14:13,17233375
2018-08-28 11:48:05,17236075
2018-08-29 23:11:16,17238762.5
2018-08-31 09:42:50,17241450
2018-09-01 18:55:13,17244137.5
2018-09-03 04:57:22,17246825
2018-09-04 20:13:01,17249512.5
2018-09-06 09:33:17,17252200
2018-09-07 19:52:30,17254900
2018-09-09 05:55:35,17257587.5
2018-09-10 16:46:00,17260287.5
2018-09-12 04:57:00,17262987.5
2018-09-13 14:09:25,17265687.5
2018-09-15 03:53:43,17268387.5
2018-09-16 16:12:23,17271087.5
2018-09-18 06:23:24,17273775
2018-09-19 15:49:46,17276512.5
2018-09-21 05:05:18,17279200
2018-09-22 13:55:56,17281912.5
2018-09-24 00:35:30,17284600
2018-09-25 09:27:18,17287300
2018-09-26 20:04:43,17290037.5
2018-09-28 07:59:10,17292725
2018-09-29 17:10:22,17295425
2018-10-01 01:56:02,17298112.5
2018-10-02 12:35:20,17300812.5
2018-10-04 00:45:32,17303512.5
2018-10-05 14:08:15,17306212.5
2018-10-07 04:47:22,17308912.5
2018-10-08 19:05:41,17311637.5
2018-10-10 09:59:03,17314325
2018-10-11 20:08:12,17317037.5
2018-10-13 08:29:25,17319725
2018-10-15 02:31:31,17322425
2018-10-16 12:09:18,17325125
2018-10-18 01:04:35,17327825
2018-10-19 16:41:30,17330525
2018-10-21 05:28:17,17333237.5
2018-10-22 15:15:23,17335925
2018-10-24 02:13:22,17338612.5
2018-10-25 20:20:40,17341300
2018-10-27 07:34:13,17344012.5
2018-10-28 22:03:13,17346700
2018-10-30 09:58:56,17349400
2018-10-31 17:58:15,17352087.5
2018-11-02 02:25:06,17354787.5
2018-11-03 13:23:23,17357500
2018-11-05 02:52:18,17360187.5
2018-11-06 16:55:23,17362887.5
2018-11-08 09:18:28,17365587.5
2018-11-10 04:01:42,17368275
2018-11-11 16:19:09,17370987.5
2018-11-13 07:17:34,17373687.5
2018-11-14 23:14:23,17376387.5
2018-11-16 17:44:33,17379075
2018-11-18 04:41:08,17381787.5
2018-11-19 22:59:04,17384475
2018-11-21 16:39:16,17387175
2018-11-23 12:41:27,17389862.5
2018-11-25 02:01:56,17392575
2018-11-26 23:04:00,17395275
2018-11-28 13:20:58,17397962.5
2018-11-30 17:12:45,17400662.5
2018-12-02 13:51:12,17403362.5
2018-12-04 08:31:38,17406062.5
2018-12-05 22:33:05,17408762.5
2018-12-07 16:50:22,17411462.5
2018-12-09 12:02:09,17414150
2018-12-11 03:17:25,17416850
2018-12-12 20:18:27,17419537.5
2018-12-14 11:01:58,17422262.5
2018-12-15 22:27:55,17424962.5
2018-12-17 15:14:35,17427650
2018-12-19 03:08:04,17430337.5
2018-12-20 14:02:22,17433025
2018-12-22 03:36:50,17435712.5
2018-12-23 09:54:10,17438412.5
2018-12-24 17:14:19,17441112.5
2018-12-26 03:03:16,17443837.5
2018-12-27 09:57:14,17446525
2018-12-28 17:37:20,17449212.5
2018-12-30 04:04:59,17451925
2018-12-31 10:13:19,17454637.5
2019-01-01 20:24:13,17457337.5
2019-01-03 08:45:25,17460062.5
2019-01-04 18:16:46,17462762.5
2019-01-06 02:28:10,17465475
2019-01-07 14:44:59,17468200
2019-01-08 23:46:14,17470950
2019-01-10 07:49:44,17473662.5
2019-01-11 18:30:00,17476362.5
2019-01-13 07:36:20,17479062.5
2019-01-14 18:53:12,17481762.5
2019-01-16 09:31:27,17484462.5
2019-01-18 01:53:41,17487162.5
2019-01-19 17:43:37,17489875
2019-01-21 02:46:51,17492562.5
2019-01-22 16:21:04,17495275
2019-01-24 04:42:20,17497975
2019-01-25 12:44:56,17500675
2019-01-27 01:06:36,17503387.5
2019-01-28 14:32:15,17506112.5
2019-01-30 01:40:20,17508812.5
2019-01-31 14:41:13,17511500
2019-02-01 22:57:15,17514187.5
2019-02-03 11:48:39,17516900
2019-02-04 23:02:53,17519600
2019-02-06 10:01:31,17522300
2019-02-07 16:12:20,17524987.5
2019-02-08 22:56:07,17527687.5
2019-02-10 10:41:05,17530375
2019-02-11 22:41:42,17533087.5
2019-02-13 15:25:57,17535800
2019-02-15 00:33:25,17538512.5
2019-02-16 16:46:26,17541200
2019-02-17 23:59:47,17543900
2019-02-19 07:39:05,17546612.5
2019-02-20 22:20:14,17549300
2019-02-22 13:31:47,17552012.5
2019-02-23 23:31:40,17554700
2019-02-25 12:45:03,17557400
2019-02-26 22:34:51,17560100
2019-02-28 10:45:57,17562800
2019-03-01 19:32:00,17565487.5
2019-03-03 07:59:29,17568200
2019-03-04 20:51:51,17570887.5
2019-03-06 10:11:38,17573575
2019-03-07 23:59:41,17576312.5
2019-03-09 12:36:36,17579025
2019-03-11 01:52:56,17581712.5
2019-03-12 12:51:26,17584412.5
2019-03-14 04:24:02,17587100
2019-03-15 12:58:23,17589812.5
2019-03-16 22:53:23,17592537.5
2019-03-18 09:29:14,17595225
2019-03-19 15:16:19,17597950
2019-03-20 23:37:45,17600675
2019-03-22 09:55:18,17603375
2019-03-23 20:35:52,17606075
2019-03-25 07:29:59,17608762.5
2019-03-26 19:49:35,17611475
2019-03-28 07:45:07,17614175
2019-03-29 18:38:16,17616887.5
2019-03-31 08:09:09,17619575
2019-04-01 20:40:22,17622262.5
2019-04-03 09:00:12,17624975
2019-04-04 20:30:42,17627687.5
2019-04-06 05:46:41,17630400
2019-04-07 20:36:34,17633087.5
2019-04-09 08:18:49,17635787.5
2019-04-10 20:11:59,17638475
2019-04-12 05:58:45,17641162.5
2019-04-13 18:01:17,17643850
2019-04-15 11:08:49,17646537.5
2019-04-16 21:47:50,17649237.5
2019-04-18 11:30:55,17651962.5
2019-04-19 20:24:35,17654662.5
2019-04-21 07:44:18,17657375
2019-04-22 21:30:37,17660100
2019-04-24 13:18:29,17662787.5
2019-04-25 23:12:16,17665500
2019-04-27 09:25:57,17668187.5
2019-04-28 21:06:52,17670875
2019-04-30 05:31:00,17673612.5
2019-05-01 15:10:02,17676312.5
2019-05-02 19:30:30,17679025
2019-05-04 05:35:21,17681750
2019-05-05 22:20:38,17684437.5
2019-05-07 10:25:53,17687125
2019-05-08 22:41:57,17689825
2019-05-10 10:41:58,17692537.5
2019-05-12 02:23:58,17695237.5
2019-05-13 12:19:00,17697975
2019-05-14 20:25:08,17700662.5
2019-05-16 06:34:45,17703375
2019-05-17 17:44:19,17706075
2019-05-19 04:15:23,17708762.5
2019-05-20 09:31:02,17711450
2019-05-21 20:20:27,17714137.5
2019-05-23 03:56:53,17716837.5
2019-05-24 13:21:02,17719525
2019-05-26 00:31:27,17722212.5
2019-05-27 08:04:52,17724912.5
2019-05-28 16:20:19,17727637.5
2019-05-29 22:41:59,17730362.5
2019-05-31 08:49:43,17733050
2019-06-01 22:22:25,17735737.5
2019-06-03 15:14:20,17738437.5
2019-06-05 03:12:23,17741137.5
2019-06-06 12:01:06,17743850
2019-06-07 21:06:16,17746562.5
2019-06-09 10:40:21,17749262.5
2019-06-10 20:24:02,17751962.5
2019-06-12 10:33:57,17754650
2019-06-13 22:46:17,17757337.5
2019-06-15 05:40:36,17760037.5
2019-06-16 19:44:09,17762725
2019-06-18 08:32:03,17765425
2019-06-19 16:29:36,17768112.5
2019-06-21 00:27:27,17770800
2019-06-22 15:30:00,17773487.5
2019-06-23 20:13:59,17776187.5
2019-06-25 02:12:10,17778900
2019-06-26 14:06:48,17781587.5
2019-06-27 22:18:53,17784287.5
2019-06-29 05:53:48,17786975
2019-06-30 14:09:10,17789675
2019-07-02 01:17:00,17792362.5
2019-07-03 09:00:11,17795050
2019-07-04 16:14:38,17797750
2019-07-05 20:05:10,17800437.5
2019-07-07 00:47:18,17803137.5
2019-07-08 09:40:48,17805850
2019-07-09 16:42:11,17808562.5
2019-07-11 08:14:11,17811250
2019-07-12 18:55:25,17813962.5
2019-07-14 06:25:37,17816650
2019-07-15 18:32:42,17819337.5
2019-07-17 02:52:46,17822050
2019-07-18 20:59:19,17824737.5
2019-07-20 08:57:31,17827425
2019-07-21 18:17:59,17830125
2019-07-23 06:20:46,17832825
2019-07-24 16:18:40,17835525
2019-07-26 04:36:26,17838225
2019-07-27 11:54:38,17840912.5
2019-07-28 19:34:27,17843600
2019-07-30 01:37:07,17846312.5
2019-07-31 15:17:54,17849012.5
2019-08-01 22:12:46,17851712.5
2019-08-03 05:37:00,17854400
2019-08-04 12:14:24,17857112.5
2019-08-05 20:47:54,17859825
2019-08-07 05:58:24,17862525
2019-08-08 18:02:51,17865225
2019-08-10 06:45:52,17867937.5
2019-08-11 15:42:49,17870637.5
2019-08-13 03:47:56,17873337.5
2019-08-14 14:48:55,17876062.5
2019-08-15 23:44:49,17878762.5
2019-08-17 12:23:50,17881487.5
2019-08-19 02:44:21,17884175
2019-08-20 11:13:40,17886887.5
2019-08-22 01:04:27,17889600
2019-08-23 13:22:04,17892300
2019-08-24 22:43:41,17895000
2019-08-26 08:16:40,17897700
2019-08-27 22:39:00,17900400
2019-08-29 07:43:26,17903100
2019-08-30 16:42:44,17905800
2019-08-31 23:45:34,17908500
2019-09-02 11:01:19,17911200
2019-09-03 20:17:29,17913925
2019-09-05 07:38:18,17916612.5
2019-09-06 15:26:11,17919312.5
2019-09-08 01:58:15,17922012.5
2019-09-09 07:34:48,17924712.5
2019-09-10 16:12:51,17927400
2019-09-11 21:07:27,17930112.5
2019-09-13 04:15:08,17932800
2019-09-14 13:48:16,17935487.5
2019-09-16 00:56:06,17938200
2019-09-17 09:34:21,17940900
2019-09-18 17:52:42,17943587.5
2019-09-20 03:40:43,17946300
2019-09-21 12:36:59,17948987.5
2019-09-22 20:26:32,17951687.5
2019-09-24 13:02:57,17954412.5
2019-09-25 20:40:50,17957112.5
2019-09-27 03:19:09,17959825
2019-09-28 16:07:24,17962525
2019-09-30 05:05:31,17965237.5
2019-10-01 19:17:14,17967925
2019-10-03 06:50:34,17970637.5
2019-10-04 19:01:09,17973325
2019-10-06 02:57:21,17976025
2019-10-07 13:20:06,17978737.5
2019-10-08 22:04:38,17981437.5
2019-10-10 12:09:18,17984137.5
2019-10-11 17:25:02,17986850
2019-10-13 06:29:17,17989537.5
2019-10-14 22:18:09,17992262.5
2019-10-16 10:19:38,17994962.5
2019-10-17 20:22:39,17997662.5
2019-10-19 05:32:28,18000387.5
2019-10-20 18:49:02,18003087.5
2019-10-22 02:50:44,18005800
2019-10-23 09:26:54,18008487.5
2019-10-24 19:55:58,18011200
2019-10-26 08:54:49,18013887.5
2019-10-28 03:50:12,18016575
2019-10-29 17:47:07,18019262.5
2019-10-31 07:26:54,18021962.5
2019-11-02 00:18:07,18024662.5
2019-11-03 15:05:00,18027375
2019-11-05 06:58:45,18030075
2019-11-06 19:05:54,18032775
2019-11-08 09:09:35,18035462.5
2019-11-09 22:33:22,18038150
2019-11-11 07:19:18,18040850
2019-11-12 16:24:36,18043537.5
2019-11-14 06:47:40,18046225
2019-11-15 13:55:28,18048937.5
2019-11-17 02:01:07,18051625
2019-11-18 09:48:31,18054312.5
2019-11-19 23:58:27,18057025
2019-11-21 14:17:29,18059725
2019-11-23 01:53:06,18062437.5
2019-11-24 11:21:01,18065137.5
2019-11-26 05:44:28,18067837.5
2019-11-27 20:36:16,18070525
2019-11-29 05:50:40,18073237.5
2019-11-30 21:38:41,18075975
2019-12-02 10:27:59,18078662.5
2019-12-03 20:50:20,18081350
2019-12-05 04:37:32,18084050
2019-12-06 17:24:45,18086737.5
2019-12-08 02:26:11,18089450
2019-12-09 12:18:30,18092137.5
2019-12-10 23:54:00,18094825
2019-12-12 14:50:05,18097512.5
2019-12-14 02:41:42,18100212.5
2019-12-15 14:46:01,18102912.5
2019-12-17 02:21:18,18105612.5
2019-12-18 15:26:58,18108312.5
2019-12-20 02:22:28,18111025
2019-12-21 09:38:57,18113712.5
2019-12-22 14:42:39,18116400
2019-12-24 03:43:20,18119100
2019-12-25 18:40:59,18121787.5
2019-12-27 04:47:49,18124512.5
2019-12-28 16:15:08,18127225
2019-12-30 02:42:39,18129912.5
2019-12-31 10:33:21,18132612.5
2020-01-01 18:59:01,18135312.5
2020-01-03 04:27:51,18138012.5
2020-01-04 12:08:11,18140712.5
2020-01-05 18:46:37,18143425
2020-01-07 06:27:48,18146125
2020-01-08 14:36:47,18148812.5
2020-01-10 00:37:39,18151500
2020-01-11 10:13:49,18154225
2020-01-12 19:29:43,18156925
2020-01-14 07:39:52,18159612.5
2020-01-15 16:59:45,18162300
2020-01-17 02:36:10,18164987.5
2020-01-18 13:38:57,18167675
2020-01-20 02:49:17,18170375
2020-01-22 06:07:05,18174437.5
2020-01-23 14:13:42,18177125
2020-01-24 23:28:01,18179850
2020-01-26 08:20:14,18182537.5
2020-01-27 22:21:00,18185237.5
2020-01-29 10:13:26,18187925
2020-01-30 18:04:22,18190625
2020-02-01 05:14:16,18193325
2020-02-02 17:54:12,18196012.5
2020-02-04 04:48:34,18198700
2020-02-05 16:08:43,18201400
2020-02-07 04:41:52,18204112.5
2020-02-08 18:02:15,18206812.5
2020-02-10 06:36:16,18209512.5
2020-02-11 21:28:53,18212225
2020-02-13 10:26:33,18214912.5
2020-02-14 22:57:03,18217612.5
2020-02-16 10:49:00,18220300
2020-02-17 21:21:46,18223012.5
2020-02-19 08:09:11,18225712.5
2020-02-20 23:51:08,18228412.5
2020-02-22 10:01:40,18231100
2020-02-23 22:11:11,18233787.5
2020-02-25 10:04:21,18236487.5
2020-02-26 23:22:48,18239187.5
2020-02-28 10:21:41,18241875
2020-02-29 19:41:34,18244562.5
2020-03-02 03:54:56,18247250
2020-03-03 13:20:43,18249950
2020-03-04 21:45:44,18252662.5
2020-03-06 04:23:03,18255362.5
2020-03-07 14:28:19,18258062.5
2020-03-08 23:54:47,18260762.5
2020-03-10 11:43:49,18263450
2020-03-12 05:12:07,18266150
2020-03-13 18:47:52,18268862.5
2020-03-15 12:18:55,18271562.5
2020-03-17 09:42:48,18274262.5
2020-03-19 06:31:42,18276950
2020-03-21 04:29:18,18279650
2020-03-22 21:32:26,18282337.5
2020-03-24 17:38:27,18285025
2020-03-26 12:40:06,18287725
2020-03-27 22:24:25,18290425
2020-03-29 11:21:29,18293150
2020-03-30 21:54:23,18295837.5
2020-04-01 07:06:20,18298537.5
2020-04-02 16:49:48,18301237.5
2020-04-04 08:23:35,18303925
2020-04-05 14:43:57,18306625
2020-04-07 01:16:49,18309312.5
2020-04-08 08:54:06,18312012.5
2020-04-09 20:10:42,18314700
2020-04-11 03:14:10,18317387.5
2020-04-12 11:53:44,18320087.5
2020-04-13 21:01:06,18322787.5
2020-04-15 03:35:35,18325475
2020-04-16 10:42:13,18328162.5
2020-04-18 00:16:33,18330862.5
2020-04-19 10:17:28,18333550
2020-04-20 18:43:45,18336237.5
2020-04-22 04:17:51,18338962.5
2020-04-23 19:15:56,18341650
2020-04-25 09:59:07,18344350
2020-04-26 21:19:35,18347050
2020-04-28 09:59:16,18349750
2020-04-29 21:02:42,18352450
2020-05-01 12:49:41,18355187.5
2020-05-02 22:37:13,18357912.5
2020-05-04 05:51:07,18360612.5
2020-05-05 16:23:07,18363300
2020-05-07 00:29:46,18366037.5
2020-05-08 12:32:29,18368737.5
2020-05-10 01:39:08,18371425
2020-05-11 08:31:56,18374150
2020-05-12 20:22:32,18375918.75
2020-05-14 18:11:10,18377268.75
2020-05-16 09:23:56,18378612.5
2020-05-18 06:14:31,18379956.25
2020-05-20 03:03:53,18381325
2020-05-21 21:37:07,18382668.75
2020-05-23 18:32:11,18384012.5
2020-05-25 12:24:02,18385356.25
2020-05-27 07:46:40,18386706.25
2020-05-28 21:42:29,18388068.75
2020-05-30 10:34:10,18389418.75
2020-05-31 20:00:25,18390762.5
2020-06-02 12:53:17,18392112.5
2020-06-04 01:34:31,18393456.25
2020-06-05 08:38:24,18394800
2020-06-06 13:00:55,18396162.5
2020-06-07 19:13:56,18397512.5
2020-06-09 05:18:10,18398862.5
2020-06-10 11:26:18,18400212.5
2020-06-11 18:33:34,18401556.25
2020-06-13 00:01:59,18402900
2020-06-14 08:37:53,18404256.25
2020-06-15 17:49:06,18405606.25
2020-06-17 08:48:00,18406962.5
2020-06-18 20:16:47,18408312.5
2020-06-20 11:12:15,18409656.25
2020-06-21 23:24:32,18411012.5
2020-06-23 11:00:38,18412362.5
2020-06-24 21:06:47,18413706.25
2020-06-26 11:02:10,18415056.25
2020-06-27 20:16:12,18416406.25
2020-06-29 07:34:48,18417750
2020-06-30 16:48:42,18419093.75
2020-07-02 01:54:05,18420450
2020-07-03 10:00:32,18421800
2020-07-04 18:51:56,18423143.75
2020-07-06 03:21:13,18424487.5
2020-07-07 11:20:28,18425843.75
2020-07-08 20:47:12,18427193.75
2020-07-10 05:35:57,18428556.25
2020-07-11 14:48:19,18429900
2020-07-12 23:30:04,18431243.75
2020-07-14 12:53:40,18432587.5
2020-07-16 00:07:20,18433937.5
2020-07-17 16:46:16,18435281.25
2020-07-19 09:46:55,18436637.5
2020-07-20 22:53:33,18437981.25
2020-07-22 13:27:15,18439325
2020-07-24 03:20:11,18440668.75
2020-07-25 10:33:38,18442018.75
2020-07-26 21:54:17,18443368.75
2020-07-28 09:02:53,18444718.75
2020-07-29 19:09:16,18446062.5
2020-07-31 08:51:26,18447406.25
2020-08-01 22:31:19,18448750
2020-08-03 09:35:21,18450093.75
2020-08-04 19:34:36,18451437.5
2020-08-06 07:35:57,18452781.25
2020-08-07 17:14:48,18454131.25
2020-08-09 05:20:43,18455475
2020-08-10 17:30:40,18456818.75
2020-08-12 02:13:11,18458162.5
2020-08-13 12:19:26,18459506.25
2020-08-14 21:10:52,18460856.25
2020-08-16 05:19:34,18462206.25
2020-08-17 16:46:32,18463556.25
2020-08-19 09:47:02,18464906.25
2020-08-20 21:02:10,18466250
2020-08-22 07:55:29,18467593.75
2020-08-23 18:29:20,18468943.75
2020-08-25 05:55:37,18470293.75
2020-08-26 18:21:54,18471643.75
2020-08-28 10:35:24,18472993.75
2020-08-29 18:31:48,18474343.75
2020-08-31 08:07:33,18475687.5
2020-09-01 19:24:30,18477037.5
2020-09-03 08:43:33,18478387.5
2020-09-04 23:03:42,18479737.5
2020-09-06 11:03:17,18481087.5
2020-09-07 19:01:12,18482443.75
2020-09-09 03:10:12,18483787.5
2020-09-10 15:30:39,18485131.25
2020-09-12 00:33:39,18486481.25
2020-09-13 06:26:21,18487831.25
2020-09-14 14:23:17,18489175
2020-09-15 22:20:59,18490525
2020-09-17 06:59:14,18491868.75
2020-09-18 11:27:17,18493212.5
2020-09-19 22:37:57,18494556.25
2020-09-21 08:59:27,18495900
2020-09-23 00:33:54,18497243.75
2020-09-24 13:26:56,18498587.5
2020-09-25 22:20:54,18499956.25
2020-09-27 09:21:58,18501312.5
2020-09-28 21:43:55,18502662.5
2020-09-30 10:52:34,18504012.5
2020-10-02 00:04:10,18505356.25
2020-10-03 12:25:09,18506700
2020-10-04 22:11:08,18508050
2020-10-06 09:19:16,18509406.25
2020-10-07 23:02:42,18510756.25
2020-10-09 08:56:22,18512106.25
2020-10-10 21:52:37,18513456.25
2020-10-12 09:29:30,18514806.25
2020-10-13 18:56:32,18516156.25
2020-10-15 04:10:15,18517506.25
2020-10-16 14:13:32,18518856.25
2020-10-17 23:15:25,18520206.25
2020-10-19 18:22:23,18521556.25
2020-10-21 06:59:56,18522906.25
2020-10-22 21:45:38,18524262.5
2020-10-24 10:52:30,18525618.75
2020-10-26 03:08:21,18526962.5
2020-10-28 05:50:59,18528306.25
2020-10-30 07:28:41,18529650
2020-11-01 04:50:59,18530993.75
2020-11-03 04:39:31,18532343.75
2020-11-04 14:26:28,18533687.5
2020-11-06 01:47:57,18535062.5
2020-11-07 12:47:20,18536412.5
2020-11-09 00:55:35,18537768.75
2020-11-10 05:23:12,18539118.75
2020-11-11 18:22:47,18540462.5
2020-11-13 03:11:47,18541812.5
2020-11-14 14:41:28,18543175
2020-11-16 01:45:09,18544518.75
2020-11-17 11:17:17,18545862.5
2020-11-18 17:30:22,18547212.5
2020-11-20 05:24:41,18548562.5
2020-11-21 12:55:43,18549906.25
2020-11-22 17:53:28,18551256.25
2020-11-24 05:24:18,18552600
2020-11-25 17:11:57,18553943.75
2020-11-27 02:36:16,18555300
2020-11-28 11:46:33,18556643.75
2020-11-29 22:58:02,18558000
2020-12-01 13:38:38,18559343.75
2020-12-03 02:59:20,18560693.75
2020-12-04 14:37:16,18562037.5
2020-12-06 02:13:33,18563387.5
2020-12-07 13:49:03,18564731.25
2020-12-09 03:18:26,18566087.5
2020-12-10 18:08:45,18567437.5
2020-12-12 07:45:23,18568787.5
2020-12-13 19:38:17,18570143.75
2020-12-15 05:59:49,18571487.5
2020-12-16 19:37:52,18572837.5
2020-12-18 09:33:07,18574193.75
2020-12-19 18:31:59,18575543.75
2020-12-21 04:55:32,18576887.5
2020-12-22 17:11:23,18578243.75
2020-12-24 04:06:32,18579587.5
2020-12-25 18:47:56,18580931.25
2020-12-27 07:55:45,18582281.25
2020-12-28 16:26:30,18583625
2020-12-30 02:38:18,18584975
2020-12-31 09:23:37,18586331.25
2021-01-01 17:57:08,18587675
2021-01-03 05:12:59,18589031.25
2021-01-04 12:08:27,18590387.5
2021-01-05 21:06:46,18591737.5
2021-01-07 01:48:17,18593081.25
2021-01-08 10:58:36,18594431.25
2021-01-09 22:44:10,18595787.5
2021-01-11 07:22:17,18597131.25
2021-01-12 17:25:50,18598481.25
2021-01-14 03:24:57,18599825
2021-01-15 15:38:28,18601181.25
2021-01-17 02:53:38,18602537.5
2021-01-18 14:46:48,18603887.5
2021-01-20 01:58:00,18605237.5
2021-01-21 18:00:52,18606581.25
2021-01-23 06:21:07,18607925
2021-01-24 17:07:54,18609275
2021-01-26 04:27:19,18610625
2021-01-27 14:59:55,18611975
2021-01-29 02:53:45,18613325
2021-01-30 12:19:31,18614668.75
2021-02-01 02:09:14,18616012.5
2021-02-02 17:19:12,18617362.5
2021-02-04 02:59:41,18618712.5
2021-02-05 11:53:47,18620056.25
2021-02-06 20:15:32,18621418.75
2021-02-08 03:39:58,18622762.5
2021-02-09 14:14:16,18624118.75
2021-02-11 03:35:56,18625475
2021-02-12 17:28:38,18626843.75
2021-02-14 02:52:45,18628193.75
2021-02-15 14:14:43,18629543.75
2021-02-17 06:41:37,18630887.5
2021-02-18 19:13:27,18632243.75
2021-02-20 05:27:10,18633587.5
2021-02-21 17:13:35,18634937.5
2021-02-23 09:24:51,18636287.5
2021-02-24 20:50:52,18637637.5
2021-02-26 07:47:41,18638993.75
2021-02-27 15:56:14,18640337.5
2021-03-01 08:13:44,18641681.25
2021-03-02 20:21:55,18643031.25
2021-03-04 07:25:05,18644387.5
2021-03-05 22:04:39,18645731.25
2021-03-07 09:18:12,18647075
2021-03-08 17:43:48,18648418.75
2021-03-10 06:12:53,18649762.5
2021-03-11 18:39:41,18651106.25
2021-03-13 05:32:01,18652450
2021-03-14 16:16:53,18653793.75
2021-03-16 03:07:43,18655137.5
2021-03-17 14:12:19,18656487.5
2021-03-19 03:08:45,18657837.5
2021-03-20 12:40:45,18659187.5
2021-03-21 22:16:15,18660537.5
2021-03-23 08:15:41,18661893.75
2021-03-24 16:16:19,18663237.5
2021-03-26 03:58:59,18664593.75
2021-03-27 14:06:14,18665943.75
2021-03-28 23:16:23,18667287.5
2021-03-30 10:07:37,18668643.75
2021-03-31 21:07:19,18669987.5
2021-04-02 07:31:10,18671331.25
2021-04-03 22:19:24,18672681.25
2021-04-05 08:29:32,18674025
2021-04-06 19:31:37,18675368.75
2021-04-08 05:30:16,18676712.5
2021-04-09 18:29:31,18678062.5
2021-04-11 03:52:55,18679406.25
2021-04-12 14:59:01,18680756.25
2021-04-14 03:54:16,18682100
2021-04-15 14:38:01,18683456.25
2021-04-17 09:02:08,18684812.5
2021-04-19 14:18:02,18686175
2021-04-21 10:14:23,18687525
2021-04-23 01:21:04,18688868.75
2021-04-24 16:22:57,18690212.5
2021-04-26 02:15:19,18691556.25
2021-04-27 19:22:07,18692906.25
2021-04-29 09:47:57,18694250
2021-05-01 00:26:52,18695606.25
2021-05-02 10:18:49,18696956.25
2021-05-03 14:33:25,18698300
2021-05-04 19:40:40,18699650
2021-05-06 04:00:35,18701000
2021-05-07 09:20:55,18702343.75
2021-05-08 15:40:17,18703706.25
2021-05-09 19:15:16,18705050
2021-05-11 01:14:21,18706393.75
2021-05-12 08:38:02,18707737.5
2021-05-13 14:24:04,18709081.25
2021-05-15 02:10:52,18710425
2021-05-16 20:38:30,18711775
2021-05-18 15:59:43,18713118.75
2021-05-20 13:58:52,18714475
2021-05-22 12:24:00,18715818.75
2021-05-24 06:49:57,18717162.5
2021-05-26 00:06:04,18718506.25
2021-05-27 18:36:30,18719850
2021-05-29 15:19:04,18721193.75
2021-05-31 05:08:43,18722543.75
2021-06-01 16:27:24,18723887.5
2021-06-03 01:46:12,18725237.5
2021-06-04 15:14:34,18726581.25
2021-06-06 05:03:12,18727931.25
2021-06-07 18:01:52,18729287.5
2021-06-09 03:03:07,18730637.5
2021-06-11 01:56:49,18731987.5
2021-06-12 20:49:42,18733337.5
2021-06-14 12:07:52,18734700
2021-06-16 02:48:07,18736043.75
2021-06-17 20:01:38,18737387.5
2021-06-19 17:27:39,18738731.25
2021-06-21 19:01:37,18740075
2021-06-23 23:48:24,18741425
2021-06-25 23:06:18,18742768.75
2021-06-28 19:08:51,18744112.5
2021-07-01 02:21:47,18745456.25
2021-07-03 10:17:18,18746800
2021-07-05 02:07:12,18748143.75
2021-07-06 16:23:23,18749487.5
2021-07-08 08:46:49,18750837.5
2021-07-09 23:38:43,18752181.25
2021-07-11 09:57:21,18753525
2021-07-13 04:05:37,18754881.25
2021-07-14 13:50:24,18756225
2021-07-16 02:14:57,18757575
2021-07-17 11:43:20,18758918.75
2021-07-19 01:25:58,18760262.5
2021-07-20 10:55:39,18761606.25
2021-07-22 00:26:35,18762956.25
2021-07-23 13:37:26,18764312.5
2021-07-24 23:14:54,18765656.25
2021-07-26 07:49:06,18767000
2021-07-27 17:18:38,18768343.75
2021-07-29 01:27:02,18769687.5
2021-07-30 08:24:21,18771043.75
2021-07-31 16:54:52,18772387.5
2021-08-02 02:58:54,18773737.5
2021-08-03 12:23:48,18775087.5
2021-08-04 23:51:52,18776431.25
2021-08-06 08:01:26,18777775
2021-08-07 16:25:24,18779118.75
2021-08-08 23:58:05,18780462.5
2021-08-10 09:18:13,18781806.25
2021-08-11 16:50:23,18783156.25
2021-08-13 05:42:11,18784500
2021-08-14 14:46:14,18785843.75
2021-08-15 20:50:03,18787187.5
2021-08-17 04:06:24,18788531.25
2021-08-18 12:27:07,18789887.5
2021-08-19 23:35:12,18791231.25
2021-08-21 07:43:37,18792575
2021-08-22 12:58:49,18793918.75
2021-08-23 19:05:46,18795268.75
2021-08-25 02:13:16,18796618.75
2021-08-26 11:54:30,18797968.75
2021-08-27 23:15:21,18799312.5
2021-08-29 08:48:27,18800656.25
2021-08-30 22:36:16,18802006.25
2021-09-01 10:21:20,18803350
2021-09-02 22:39:14,18804693.75
2021-09-04 08:36:17,18806037.5
2021-09-05 16:57:38,18807381.25
2021-09-06 23:58:28,18808731.25
2021-09-08 10:11:02,18810087.5
2021-09-09 23:51:54,18811431.25
2021-09-11 12:19:45,18812775
2021-09-12 23:47:59,18814125
2021-09-14 05:57:31,18815468.75
2021-09-15 18:39:02,18816818.75
2021-09-17 07:36:33,18818168.75
2021-09-18 17:07:43,18819518.75
2021-09-20 01:29:19,18820862.5
2021-09-21 11:21:22,18822206.25
2021-09-23 03:19:02,18823550
2021-09-24 12:09:36,18824893.75
2021-09-25 22:12:33,18826237.5
2021-09-27 11:20:14,18827587.5
2021-09-28 20:08:16,18828937.5
2021-09-30 09:25:56,18830281.25
2021-10-01 18:28:54,18831625
2021-10-02 22:51:11,18832968.75
2021-10-04 10:16:07,18834312.5
2021-10-05 17:46:12,18835656.25
2021-10-07 07:16:31,18837000
2021-10-08 22:14:10,18838343.75
2021-10-10 08:56:45,18839687.5
2021-10-11 19:00:19,18841031.25
2021-10-13 07:38:13,18842375
2021-10-14 16:06:45,18843731.25
2021-10-16 05:47:35,18845081.25
2021-10-17 16:14:01,18846425
2021-10-19 05:47:52,18847768.75
2021-10-20 13:00:17,18849112.5
2021-10-22 00:38:54,18850456.25
2021-10-23 08:55:47,18851806.25
2021-10-24 20:27:18,18853150
2021-10-26 01:36:41,18854506.25
2021-10-27 13:00:12,18855850
2021-10-28 21:04:46,18857193.75
2021-10-30 04:00:17,18858550
2021-10-31 14:46:57,18859893.75
2021-11-02 02:18:23,18861237.5
2021-11-03 11:21:21,18862581.25
2021-11-04 21:43:09,18863925
2021-11-06 05:11:43,18865268.75
2021-11-07 17:13:53,18866612.5
2021-11-09 06:18:06,18867962.5
2021-11-10 16:08:01,18869306.25
2021-11-12 00:16:17,18870650
2021-11-13 12:14:33,18871993.75
2021-11-14 21:59:10,18873356.25
2021-11-16 08:55:42,18874712.5
2021-11-17 18:35:41,18876056.25
2021-11-19 05:59:49,18877400
2021-11-20 19:13:45,18878743.75
2021-11-22 09:39:53,18880093.75
2021-11-23 23:05:13,18881443.75
2021-11-25 09:07:08,18882793.75
2021-11-27 01:15:45,18884137.5
2021-11-28 16:18:03,18885481.25
2021-11-30 02:25:09,18886825
2021-12-01 16:38:27,18888168.75
2021-12-03 02:44:48,18889512.5
2021-12-04 09:40:58,18890862.5
2021-12-05 17:44:36,18892206.25
2021-12-07 01:39:15,18893550
2021-12-08 08:49:12,18894893.75
2021-12-09 16:50:25,18896237.5
2021-12-11 02:27:17,18897581.25
2021-12-12 12:34:57,18898925
2021-12-14 01:21:31,18900268.75
2021-12-15 13:14:52,18901612.5
2021-12-17 04:21:56,18902956.25
2021-12-18 18:44:13,18904300
2021-12-20 06:19:44,18905650
2021-12-21 17:02:03,18906993.75
2021-12-23 02:24:28,18908343.75
2021-12-24 13:42:38,18909693.75
2021-12-25 23:35:14,18911043.75
2021-12-27 12:28:20,18912387.5
2021-12-29 01:24:03,18913731.25
2021-12-30 15:39:22,18915075
2022-01-01 04:13:40,18916418.75
2022-01-02 10:01:20,18917762.5
2022-01-03 21:44:01,18919112.5
2022-01-05 07:54:48,18920456.25
2022-01-06 20:32:07,18921800
2022-01-08 08:25:19,18923143.75
2022-01-09 21:02:32,18924487.5
2022-01-11 09:43:20,18925831.25
2022-01-12 20:04:00,18927175
2022-01-14 01:22:46,18928518.75
2022-01-15 08:02:02,18929862.5
2022-01-16 16:06:24,18931206.25
2022-01-17 22:41:04,18932550
2022-01-19 09:55:11,18933900
2022-01-20 14:28:38,18935262.5
2022-01-22 06:37:43,18936606.25
2022-01-23 18:56:43,18937950
2022-01-25 04:57:22,18939300
2022-01-26 18:30:44,18940650
2022-01-28 07:48:50,18941993.75
2022-01-29 19:13:52,18943337.5
2022-01-31 06:31:55,18944687.5
2022-02-01 16:39:02,18946031.25
2022-02-03 02:05:49,18947375
2022-02-04 13:26:26,18948725
2022-02-06 06:44:52,18950068.75
2022-02-07 19:20:08,18951412.5
2022-02-09 07:15:08,18952762.5
2022-02-10 18:58:15,18954112.5
2022-02-12 06:10:12,18955462.5
2022-02-13 10:58:07,18956806.25
2022-02-14 17:49:50,18958150
2022-02-16 01:05:30,18959493.75
2022-02-17 09:49:02,18960843.75
