Timestamp,trade-volume
2016-02-20 00:00:00,2110655.6878
2016-02-21 00:00:00,4799144.763
2016-02-22 00:00:00,4768834.5
2016-02-23 00:00:00,2559334.9832
2016-02-24 00:00:00,4397932.5
2016-02-25 00:00:00,3079156.4304
2016-02-26 00:00:00,2363228.6296
2016-02-27 00:00:00,1957278.3
2016-02-28 00:00:00,1837373.5798
2016-02-29 00:00:00,1493821.132
2016-03-01 00:00:00,3715143.995
2016-03-02 00:00:00,2997796.1748
2016-03-03 00:00:00,2421748.875
2016-03-04 00:00:00,3165320.124
2016-03-05 00:00:00,3108197.628
2016-03-06 00:00:00,6594012.9727
2016-03-07 00:00:00,2359103.5776
2016-03-08 00:00:00,2446224.2007
2016-03-09 00:00:00,2301767.077
2016-03-10 00:00:00,2011814.7324
2016-03-11 00:00:00,2171732.16
2016-03-12 00:00:00,2516555.5253
2016-03-13 00:00:00,1883392.124
2016-03-14 00:00:00,1375653.3565
2016-03-15 00:00:00,1852141.869
2016-03-16 00:00:00,1902534.19
2016-03-17 00:00:00,1700553.6576
2016-03-18 00:00:00,1558879.4349
2016-03-19 00:00:00,2595898.4352
2016-03-20 00:00:00,1185064.8459
2016-03-21 00:00:00,1060913.1582
2016-03-22 00:00:00,1463452.375
2016-03-23 00:00:00,1644474.0104
2016-03-24 00:00:00,2067894.7164
2016-03-25 00:00:00,1153728.3681
2016-03-26 00:00:00,1076681.034
2016-03-27 00:00:00,522917.8752
2016-03-28 00:00:00,2141150.0
2016-03-29 00:00:00,1388498.8674
2016-03-30 00:00:00,2467410.471
2016-03-31 00:00:00,2002365.0658
2016-04-01 00:00:00,1565178.4798
2016-04-02 00:00:00,1558131.7632
2016-04-03 00:00:00,868902.5943
2016-04-04 00:00:00,552085.8367
2016-04-05 00:00:00,1459218.3483
2016-04-06 00:00:00,1668377.9054
2016-04-07 00:00:00,1009133.328
2016-04-08 00:00:00,1347766.5325
2016-04-09 00:00:00,1915407.561
2016-04-10 00:00:00,1510801.723
2016-04-11 00:00:00,741403.575
2016-04-12 00:00:00,1479940.3762
2016-04-13 00:00:00,2585913.5016
2016-04-14 00:00:00,1661294.8845
2016-04-15 00:00:00,1637835.1968
2016-04-16 00:00:00,1893694.131
2016-04-17 00:00:00,795354.4586
2016-04-18 00:00:00,642118.737
2016-04-19 00:00:00,1361332.7
2016-04-20 00:00:00,1653545.2715
2016-04-21 00:00:00,3357182.5246
2016-04-22 00:00:00,2447770.93
2016-04-23 00:00:00,2462251.506
2016-04-24 00:00:00,1016783.8464
2016-04-25 00:00:00,3267685.096
2016-04-26 00:00:00,2590337.625
2016-04-27 00:00:00,2165967.4545
2016-04-28 00:00:00,3145711.1289
2016-04-29 00:00:00,3942954.2498
2016-04-30 00:00:00,1355694.5637
2016-05-01 00:00:00,1088710.7924
2016-05-02 00:00:00,538938.63
2016-05-03 00:00:00,2821255.6448
2016-05-04 00:00:00,2513056.4761
2016-05-05 00:00:00,1482396.1684
2016-05-06 00:00:00,1111826.7603
2016-05-07 00:00:00,2588082.6546
2016-05-08 00:00:00,922396.0998
2016-05-09 00:00:00,618906.4071
2016-05-10 00:00:00,1630197.4278
2016-05-11 00:00:00,2588829.54
2016-05-12 00:00:00,1520211.0504
2016-05-13 00:00:00,1559619.9432
2016-05-14 00:00:00,1292090.163
2016-05-15 00:00:00,628658.287
2016-05-16 00:00:00,737305.2544
2016-05-17 00:00:00,1427548.52
2016-05-18 00:00:00,1601134.8812
2016-05-19 00:00:00,1181964.1575
2016-05-20 00:00:00,2591780.9085
2016-05-21 00:00:00,1533628.2884
2016-05-22 00:00:00,849358.7798
2016-05-23 00:00:00,1028462.0779
2016-05-24 00:00:00,1172368.6051
2016-05-25 00:00:00,1367343.931
2016-05-26 00:00:00,1645517.51
2016-05-27 00:00:00,1703491.6585
2016-05-28 00:00:00,5748024.5928
2016-05-29 00:00:00,6618263.8144
2016-05-30 00:00:00,4201822.496
2016-05-31 00:00:00,3197985.7074
2016-06-01 00:00:00,6420111.8632
2016-06-02 00:00:00,2935866.2025
2016-06-03 00:00:00,2122162.52
2016-06-04 00:00:00,4962277.41
2016-06-05 00:00:00,3603347.6125
2016-06-06 00:00:00,3108612.2105
2016-06-07 00:00:00,2590286.686
2016-06-08 00:00:00,3887983.206
2016-06-09 00:00:00,1904346.29
2016-06-10 00:00:00,2166874.9008
2016-06-11 00:00:00,1999140.609
2016-06-12 00:00:00,2390804.7618
2016-06-13 00:00:00,9494228.6385
2016-06-14 00:00:00,12204617.1
2016-06-15 00:00:00,7278985.7789
2016-06-16 00:00:00,4007337.4088
2016-06-17 00:00:00,13723510.95
2016-06-18 00:00:00,10983151.289
2016-06-19 00:00:00,4438797.3212
2016-06-20 00:00:00,1987272.1045
2016-06-21 00:00:00,5761034.2316
2016-06-22 00:00:00,21974290.214
2016-06-23 00:00:00,9646073.9018
2016-06-24 00:00:00,15216711.3216
2016-06-25 00:00:00,10751720
2016-06-26 00:00:00,4342287.3296
2016-06-27 00:00:00,3680549.0722
2016-06-28 00:00:00,5574406.0895
2016-06-29 00:00:00,3607885.248
2016-06-30 00:00:00,5789334.2913
2016-07-01 00:00:00,5019136.608
2016-07-02 00:00:00,4346584.5294
2016-07-03 00:00:00,3852213.861
2016-07-04 00:00:00,4817101.131
2016-07-05 00:00:00,2917189.9094
2016-07-06 00:00:00,2088815.96
2016-07-07 00:00:00,2399003.3312
2016-07-08 00:00:00,8116497.07
2016-07-09 00:00:00,4364747.79
2016-07-10 00:00:00,4006561.526
2016-07-11 00:00:00,1502110.247
2016-07-12 00:00:00,1933834.606
2016-07-13 00:00:00,2846618.325
2016-07-14 00:00:00,4287469.1057
2016-07-15 00:00:00,1578440.8024
2016-07-16 00:00:00,2142395.5036
2016-07-17 00:00:00,1114496.1432
2016-07-18 00:00:00,2338217.3144
2016-07-19 00:00:00,2028219.0744
2016-07-20 00:00:00,1286049.73
2016-07-21 00:00:00,2276154.975
2016-07-22 00:00:00,1667556.32
2016-07-23 00:00:00,3360487.5075
2016-07-24 00:00:00,855099.5532
2016-07-25 00:00:00,944103.9448
2016-07-26 00:00:00,1596350.005
2016-07-27 00:00:00,2313936.1296
2016-07-28 00:00:00,1748153.5991
2016-07-29 00:00:00,1248010.4966
2016-07-30 00:00:00,854022.4592
2016-07-31 00:00:00,467480.8008
2016-08-01 00:00:00,3080886.2973
2016-08-02 00:00:00,3306508.99
2016-08-03 00:00:00,11515126.1064
2016-08-04 00:00:00,9003652.5964
2016-08-05 00:00:00,4914049.0464
2016-08-06 00:00:00,2754594.2024
2016-08-07 00:00:00,3550523.13
2016-08-08 00:00:00,1723324.4712
2016-08-09 00:00:00,1885946.7891
2016-08-10 00:00:00,1852561.4624
2016-08-11 00:00:00,3086683.6
2016-08-12 00:00:00,1488764.2651
2016-08-13 00:00:00,1277676.3597
2016-08-14 00:00:00,560916.4104
2016-08-15 00:00:00,2730947.824
2016-08-16 00:00:00,2621226.4392
2016-08-17 00:00:00,2780795.0498
2016-08-18 00:00:00,2345756.1316
2016-08-19 00:00:00,2262847.746
2016-08-20 00:00:00,2662119.2332
2016-08-21 00:00:00,1404742.3224
2016-08-22 00:00:00,656939.5268
2016-08-23 00:00:00,2960329.162
2016-08-24 00:00:00,2443582.7052
2016-08-25 00:00:00,1730618.7625
2016-08-26 00:00:00,2435422.5
2016-08-27 00:00:00,1900372.1955
2016-08-28 00:00:00,1536686.6
2016-08-29 00:00:00,596133.732
2016-08-30 00:00:00,1333109.475
2016-08-31 00:00:00,2555734.4019
2016-09-01 00:00:00,2229211.6244
2016-09-02 00:00:00,1629719.65
2016-09-03 00:00:00,1711635.64
2016-09-04 00:00:00,2764702.0648
2016-09-05 00:00:00,2386266.845
2016-09-06 00:00:00,2321292.1809
2016-09-07 00:00:00,2457075.8688
2016-09-08 00:00:00,2769704.9361
2016-09-09 00:00:00,2721767.5146
2016-09-10 00:00:00,2037460.52
2016-09-11 00:00:00,948942.5085
2016-09-12 00:00:00,3214842.0882
2016-09-13 00:00:00,2145424.086
2016-09-14 00:00:00,2112952.4274
2016-09-15 00:00:00,1763555.8713
2016-09-16 00:00:00,1872337.92
2016-09-17 00:00:00,1586068.0416
2016-09-18 00:00:00,675263.8838
2016-09-19 00:00:00,793626.6349
2016-09-20 00:00:00,1507194.325
2016-09-21 00:00:00,1522856.72
2016-09-22 00:00:00,2259056.148
2016-09-23 00:00:00,1382424.16
2016-09-24 00:00:00,2458562.981
2016-09-25 00:00:00,689073.6742
2016-09-26 00:00:00,650995.4232
2016-09-27 00:00:00,2449022.6437
2016-09-28 00:00:00,1846751.4972
2016-09-29 00:00:00,1341833.2005
2016-09-30 00:00:00,1642683.8417
2016-10-01 00:00:00,1601602.9366
2016-10-02 00:00:00,894828.204
2016-10-03 00:00:00,856154.136
2016-10-04 00:00:00,1375980.7252
2016-10-05 00:00:00,1793810.0894
2016-10-06 00:00:00,1464149.12
2016-10-07 00:00:00,1245603.5695
2016-10-08 00:00:00,2480451.3104
2016-10-09 00:00:00,545603.6124
2016-10-10 00:00:00,719045.8128
2016-10-11 00:00:00,1411407.4091
2016-10-12 00:00:00,5161402.311
2016-10-13 00:00:00,1690471.9884
2016-10-14 00:00:00,1509943.9908
2016-10-15 00:00:00,2013406.124
2016-10-16 00:00:00,905054.4832
2016-10-17 00:00:00,824156.2854
2016-10-18 00:00:00,2515746.9576
2016-10-19 00:00:00,1736925.7185
2016-10-20 00:00:00,2796925.7268
2016-10-21 00:00:00,1293765.0858
2016-10-22 00:00:00,1918619.83
2016-10-23 00:00:00,2842323.4125
2016-10-24 00:00:00,1645093.0428
2016-10-25 00:00:00,3014835.1849
2016-10-26 00:00:00,3991981.368
2016-10-27 00:00:00,4540502.7668
2016-10-28 00:00:00,3102604.75
2016-10-29 00:00:00,2462999.9235
2016-10-30 00:00:00,2871496.0
2016-10-31 00:00:00,2617694.2566
2016-11-01 00:00:00,3245201.8889
2016-11-02 00:00:00,4785307.674
2016-11-03 00:00:00,3195909.5424
2016-11-04 00:00:00,8276087.9607
2016-11-05 00:00:00,3754087.633
2016-11-06 00:00:00,1345722.066
2016-11-07 00:00:00,1637884.8196
2016-11-08 00:00:00,0.0
2016-11-09 00:00:00,3924007.8615
2016-11-10 00:00:00,7017410.01
2016-11-11 00:00:00,3570292.284
2016-11-12 00:00:00,2384802.76
2016-11-13 00:00:00,1974698.9952
2016-11-14 00:00:00,4218773.949
2016-11-15 00:00:00,5261786.9463
2016-11-16 00:00:00,4100191.1224
2016-11-17 00:00:00,8545351.2386
2016-11-18 00:00:00,4948315.3356
2016-11-19 00:00:00,3199118.274
2016-11-20 00:00:00,1473215.8253
2016-11-21 00:00:00,4019280.811
2016-11-22 00:00:00,2958595.5438
2016-11-23 00:00:00,3738043.1548
2016-11-24 00:00:00,3339447.1941
2016-11-25 00:00:00,2972537.33
2016-11-26 00:00:00,2473673.2563
2016-11-27 00:00:00,1688675.9814
2016-11-28 00:00:00,2508383.0935
2016-11-29 00:00:00,3459650.049
2016-11-30 00:00:00,3945436.8912
2016-12-01 00:00:00,4637396.952
2016-12-02 00:00:00,4597539.9864
2016-12-03 00:00:00,6226092.9406
2016-12-04 00:00:00,2127831.7736
2016-12-05 00:00:00,2436639.78
2016-12-06 00:00:00,4192563.0571
2016-12-07 00:00:00,5132222.0709
2016-12-08 00:00:00,3686960.42
2016-12-09 00:00:00,3752858.5536
2016-12-10 00:00:00,2203083.4956
2016-12-11 00:00:00,1699324.912
2016-12-12 00:00:00,1076026.7787
2016-12-13 00:00:00,2197479.4344
2016-12-14 00:00:00,3791822.3826
2016-12-15 00:00:00,1854432.0342
2016-12-16 00:00:00,2363198.5804
2016-12-17 00:00:00,2700616.9536
2016-12-18 00:00:00,1897573.1112
2016-12-19 00:00:00,1986896.331
2016-12-20 00:00:00,3095980.6758
2016-12-21 00:00:00,3297909.0762
2016-12-22 00:00:00,7825180.1957
2016-12-23 00:00:00,10445423.794
2016-12-24 00:00:00,15095308.6956
2016-12-25 00:00:00,5393160.608
2016-12-26 00:00:00,4132349.2507
2016-12-27 00:00:00,3129749.3406
2016-12-28 00:00:00,6692540.341
2016-12-29 00:00:00,11971457.3258
2016-12-30 00:00:00,7662165.0015
2016-12-31 00:00:00,10303871.5912
2017-01-01 00:00:00,3989748.4776
2017-01-02 00:00:00,6822471.0008
2017-01-03 00:00:00,8324525.7718
2017-01-04 00:00:00,9340584.1613
2017-01-05 00:00:00,23870110.3524
2017-01-06 00:00:00,36041021.226
2017-01-07 00:00:00,24821291.634
2017-01-08 00:00:00,18500660.948
2017-01-09 00:00:00,8183329.3367
2017-01-10 00:00:00,7805347.6388
2017-01-11 00:00:00,7672082.4366
2017-01-12 00:00:00,28015965.7428
2017-01-13 00:00:00,14078161.6472
2017-01-14 00:00:00,9404142.0
2017-01-15 00:00:00,5423872.0505
2017-01-16 00:00:00,3474817.1122
2017-01-17 00:00:00,5119513.7008
2017-01-18 00:00:00,11126738.064
2017-01-19 00:00:00,9856912.8768
2017-01-20 00:00:00,10059712.179
2017-01-21 00:00:00,5933570.218
2017-01-22 00:00:00,5415815.3595
2017-01-23 00:00:00,6593137.6555
2017-01-24 00:00:00,3210327.312
2017-01-25 00:00:00,8342618.2107
2017-01-26 00:00:00,4730355.2448
2017-01-27 00:00:00,4725016.2335
2017-01-28 00:00:00,4435282.6941
2017-01-29 00:00:00,1080471.6578
2017-01-30 00:00:00,1219424.7139
2017-01-31 00:00:00,2851760.8
2017-02-01 00:00:00,9219042.353
2017-02-02 00:00:00,6847946.828
2017-02-03 00:00:00,8336697.8968
2017-02-04 00:00:00,11076567.1785
2017-02-05 00:00:00,5977596.7455
2017-02-06 00:00:00,4399431.5176
2017-02-07 00:00:00,5203836.3972
2017-02-08 00:00:00,5657035.6608
2017-02-09 00:00:00,10110844.072
2017-02-10 00:00:00,24729127.247
2017-02-11 00:00:00,10764385.1601
2017-02-12 00:00:00,4532429.059
2017-02-13 00:00:00,2685405.7308
2017-02-14 00:00:00,4552916.952
2017-02-15 00:00:00,6808142.7824
2017-02-16 00:00:00,3130779.4375
2017-02-17 00:00:00,6172255.776
2017-02-18 00:00:00,6441223.0365
2017-02-19 00:00:00,4736170.56
2017-02-20 00:00:00,2386315.596
2017-02-21 00:00:00,3906984.7618
2017-02-22 00:00:00,9464085.0
2017-02-23 00:00:00,13221162.2004
2017-02-24 00:00:00,13376541.7471
2017-02-25 00:00:00,23698060.9008
2017-02-26 00:00:00,7174328.5198
2017-02-27 00:00:00,4204184.6808
2017-02-28 00:00:00,5543695.391
2017-03-01 00:00:00,8993970.4559
2017-03-02 00:00:00,7330647.814
2017-03-03 00:00:00,9805104.768
2017-03-04 00:00:00,9709655.67
2017-03-05 00:00:00,6237249.654
2017-03-06 00:00:00,3827368.3584
2017-03-07 00:00:00,5472869.325
2017-03-08 00:00:00,17818214.304
2017-03-09 00:00:00,15451790.959
2017-03-10 00:00:00,9159399.6732
2017-03-11 00:00:00,0.0
2017-03-12 00:00:00,8904291.9292
2017-03-13 00:00:00,7110415.64
2017-03-14 00:00:00,6993851.7896
2017-03-15 00:00:00,7166645.248
2017-03-16 00:00:00,4909138.08
2017-03-17 00:00:00,60265229.788
2017-03-18 00:00:00,63263946.141
2017-03-19 00:00:00,20683899.5819
2017-03-20 00:00:00,12339031.851
2017-03-21 00:00:00,7726450.75
2017-03-22 00:00:00,12365630.34
2017-03-23 00:00:00,14976790.05
2017-03-24 00:00:00,6018705.3654
2017-03-25 00:00:00,14801847.5571
2017-03-26 00:00:00,13114894.9084
2017-03-27 00:00:00,8661711.372
2017-03-28 00:00:00,9014906.7008
2017-03-29 00:00:00,9517288.7961
2017-03-30 00:00:00,9746180.118
2017-03-31 00:00:00,8954743.434
2017-04-01 00:00:00,12976190.5924
2017-04-02 00:00:00,5637552.8121
2017-04-03 00:00:00,8283501.7002
2017-04-04 00:00:00,12663966.7572
2017-04-05 00:00:00,8465575.6662
2017-04-06 00:00:00,6324972.7117
2017-04-07 00:00:00,10899686.0094
2017-04-08 00:00:00,6501790.9896
2017-04-09 00:00:00,3218963.1595
2017-04-10 00:00:00,5802630.435
2017-04-11 00:00:00,4424401.0344
2017-04-12 00:00:00,4252905.1831
2017-04-13 00:00:00,4211442.231
2017-04-14 00:00:00,8385171.8254
2017-04-15 00:00:00,10502646.7896
2017-04-16 00:00:00,10847276.465
2017-04-17 00:00:00,3130012.103
2017-04-18 00:00:00,4149184.1107
2017-04-19 00:00:00,6628654.032
2017-04-20 00:00:00,7291105.55
2017-04-21 00:00:00,7401082.1544
2017-04-22 00:00:00,6258143.9864
2017-04-23 00:00:00,5146359.8496
2017-04-24 00:00:00,3232723.2268
2017-04-25 00:00:00,3821771.3947
2017-04-26 00:00:00,6691037.0716
2017-04-27 00:00:00,11210449.5126
2017-04-28 00:00:00,8870267.9476
2017-04-29 00:00:00,10958367.728
2017-04-30 00:00:00,5235290.85
2017-05-01 00:00:00,4794962.352
2017-05-02 00:00:00,11963301.4782
2017-05-03 00:00:00,12982815.391
2017-05-04 00:00:00,16612962.93
2017-05-05 00:00:00,30064114.3959
2017-05-06 00:00:00,23708416.5
2017-05-07 00:00:00,12246037.2252
2017-05-08 00:00:00,11974645.9524
2017-05-09 00:00:00,31765892.653
2017-05-10 00:00:00,28897787.61
2017-05-11 00:00:00,20004146.2148
2017-05-12 00:00:00,26974512.67
2017-05-13 00:00:00,28851381.4064
2017-05-14 00:00:00,18680009.828
2017-05-15 00:00:00,8581202.0
2017-05-16 00:00:00,22757892.4713
2017-05-17 00:00:00,28331140.6129
2017-05-18 00:00:00,31802940.1008
2017-05-19 00:00:00,22352517.103
2017-05-20 00:00:00,27536147.8068
2017-05-21 00:00:00,24757265.5744
2017-05-22 00:00:00,13597641.384
2017-05-23 00:00:00,34310649.2288
2017-05-24 00:00:00,31598452.9344
2017-05-25 00:00:00,53625542.6632
2017-05-26 00:00:00,75061498.0294
2017-05-27 00:00:00,64580050.7724
2017-05-28 00:00:00,53685857.7112
2017-05-29 00:00:00,33478175.5472
2017-05-30 00:00:00,27788568.2928
2017-05-31 00:00:00,30624224.3347
2017-06-01 00:00:00,37405260.2924
2017-06-02 00:00:00,44285186.9709
2017-06-03 00:00:00,30995417.2788
2017-06-04 00:00:00,27540696.7041
2017-06-05 00:00:00,22289105.3668
2017-06-06 00:00:00,32998550.4104
2017-06-07 00:00:00,76860450.16
2017-06-08 00:00:00,45523077.3312
2017-06-09 00:00:00,37189747.4445
2017-06-10 00:00:00,22712571.773
2017-06-11 00:00:00,27858066.2451
2017-06-12 00:00:00,20268957.128
2017-06-13 00:00:00,83787469.2409
2017-06-14 00:00:00,44052895.26
2017-06-15 00:00:00,72110605.05
2017-06-16 00:00:00,89135793.488
2017-06-17 00:00:00,34208779.4202
2017-06-18 00:00:00,29373577.6768
2017-06-19 00:00:00,23726295.06
2017-06-20 00:00:00,27543022
2017-06-21 00:00:00,43565506.8
2017-06-22 00:00:00,41677438.3317
2017-06-23 00:00:00,29296358.168
2017-06-24 00:00:00,22104620.424
2017-06-25 00:00:00,34145615.46
2017-06-26 00:00:00,25870164.5301
2017-06-27 00:00:00,53564903.1
2017-06-28 00:00:00,48960869.6017
2017-06-29 00:00:00,31932419.187
2017-06-30 00:00:00,20656772.1342
2017-07-01 00:00:00,21612955.6188
2017-07-02 00:00:00,21447811.6312
2017-07-03 00:00:00,21973171.5351
2017-07-04 00:00:00,29402809.3419
2017-07-05 00:00:00,25122144.1961
2017-07-06 00:00:00,28210572
2017-07-07 00:00:00,21613344.4196
2017-07-08 00:00:00,23595437.3354
2017-07-09 00:00:00,13807107.8124
2017-07-10 00:00:00,11273510.1802
2017-07-11 00:00:00,40483407.3522
2017-07-12 00:00:00,40417980.8256
2017-07-13 00:00:00,30735685.32
2017-07-14 00:00:00,19740363.335
2017-07-15 00:00:00,28047227.532
2017-07-16 00:00:00,39151179.3198
2017-07-17 00:00:00,48851609.4536
2017-07-18 00:00:00,58726534.8792
2017-07-19 00:00:00,57891090.6993
2017-07-20 00:00:00,38549139.9111
2017-07-21 00:00:00,87491851.6
2017-07-22 00:00:00,55874277.62
2017-07-23 00:00:00,36210182.1295
2017-07-24 00:00:00,30248285.2584
2017-07-25 00:00:00,27593647.5276
2017-07-26 00:00:00,54707494.204
2017-07-27 00:00:00,44524617.5465
2017-07-28 00:00:00,31460780.0493
2017-07-29 00:00:00,39186953.704
2017-07-30 00:00:00,27827233.7136
2017-07-31 00:00:00,27818333.9856
2017-08-01 00:00:00,31819215.357
2017-08-02 00:00:00,34191678.8952
2017-08-03 00:00:00,25571645.3968
2017-08-04 00:00:00,22268580.3
2017-08-05 00:00:00,21818556.8032
2017-08-06 00:00:00,55242707.6721
2017-08-07 00:00:00,19262002.55
2017-08-08 00:00:00,40721097.34
2017-08-09 00:00:00,53967977.6625
2017-08-10 00:00:00,47694722.4248
2017-08-11 00:00:00,30846781.3654
2017-08-12 00:00:00,43503255
2017-08-13 00:00:00,47778543.112
2017-08-14 00:00:00,64764962.3808
2017-08-15 00:00:00,61408389.272
2017-08-16 00:00:00,106742514.4999
2017-08-17 00:00:00,56442481.524
2017-08-18 00:00:00,404092336.4667
2017-08-19 00:00:00,444138488.1736
2017-08-20 00:00:00,340016694.81
2017-08-21 00:00:00,216458875.6
2017-08-22 00:00:00,289961249.8068
2017-08-23 00:00:00,550242214.0092
2017-08-24 00:00:00,289994146.5672
2017-08-25 00:00:00,243781229.4927
2017-08-26 00:00:00,230986169.9343
2017-08-27 00:00:00,131114598.4418
2017-08-28 00:00:00,122880681.066
2017-08-29 00:00:00,236051174.3394
2017-08-30 00:00:00,345008786.9216
2017-08-31 00:00:00,225853164.216
2017-09-01 00:00:00,249063592.1114
2017-09-02 00:00:00,359238625.3599
2017-09-03 00:00:00,516978170.6254
2017-09-04 00:00:00,328722725.0454
2017-09-05 00:00:00,452591245.9611
2017-09-06 00:00:00,513071150.6586
2017-09-07 00:00:00,401234377.278
2017-09-08 00:00:00,233026233.9328
2017-09-09 00:00:00,559278215.7192
2017-09-10 00:00:00,263095068.8386
2017-09-11 00:00:00,329155769.1682
2017-09-12 00:00:00,274429793.0583
2017-09-13 00:00:00,328866112.7454
2017-09-14 00:00:00,585291866.1528
2017-09-15 00:00:00,790068008.2001
2017-09-16 00:00:00,1185424186
2017-09-17 00:00:00,447552385.0187
2017-09-18 00:00:00,239259978.2484
2017-09-19 00:00:00,455054715.9628
2017-09-20 00:00:00,364993236.6535
2017-09-21 00:00:00,257063837.0904
2017-09-22 00:00:00,384083273.5368
2017-09-23 00:00:00,294797635.4218
2017-09-24 00:00:00,188450162.439
2017-09-25 00:00:00,127482841.5233
2017-09-26 00:00:00,300016758.366
2017-09-27 00:00:00,179435745.21
2017-09-28 00:00:00,384651741.6501
2017-09-29 00:00:00,289413388.4694
2017-09-30 00:00:00,274136475.9474
2017-10-01 00:00:00,225245660.5424
2017-10-02 00:00:00,209348056.1999
2017-10-03 00:00:00,241311075.5808
2017-10-04 00:00:00,265080213.9921
2017-10-05 00:00:00,212708754.8775
2017-10-06 00:00:00,205725059.176
2017-10-07 00:00:00,191542242.0393
2017-10-08 00:00:00,128192914.6734
2017-10-09 00:00:00,251605409.5926
2017-10-10 00:00:00,423835454.8128
2017-10-11 00:00:00,353892652.305
2017-10-12 00:00:00,295127991.4344
2017-10-13 00:00:00,764767626.15
2017-10-14 00:00:00,1003692319.404
2017-10-15 00:00:00,337135010.2458
2017-10-16 00:00:00,501526110.195
2017-10-17 00:00:00,330022914.84
2017-10-18 00:00:00,330582864.74
2017-10-19 00:00:00,645907998.8016
2017-10-20 00:00:00,402515406.4904
2017-10-21 00:00:00,697705154.6796
2017-10-22 00:00:00,599885096.825
2017-10-23 00:00:00,519512073.1373
2017-10-24 00:00:00,704517582.7138
2017-10-25 00:00:00,669856298.73
2017-10-26 00:00:00,516446672.196
2017-10-27 00:00:00,475131131.5198
2017-10-28 00:00:00,439545835.0836
2017-10-29 00:00:00,299535755.718
2017-10-30 00:00:00,938648249.2575
2017-10-31 00:00:00,406276587.2792
2017-11-01 00:00:00,564490394.0097
2017-11-02 00:00:00,753929800.389
2017-11-03 00:00:00,1404503521.836
2017-11-04 00:00:00,947883474.7392
2017-11-05 00:00:00,655029352.6182
2017-11-06 00:00:00,676635331.4235
2017-11-07 00:00:00,950261165.832
2017-11-08 00:00:00,598849173.4176
2017-11-09 00:00:00,1459963138.914
2017-11-10 00:00:00,744943398.2508
2017-11-11 00:00:00,1287567382.7688
2017-11-12 00:00:00,945167102.9634
2017-11-13 00:00:00,1947533099.8032
2017-11-14 00:00:00,1418267494.4152
2017-11-15 00:00:00,698344946.1996
2017-11-16 00:00:00,1082315249.2826
2017-11-17 00:00:00,1311892193.3026
2017-11-18 00:00:00,1105961948.686
2017-11-19 00:00:00,634448753.433
2017-11-20 00:00:00,628384809.3768
2017-11-21 00:00:00,671161077.7342
2017-11-22 00:00:00,1159089811.2404
2017-11-23 00:00:00,550836992.2744
2017-11-24 00:00:00,547035406.3713
2017-11-25 00:00:00,735743128.217
2017-11-26 00:00:00,808031942.176
2017-11-27 00:00:00,1236559027.359
2017-11-28 00:00:00,1251503748.8128
2017-11-29 00:00:00,996705854.69
2017-11-30 00:00:00,3004921755.318
2017-12-01 00:00:00,2422706700.2947
2017-12-02 00:00:00,1740537525.8832
2017-12-03 00:00:00,1071047445.6545
2017-12-04 00:00:00,1794609217.28
2017-12-05 00:00:00,1369623771.249
2017-12-06 00:00:00,1149978202.2045
2017-12-07 00:00:00,1455207332.2967
2017-12-08 00:00:00,4956849516.1936
2017-12-09 00:00:00,3080965561.0329
2017-12-10 00:00:00,1641695052.3389
2017-12-11 00:00:00,2382377788.817
2017-12-12 00:00:00,2064135120.3512
2017-12-13 00:00:00,674678693.456
2017-12-14 00:00:00,1705817591.5657
2017-12-15 00:00:00,1294259776.502
2017-12-16 00:00:00,1765320850.2934
2017-12-17 00:00:00,1363500363.066
2017-12-18 00:00:00,1430800931.9494
2017-12-19 00:00:00,1638480796.7274
2017-12-20 00:00:00,1981230494.7758
2017-12-21 00:00:00,2186032915.3336
2017-12-22 00:00:00,1695830711.3037
2017-12-23 00:00:00,1758482732.8843
2017-12-24 00:00:00,1442222397.4749
2017-12-25 00:00:00,1536056548.3186
2017-12-26 00:00:00,988326041.111
2017-12-27 00:00:00,1500718838.4262
2017-12-28 00:00:00,1402040700.4359
2017-12-29 00:00:00,1607020050.9088
2017-12-30 00:00:00,1162043233.0056
2017-12-31 00:00:00,1506584173.1766
2018-01-01 00:00:00,1000379552.84
2018-01-02 00:00:00,660696459.5412
2018-01-03 00:00:00,1365238569.4398
2018-01-04 00:00:00,1059922923.7584
2018-01-05 00:00:00,1311574416.3742
2018-01-06 00:00:00,1629825236.7474
2018-01-07 00:00:00,906109684.557
2018-01-08 00:00:00,864432591.694
2018-01-09 00:00:00,1623235878.18
2018-01-10 00:00:00,1116810955.326
2018-01-11 00:00:00,1471688932.1852
2018-01-12 00:00:00,1474449470.192
2018-01-13 00:00:00,946314221.587
2018-01-14 00:00:00,709709926.9208
2018-01-15 00:00:00,723548274.3203
2018-01-16 00:00:00,787732866.9914
2018-01-17 00:00:00,3181013549.0601
2018-01-18 00:00:00,3269145779.4472
2018-01-19 00:00:00,1934446829.373
2018-01-20 00:00:00,1204269035.298
2018-01-21 00:00:00,1225700423.065
2018-01-22 00:00:00,1175503832.9436
2018-01-23 00:00:00,1465499538.7331
2018-01-24 00:00:00,1423493479.2224
2018-01-25 00:00:00,1076890874.306
2018-01-26 00:00:00,903886494.1449
2018-01-27 00:00:00,1330161211.8144
2018-01-28 00:00:00,873498645.6154
2018-01-29 00:00:00,849439447.6602
2018-01-30 00:00:00,747230355.0536
2018-01-31 00:00:00,1445440048.8948
2018-02-01 00:00:00,1071289592.88
2018-02-02 00:00:00,1734879504.5345
2018-02-03 00:00:00,2491149103.6881
2018-02-04 00:00:00,1089038712.0208
2018-02-05 00:00:00,1199569483.5732
2018-02-06 00:00:00,2089572991.491
2018-02-07 00:00:00,3408073088.7663
2018-02-08 00:00:00,1814762086.6278
2018-02-09 00:00:00,1400664131.4024
2018-02-10 00:00:00,1249304448.9552
2018-02-11 00:00:00,1178588589.5
2018-02-12 00:00:00,858240548.9922
2018-02-13 00:00:00,987896393.16
2018-02-14 00:00:00,732425325.0496
2018-02-15 00:00:00,1138250927.2096
2018-02-16 00:00:00,1520173447.8267
2018-02-17 00:00:00,972263786.9056
2018-02-18 00:00:00,1215318036.3898
2018-02-19 00:00:00,1446183867.9938
2018-02-20 00:00:00,1088412789.1382
2018-02-21 00:00:00,1482868607.2068
2018-02-22 00:00:00,1751252242.7958
2018-02-23 00:00:00,1552533068.4702
2018-02-24 00:00:00,1286052865.794
2018-02-25 00:00:00,1111682121.7824
2018-02-26 00:00:00,702156577.3621
2018-02-27 00:00:00,1102352166.9636
2018-02-28 00:00:00,947534416.9062
2018-03-01 00:00:00,1008948245.9602
2018-03-02 00:00:00,877677223.9032
2018-03-03 00:00:00,759894065.8704
2018-03-04 00:00:00,745890864.6954
2018-03-05 00:00:00,642906304.456
2018-03-06 00:00:00,714536991.6552
2018-03-07 00:00:00,1109670859.0003
2018-03-08 00:00:00,1677040469.5836
2018-03-09 00:00:00,1333961757.815
2018-03-10 00:00:00,1994073353.28
2018-03-11 00:00:00,897354070.8552
2018-03-12 00:00:00,1308310990.257
2018-03-13 00:00:00,1268254508.4
2018-03-14 00:00:00,1112391454.4028
2018-03-15 00:00:00,1350460234.5024
2018-03-16 00:00:00,1403735130.4002
2018-03-17 00:00:00,973873396.0022
2018-03-18 00:00:00,784350039.6144
2018-03-19 00:00:00,1474300640.8642
2018-03-20 00:00:00,1353859594.1104
2018-03-21 00:00:00,1059662670.087
2018-03-22 00:00:00,880254488.372
2018-03-23 00:00:00,946210970.4005
2018-03-24 00:00:00,884262667.288
2018-03-25 00:00:00,720411912.128
2018-03-26 00:00:00,579084803.85
2018-03-27 00:00:00,994371402.87
2018-03-28 00:00:00,821305395.075
2018-03-29 00:00:00,589107762.5112
2018-03-30 00:00:00,1228494330.492
2018-03-31 00:00:00,1459007284.3164
2018-04-01 00:00:00,828105595.6824
2018-04-02 00:00:00,813154210.591
2018-04-03 00:00:00,689971563.5379
2018-04-04 00:00:00,841607108.5016
2018-04-05 00:00:00,780572816.9231
2018-04-06 00:00:00,691743079.4208
2018-04-07 00:00:00,513594758.6484
2018-04-08 00:00:00,518768966.856
2018-04-09 00:00:00,378054921.6189
2018-04-10 00:00:00,836397533.2548
2018-04-11 00:00:00,380694984.387
2018-04-12 00:00:00,408957431.832
2018-04-13 00:00:00,1477855674.802
2018-04-14 00:00:00,1040511128.8275
2018-04-15 00:00:00,464835469.7978
2018-04-16 00:00:00,529840058.865
2018-04-17 00:00:00,667447487.6257
2018-04-18 00:00:00,513033431.7891
2018-04-19 00:00:00,547100495.37
2018-04-20 00:00:00,537680761.8004
2018-04-21 00:00:00,894778482.4696
2018-04-22 00:00:00,750430994.908
2018-04-23 00:00:00,545385760.3392
2018-04-24 00:00:00,491744749.628
2018-04-25 00:00:00,1227082384.8822
2018-04-26 00:00:00,1558858006.6094
2018-04-27 00:00:00,937521482.1819
2018-04-28 00:00:00,622772523.1995
2018-04-29 00:00:00,786961062.8607
2018-04-30 00:00:00,571160692.608
2018-05-01 00:00:00,512078867.4795
2018-05-02 00:00:00,590794538.2206
2018-05-03 00:00:00,478747022.8256
2018-05-04 00:00:00,826646057.0515
2018-05-05 00:00:00,611265269.7247
2018-05-06 00:00:00,619793485.4432
2018-05-07 00:00:00,531232089.8976
2018-05-08 00:00:00,614648751.144
2018-05-09 00:00:00,593072495.682
2018-05-10 00:00:00,565867529.934
2018-05-11 00:00:00,539595278.9484
2018-05-12 00:00:00,1023115026.1137
2018-05-13 00:00:00,695724449.4096
2018-05-14 00:00:00,465297919.5022
2018-05-15 00:00:00,791362349.4604
2018-05-16 00:00:00,643573959.145
2018-05-17 00:00:00,712405126.836
2018-05-18 00:00:00,527951961.6882
2018-05-19 00:00:00,447479924.2704
2018-05-20 00:00:00,301258455.6117
2018-05-21 00:00:00,334999435.9114
2018-05-22 00:00:00,371715199.5491
2018-05-23 00:00:00,442854533.1864
2018-05-24 00:00:00,816413008.3368
2018-05-25 00:00:00,731051376.6528
2018-05-26 00:00:00,546954337.5088
2018-05-27 00:00:00,284111972.2217
2018-05-28 00:00:00,279306859.8048
2018-05-29 00:00:00,440891442.2458
2018-05-30 00:00:00,544639935.7142
2018-05-31 00:00:00,378650506.1856
2018-06-01 00:00:00,384628044.0564
2018-06-02 00:00:00,386160770.8675
2018-06-03 00:00:00,307593603.3828
2018-06-04 00:00:00,279022605.214
2018-06-05 00:00:00,357530396.1291
2018-06-06 00:00:00,379726332.7494
2018-06-07 00:00:00,354084589.0152
2018-06-08 00:00:00,291024763.5224
2018-06-09 00:00:00,245102804.0624
2018-06-10 00:00:00,176175027.639
2018-06-11 00:00:00,820516054.082
2018-06-12 00:00:00,459832204.8818
2018-06-13 00:00:00,484793299.08
2018-06-14 00:00:00,724599740.0376
2018-06-15 00:00:00,603633809.7738
2018-06-16 00:00:00,334034999.9856
2018-06-17 00:00:00,233202056.1244
2018-06-18 00:00:00,184473224.2522
2018-06-19 00:00:00,380519811
2018-06-20 00:00:00,304414453.3591
2018-06-21 00:00:00,302034265.9362
2018-06-22 00:00:00,220366441.3335
2018-06-23 00:00:00,718879048.173
2018-06-24 00:00:00,289224701.2362
2018-06-25 00:00:00,602644733.4488
2018-06-26 00:00:00,425364636.2576
2018-06-27 00:00:00,326673797.5094
2018-06-28 00:00:00,320015558.6964
2018-06-29 00:00:00,308347826.538
2018-06-30 00:00:00,514392178.4736
2018-07-01 00:00:00,356651611.6194
2018-07-02 00:00:00,209438934.9542
2018-07-03 00:00:00,406984481.0588
2018-07-04 00:00:00,304110602.397
2018-07-05 00:00:00,358858407.8416
2018-07-06 00:00:00,368324017.1091
2018-07-07 00:00:00,246024956.7207
2018-07-08 00:00:00,261353252.0382
2018-07-09 00:00:00,220696037.4376
2018-07-10 00:00:00,286804720.8216
2018-07-11 00:00:00,411395714.3884
2018-07-12 00:00:00,275030732.0278
2018-07-13 00:00:00,377493363.3389
2018-07-14 00:00:00,279061863.053
2018-07-15 00:00:00,164361051.426
2018-07-16 00:00:00,193070237.9319
2018-07-17 00:00:00,472784651.01
2018-07-18 00:00:00,761941225.026
2018-07-19 00:00:00,691643413.6315
2018-07-20 00:00:00,449834010.948
2018-07-21 00:00:00,523947504.4375
2018-07-22 00:00:00,233495357.1086
2018-07-23 00:00:00,296669988.9034
2018-07-24 00:00:00,705993833.706
2018-07-25 00:00:00,1073811754.5292
2018-07-26 00:00:00,666649090.588
2018-07-27 00:00:00,569963389.5512
2018-07-28 00:00:00,601286932.9101
2018-07-29 00:00:00,255751713.908
2018-07-30 00:00:00,244581855.3829
2018-07-31 00:00:00,647596057.3983
2018-08-01 00:00:00,692958947.9288
2018-08-02 00:00:00,561036987.738
2018-08-03 00:00:00,356793020.892
2018-08-04 00:00:00,522522549.285
2018-08-05 00:00:00,485518589.8088
2018-08-06 00:00:00,321030824.07
2018-08-07 00:00:00,351922348.0296
2018-08-08 00:00:00,508615426.2348
2018-08-09 00:00:00,786597658.1991
2018-08-10 00:00:00,522562605.2364
2018-08-11 00:00:00,589620096.576
2018-08-12 00:00:00,503767485.7395
2018-08-13 00:00:00,379052307.2588
2018-08-14 00:00:00,466729007.056
2018-08-15 00:00:00,738996191.7179
2018-08-16 00:00:00,803255018.2972
2018-08-17 00:00:00,395312232.81
2018-08-18 00:00:00,425775926.2068
2018-08-19 00:00:00,303504677.2186
2018-08-20 00:00:00,242872344.6024
2018-08-21 00:00:00,413021108
2018-08-22 00:00:00,380220042.6234
2018-08-23 00:00:00,758373447.51
2018-08-24 00:00:00,318029869.7184
2018-08-25 00:00:00,354001698.0434
2018-08-26 00:00:00,282579594.6204
2018-08-27 00:00:00,263159844.6008
2018-08-28 00:00:00,379623198.8406
2018-08-29 00:00:00,511091113.8893
2018-08-30 00:00:00,351264808.8033
2018-08-31 00:00:00,429118456.8396
2018-09-01 00:00:00,371447313.6576
2018-09-02 00:00:00,348795302.9987
2018-09-03 00:00:00,518267600.9184
2018-09-04 00:00:00,347423826.5848
2018-09-05 00:00:00,386030947.7397
2018-09-06 00:00:00,753090196.1788
2018-09-07 00:00:00,771294810.4338
2018-09-08 00:00:00,353565281.1195
2018-09-09 00:00:00,327633539.5398
2018-09-10 00:00:00,277073175.0644
2018-09-11 00:00:00,289718059.6146
2018-09-12 00:00:00,343623616.3374
2018-09-13 00:00:00,310389619.7556
2018-09-14 00:00:00,380730086.292
2018-09-15 00:00:00,278515934.2016
2018-09-16 00:00:00,162919518.615
2018-09-17 00:00:00,165027415.3407
2018-09-18 00:00:00,366988698.6127
2018-09-19 00:00:00,286102549.0962
2018-09-20 00:00:00,487450111.559
2018-09-21 00:00:00,320457306.3066
2018-09-22 00:00:00,562369970.232
2018-09-23 00:00:00,323392799.588
2018-09-24 00:00:00,214168587.7968
2018-09-25 00:00:00,331869673.6305
2018-09-26 00:00:00,409764591.9065
2018-09-27 00:00:00,276943856.128
2018-09-28 00:00:00,346892752.0064
2018-09-29 00:00:00,462368258.114
2018-09-30 00:00:00,268013890.24
2018-10-01 00:00:00,218012664.3032
2018-10-02 00:00:00,270638422.6546
2018-10-03 00:00:00,280887690.2868
2018-10-04 00:00:00,303440379.4444
2018-10-05 00:00:00,244732311.8328
2018-10-06 00:00:00,240826210.7256
2018-10-07 00:00:00,161983068.3956
2018-10-08 00:00:00,141209994.402
2018-10-09 00:00:00,269263759.0545
2018-10-10 00:00:00,193623568.374
2018-10-11 00:00:00,279347797.0719
2018-10-12 00:00:00,658363071.3086
2018-10-13 00:00:00,215730649.56
2018-10-14 00:00:00,154622486.438
2018-10-15 00:00:00,226762328.7688
2018-10-16 00:00:00,1178100920.2503
2018-10-17 00:00:00,372554832.072
2018-10-18 00:00:00,218870548.3378
2018-10-19 00:00:00,296802022.5684
2018-10-20 00:00:00,202030698.0724
2018-10-21 00:00:00,166168766.8428
2018-10-22 00:00:00,134160567.1176
2018-10-23 00:00:00,193837811.0214
2018-10-24 00:00:00,218757551.805
2018-10-25 00:00:00,230782191.7884
2018-10-26 00:00:00,196736097.2952
2018-10-27 00:00:00,207220114.107
2018-10-28 00:00:00,141089199.0627
2018-10-29 00:00:00,126801321.5448
2018-10-30 00:00:00,347702119.501
2018-10-31 00:00:00,237445610.0415
2018-11-01 00:00:00,232850455.9906
2018-11-02 00:00:00,198797396.364
2018-11-03 00:00:00,191863094.391
2018-11-04 00:00:00,174563105.046
2018-11-05 00:00:00,185104915.1
2018-11-06 00:00:00,161192819.424
2018-11-07 00:00:00,225775396.44
2018-11-08 00:00:00,264201215.2639
2018-11-09 00:00:00,268942797.627
2018-11-10 00:00:00,217084527.684
2018-11-11 00:00:00,115043643.2184
2018-11-12 00:00:00,149652633.413
2018-11-13 00:00:00,192257208.915
2018-11-14 00:00:00,238882631.625
2018-11-15 00:00:00,1068777739.766
2018-11-16 00:00:00,824845117.9738
2018-11-17 00:00:00,377515424.4078
2018-11-18 00:00:00,187745032.4724
2018-11-19 00:00:00,215735177.996
2018-11-20 00:00:00,1050101739.234
2018-11-21 00:00:00,1455657697.6194
2018-11-22 00:00:00,714495051.5428
2018-11-23 00:00:00,377515098.5929
2018-11-24 00:00:00,489895164.5904
2018-11-25 00:00:00,606098172.2453
2018-11-26 00:00:00,929763666.5408
2018-11-27 00:00:00,784661844.5325
2018-11-28 00:00:00,629563908.9975
2018-11-29 00:00:00,785160275.9805
2018-11-30 00:00:00,564041239.0394
2018-12-01 00:00:00,587915219.4888
2018-12-02 00:00:00,338385023.9682
2018-12-03 00:00:00,314509624.5
2018-12-04 00:00:00,439270976.9205
2018-12-05 00:00:00,387631022.5008
2018-12-06 00:00:00,412960592.3912
2018-12-07 00:00:00,549968243.7802
2018-12-08 00:00:00,803255174.5758
2018-12-09 00:00:00,501085554.5682
2018-12-10 00:00:00,324458240.1972
2018-12-11 00:00:00,365665861.8942
2018-12-12 00:00:00,306997665.7128
2018-12-13 00:00:00,300332650.4533
2018-12-14 00:00:00,356414348.9127
2018-12-15 00:00:00,406362868.6126
2018-12-16 00:00:00,215891781.9146
2018-12-17 00:00:00,240419048.956
2018-12-18 00:00:00,501899316.0194
2018-12-19 00:00:00,534591295.3809
2018-12-20 00:00:00,634009810.6215
2018-12-21 00:00:00,938950259.6941
2018-12-22 00:00:00,517173186.5707
2018-12-23 00:00:00,308837573.1195
2018-12-24 00:00:00,363146370.6295
2018-12-25 00:00:00,527571934.611
2018-12-26 00:00:00,434097462.7776
2018-12-27 00:00:00,332210350.9134
2018-12-28 00:00:00,337691484.727
2018-12-29 00:00:00,411735063.4695
2018-12-30 00:00:00,273159528.0084
2018-12-31 00:00:00,269191858.2192
2019-01-01 00:00:00,269488845.2883
2019-01-02 00:00:00,241928399.1936
2019-01-03 00:00:00,316777254.4324
2019-01-04 00:00:00,176624966.0853
2019-01-05 00:00:00,293647134.8172
2019-01-06 00:00:00,153177701.3242
2019-01-07 00:00:00,262637389.9754
2019-01-08 00:00:00,314915700.8125
2019-01-09 00:00:00,298841666.9663
2019-01-10 00:00:00,371858817.1904
2019-01-11 00:00:00,465176834.075
2019-01-12 00:00:00,307270949.362
2019-01-13 00:00:00,193636744.4875
2019-01-14 00:00:00,170721560.2716
2019-01-15 00:00:00,274892455.2504
2019-01-16 00:00:00,273280909.2784
2019-01-17 00:00:00,237255849.8063
2019-01-18 00:00:00,242822024.8965
2019-01-19 00:00:00,193239371.5764
2019-01-20 00:00:00,205575557.0148
2019-01-21 00:00:00,214411839.6388
2019-01-22 00:00:00,200754427.9994
2019-01-23 00:00:00,209940367.5135
2019-01-24 00:00:00,204197869.728
2019-01-25 00:00:00,151516265.225
2019-01-26 00:00:00,184223340.8878
2019-01-27 00:00:00,157218439.56
2019-01-28 00:00:00,162815294.3
2019-01-29 00:00:00,219370864.0452
2019-01-30 00:00:00,125314902.44
2019-01-31 00:00:00,160951786
2019-02-01 00:00:00,112849977.6102
2019-02-02 00:00:00,119780828.0399
2019-02-03 00:00:00,73800005.4882
2019-02-04 00:00:00,80969399.1302
2019-02-05 00:00:00,63553033.7805
2019-02-06 00:00:00,75066281.3502
2019-02-07 00:00:00,143900701.53
2019-02-08 00:00:00,58905094.7252
2019-02-09 00:00:00,301771987.6032
2019-02-10 00:00:00,106699453.4838
2019-02-11 00:00:00,153422578.8162
2019-02-12 00:00:00,145036524.776
2019-02-13 00:00:00,163866857.0902
2019-02-14 00:00:00,238668724.195
2019-02-15 00:00:00,162192885.407
2019-02-16 00:00:00,120798170.078
2019-02-17 00:00:00,93191938.5265
2019-02-18 00:00:00,224982994.9734
2019-02-19 00:00:00,429150386.544
2019-02-20 00:00:00,374321248.6543
2019-02-21 00:00:00,235445371.308
2019-02-22 00:00:00,196426384.1712
2019-02-23 00:00:00,157385980.2516
2019-02-24 00:00:00,242874099.036
2019-02-25 00:00:00,400105758.6783
2019-02-26 00:00:00,1734750235.8833
2019-02-27 00:00:00,127504717.2525
2019-02-28 00:00:00,226984139.4655
2019-03-01 00:00:00,245942956.3968
2019-03-02 00:00:00,156175559.7436
2019-03-03 00:00:00,120293269.5584
2019-03-04 00:00:00,79501797.9448
2019-03-05 00:00:00,216413666.7198
2019-03-06 00:00:00,278485172.505
2019-03-07 00:00:00,148582990.045
2019-03-08 00:00:00,136348518.4222
2019-03-09 00:00:00,317288682.4932
2019-03-10 00:00:00,111238999.3568
2019-03-11 00:00:00,83936704.4613
2019-03-12 00:00:00,116557011.3127
2019-03-13 00:00:00,209075742.7232
2019-03-14 00:00:00,159688391.1519
2019-03-15 00:00:00,168146954.5833
2019-03-16 00:00:00,296835128.525
2019-03-17 00:00:00,184298451.339
2019-03-18 00:00:00,105693358.7448
2019-03-19 00:00:00,115735520.3806
2019-03-20 00:00:00,103002102.0128
2019-03-21 00:00:00,147543802.276
2019-03-22 00:00:00,166103501.487
2019-03-23 00:00:00,67712123.9106
2019-03-24 00:00:00,57296676.7912
2019-03-25 00:00:00,48747233.8458
2019-03-26 00:00:00,133869301.1894
2019-03-27 00:00:00,77182620.0366
2019-03-28 00:00:00,135317924.5463
2019-03-29 00:00:00,72542414.4438
2019-03-30 00:00:00,168998311.248
2019-03-31 00:00:00,104313150.4536
2019-04-01 00:00:00,53646013.3376
2019-04-02 00:00:00,178833230.7077
2019-04-03 00:00:00,879572364.1184
2019-04-04 00:00:00,963281105.1054
2019-04-05 00:00:00,476408009.5764
2019-04-06 00:00:00,335980018.8689
2019-04-07 00:00:00,329404453.2584
2019-04-08 00:00:00,382675686.0166
2019-04-09 00:00:00,526197764.2362
2019-04-10 00:00:00,411383523.3876
2019-04-11 00:00:00,368160408.1908
2019-04-12 00:00:00,363638962.689
2019-04-13 00:00:00,242714312.8875
2019-04-14 00:00:00,106569784.6862
2019-04-15 00:00:00,131452793.0738
2019-04-16 00:00:00,203887934.2752
2019-04-17 00:00:00,205894131.1575
2019-04-18 00:00:00,242366222.3974
2019-04-19 00:00:00,217894138.4139
2019-04-20 00:00:00,186470171.4552
2019-04-21 00:00:00,147414017.448
2019-04-22 00:00:00,179818212.1644
2019-04-23 00:00:00,268620376.3607
2019-04-24 00:00:00,371060447.1416
2019-04-25 00:00:00,360348203.347
2019-04-26 00:00:00,346365600.4305
2019-04-27 00:00:00,344577947.0674
2019-04-28 00:00:00,153300178.6852
2019-04-29 00:00:00,104885492.521
2019-04-30 00:00:00,254115382.611
2019-05-01 00:00:00,65541116.0006
2019-05-02 00:00:00,51098585.5099
2019-05-03 00:00:00,68390511.7848
2019-05-04 00:00:00,171606287.0444
2019-05-05 00:00:00,120664799.3124
2019-05-06 00:00:00,55755075.3708
2019-05-07 00:00:00,84401987.3554
2019-05-08 00:00:00,147447099.5428
2019-05-09 00:00:00,92603630.084
2019-05-10 00:00:00,127082999.9439
2019-05-11 00:00:00,169471566.4152
2019-05-12 00:00:00,358764816.1854
2019-05-13 00:00:00,437929061.1681
2019-05-14 00:00:00,459019962.2457
2019-05-15 00:00:00,372592512.2154
2019-05-16 00:00:00,284130100.072
2019-05-17 00:00:00,295196717.872
2019-05-18 00:00:00,455963414.1714
2019-05-19 00:00:00,117316463.303
2019-05-20 00:00:00,293462035.909
2019-05-21 00:00:00,251989801.6221
2019-05-22 00:00:00,141589252.425
2019-05-23 00:00:00,162680990.5773
2019-05-24 00:00:00,151053338.865
2019-05-25 00:00:00,157606998.691
2019-05-26 00:00:00,62381654.186
2019-05-27 00:00:00,190510656.1068
2019-05-28 00:00:00,179353690.6408
2019-05-29 00:00:00,134279873.6864
2019-05-30 00:00:00,139788877.323
2019-05-31 00:00:00,291707289.8516
2019-06-01 00:00:00,174940725.8199
2019-06-02 00:00:00,79112822.796
2019-06-03 00:00:00,80345418.3558
2019-06-04 00:00:00,189061316.5932
2019-06-05 00:00:00,298320274.032
2019-06-06 00:00:00,156168263.7188
2019-06-07 00:00:00,155472100.7461
2019-06-08 00:00:00,152941461.7733
2019-06-09 00:00:00,76557021.4098
2019-06-10 00:00:00,75192236.2893
2019-06-11 00:00:00,137334731.2236
2019-06-12 00:00:00,119201858.8772
2019-06-13 00:00:00,170534084.3934
2019-06-14 00:00:00,118173871.4184
2019-06-15 00:00:00,165814336.84
2019-06-16 00:00:00,110733186.6095
2019-06-17 00:00:00,291304564.4609
2019-06-18 00:00:00,236199962.5896
2019-06-19 00:00:00,91483265.5482
2019-06-20 00:00:00,64175901.408
2019-06-21 00:00:00,88441301.3365
2019-06-22 00:00:00,134167792.3956
2019-06-23 00:00:00,210388797.5616
2019-06-24 00:00:00,92033603.9856
2019-06-25 00:00:00,90826286.85
2019-06-26 00:00:00,188227336.128
2019-06-27 00:00:00,521683547.94
2019-06-28 00:00:00,423175771.1325
2019-06-29 00:00:00,251088678.311
2019-06-30 00:00:00,184877335.6224
2019-07-01 00:00:00,172764921.5896
2019-07-02 00:00:00,171482109.072
2019-07-03 00:00:00,240430090.968
2019-07-04 00:00:00,273546634.0104
2019-07-05 00:00:00,130466909.3343
2019-07-06 00:00:00,124193828.6496
2019-07-07 00:00:00,85554897.9616
2019-07-08 00:00:00,67612787.4615
2019-07-09 00:00:00,277905476.8152
2019-07-10 00:00:00,364111378.7824
2019-07-11 00:00:00,507237487.92
2019-07-12 00:00:00,400745298.7161
2019-07-13 00:00:00,223317773.9139
2019-07-14 00:00:00,237143042.963
2019-07-15 00:00:00,163504273.436
2019-07-16 00:00:00,334140371.565
2019-07-17 00:00:00,413796084.0888
2019-07-18 00:00:00,350207291.3724
2019-07-19 00:00:00,400333480.9952
2019-07-20 00:00:00,266367992.225
2019-07-21 00:00:00,231375270.501
2019-07-22 00:00:00,149533508.4911
2019-07-23 00:00:00,207597158.399
2019-07-24 00:00:00,198778566.675
2019-07-25 00:00:00,207985687.0299
2019-07-26 00:00:00,132194259.4601
2019-07-27 00:00:00,122793165.173
2019-07-28 00:00:00,196200932.7257
2019-07-29 00:00:00,93425734.9
2019-07-30 00:00:00,110257993.9584
2019-07-31 00:00:00,115667921.712
2019-08-01 00:00:00,171671948.947
2019-08-02 00:00:00,173753010.8067
2019-08-03 00:00:00,194052551.7015
2019-08-04 00:00:00,142750701.8145
2019-08-05 00:00:00,165486450.2013
2019-08-06 00:00:00,360876818.5806
2019-08-07 00:00:00,385189642.2768
2019-08-08 00:00:00,364388175.423
2019-08-09 00:00:00,211151931.4766
2019-08-10 00:00:00,180122399.3216
2019-08-11 00:00:00,185394290.3946
2019-08-12 00:00:00,104661395.056
2019-08-13 00:00:00,84492311.643
2019-08-14 00:00:00,193935252.602
2019-08-15 00:00:00,280655886.4672
2019-08-16 00:00:00,339458149.8472
2019-08-17 00:00:00,242929696.7552
2019-08-18 00:00:00,91003712.31
2019-08-19 00:00:00,77572050.192
2019-08-20 00:00:00,171807868.2802
2019-08-21 00:00:00,122315070.3088
2019-08-22 00:00:00,236246172.908
2019-08-23 00:00:00,141841653.5382
2019-08-24 00:00:00,122936632.6763
2019-08-25 00:00:00,117754910.928
2019-08-26 00:00:00,102865892.8206
2019-08-27 00:00:00,189624308.4428
2019-08-28 00:00:00,102638637.402
2019-08-29 00:00:00,203978693.8294
2019-08-30 00:00:00,157535719.826
2019-08-31 00:00:00,112305189.2666
2019-09-01 00:00:00,40437358.647
2019-09-02 00:00:00,45179221.4802
2019-09-03 00:00:00,153032806.8368
2019-09-04 00:00:00,228788746.9482
2019-09-05 00:00:00,196753395.5872
2019-09-06 00:00:00,90967493.33
2019-09-07 00:00:00,210268387.8048
2019-09-08 00:00:00,65192692.244
2019-09-09 00:00:00,63124156.1445
2019-09-10 00:00:00,133582936.8664
2019-09-11 00:00:00,109189912.0734
2019-09-12 00:00:00,122176795.0656
2019-09-13 00:00:00,114864653.9296
2019-09-14 00:00:00,95214496.607
2019-09-15 00:00:00,55063941.3121
2019-09-16 00:00:00,40801052.2218
2019-09-17 00:00:00,107174306.4193
2019-09-18 00:00:00,91392243.66
2019-09-19 00:00:00,90728914.3667
2019-09-20 00:00:00,157389488.432
2019-09-21 00:00:00,89963558.4697
2019-09-22 00:00:00,69869004.1574
2019-09-23 00:00:00,59501805.669
2019-09-24 00:00:00,120001577.1514
2019-09-25 00:00:00,491431838.3715
2019-09-26 00:00:00,269030045.1831
2019-09-27 00:00:00,286339496.0408
2019-09-28 00:00:00,167290267.716
2019-09-29 00:00:00,99366389.5
2019-09-30 00:00:00,92992826.6976
2019-10-01 00:00:00,173526590.0116
2019-10-02 00:00:00,170270297.36
2019-10-03 00:00:00,91246610.9394
2019-10-04 00:00:00,116784278.3448
2019-10-05 00:00:00,92819801.4144
2019-10-06 00:00:00,56545050.0769
2019-10-07 00:00:00,100404346.4472
2019-10-08 00:00:00,144876046.239
2019-10-09 00:00:00,68942273.4
2019-10-10 00:00:00,174962381.1936
2019-10-11 00:00:00,113137559.64
2019-10-12 00:00:00,138474726.8121
2019-10-13 00:00:00,30579541.6473
2019-10-14 00:00:00,65962338.316
2019-10-15 00:00:00,61644447.2176
2019-10-16 00:00:00,86738049.996
2019-10-17 00:00:00,117969721.3909
2019-10-18 00:00:00,79993882.9404
2019-10-19 00:00:00,94710382.216
2019-10-20 00:00:00,53229503.8836
2019-10-21 00:00:00,90340986.7572
2019-10-22 00:00:00,78014940.8592
2019-10-23 00:00:00,89353651.5172
2019-10-24 00:00:00,221341213.8308
2019-10-25 00:00:00,75975960.6024
2019-10-26 00:00:00,333681035.1369
2019-10-27 00:00:00,657396445.266
2019-10-28 00:00:00,290708092.5242
2019-10-29 00:00:00,233830897.3968
2019-10-30 00:00:00,169991136.6705
2019-10-31 00:00:00,145730105.1756
2019-11-01 00:00:00,160663136.8662
2019-11-02 00:00:00,107433320.8734
2019-11-03 00:00:00,53740264.7922
2019-11-04 00:00:00,47020646.3232
2019-11-05 00:00:00,103857828.9165
2019-11-06 00:00:00,97692940.8928
2019-11-07 00:00:00,78710164.828
2019-11-08 00:00:00,73169474.0496
2019-11-09 00:00:00,159478900.1724
2019-11-10 00:00:00,40216982.8143
2019-11-11 00:00:00,58075876.8544
2019-11-12 00:00:00,99417730.8838
2019-11-13 00:00:00,84092098.4904
2019-11-14 00:00:00,53278229.9502
2019-11-15 00:00:00,62094349.5168
2019-11-16 00:00:00,102346506.69
2019-11-17 00:00:00,27218439.49
2019-11-18 00:00:00,42762607.2801
2019-11-19 00:00:00,98039358.9687
2019-11-20 00:00:00,80797818.392
2019-11-21 00:00:00,62317220.548
2019-11-22 00:00:00,152565570.3701
2019-11-23 00:00:00,283120965.8225
2019-11-24 00:00:00,74562140.9344
2019-11-25 00:00:00,88831996.034
2019-11-26 00:00:00,250687896.39
2019-11-27 00:00:00,108471398.9148
2019-11-28 00:00:00,220499982.9504
2019-11-29 00:00:00,99775070.97
2019-11-30 00:00:00,117995230.1591
2019-12-01 00:00:00,78337203.7668
2019-12-02 00:00:00,88571039.0699
2019-12-03 00:00:00,71586469.665
2019-12-04 00:00:00,50091304.5022
2019-12-05 00:00:00,142535673.455
2019-12-06 00:00:00,85470713.7483
2019-12-07 00:00:00,77922849.9525
2019-12-08 00:00:00,34352533.7937
2019-12-09 00:00:00,32114286.4924
2019-12-10 00:00:00,108414489.4552
2019-12-11 00:00:00,66161513.2368
2019-12-12 00:00:00,53833378.0026
2019-12-13 00:00:00,75073234.6496
2019-12-14 00:00:00,52683167.6199
2019-12-15 00:00:00,39393109.051
2019-12-16 00:00:00,35264356.5942
2019-12-17 00:00:00,91191811.2654
2019-12-18 00:00:00,106173720.1728
2019-12-19 00:00:00,208624105.2012
2019-12-20 00:00:00,92465911.4364
2019-12-21 00:00:00,55147309.6694
2019-12-22 00:00:00,25368503.344
2019-12-23 00:00:00,72767893.2698
2019-12-24 00:00:00,121983509.7344
2019-12-25 00:00:00,76336714.458
2019-12-26 00:00:00,39255636.0168
2019-12-27 00:00:00,59760787.208
2019-12-28 00:00:00,71840951.382
2019-12-29 00:00:00,36039614.7447
2019-12-30 00:00:00,46435451
2019-12-31 00:00:00,61748083.664
2020-01-01 00:00:00,47782090.6994
2020-01-02 00:00:00,28600968.8576
2020-01-03 00:00:00,68282971.9003
2020-01-04 00:00:00,136870284.592
2020-01-05 00:00:00,50181826.9238
2020-01-06 00:00:00,48177558.2909
2020-01-07 00:00:00,114010548.1248
2020-01-08 00:00:00,210649283.9079
2020-01-09 00:00:00,224003807.3735
2020-01-10 00:00:00,108323770.4736
2020-01-11 00:00:00,153599795.4414
2020-01-12 00:00:00,75103205.4975
2020-01-13 00:00:00,39375157.8458
2020-01-14 00:00:00,68769719.304
2020-01-15 00:00:00,322001233.9342
2020-01-16 00:00:00,162415225.6691
2020-01-17 00:00:00,113463579.9655
2020-01-18 00:00:00,172392198.5178
2020-01-19 00:00:00,73102474.796
2020-01-20 00:00:00,171406582.848
2020-01-21 00:00:00,78615695.3157
2020-01-22 00:00:00,80118406.4526
2020-01-23 00:00:00,62159413.0416
2020-01-24 00:00:00,140040083.6177
2020-01-25 00:00:00,103625698.6572
2020-01-26 00:00:00,49103693.8912
2020-01-27 00:00:00,90541442.5134
2020-01-28 00:00:00,157722446.2734
2020-01-29 00:00:00,187574422.5035
2020-01-30 00:00:00,132156743.7492
2020-01-31 00:00:00,175049334.3105
2020-02-01 00:00:00,106765634.8728
2020-02-02 00:00:00,36660829.428
2020-02-03 00:00:00,66403963.968
2020-02-04 00:00:00,108746958.8123
2020-02-05 00:00:00,90649388.5674
2020-02-06 00:00:00,163509451.016
2020-02-07 00:00:00,152115909.0028
2020-02-08 00:00:00,87939405.4854
2020-02-09 00:00:00,75572303.9296
2020-02-10 00:00:00,107419112.6784
2020-02-11 00:00:00,155424327.7455
2020-02-12 00:00:00,190105216.3952
2020-02-13 00:00:00,161983394.001
2020-02-14 00:00:00,198094127.1122
2020-02-15 00:00:00,122708338.3057
2020-02-16 00:00:00,113915188.2558
2020-02-17 00:00:00,85454123.7067
2020-02-18 00:00:00,119040244.1746
2020-02-19 00:00:00,138390971.1945
2020-02-20 00:00:00,186474102.0448
2020-02-21 00:00:00,128769390.754
2020-02-22 00:00:00,79370095.0346
2020-02-23 00:00:00,34324865.7888
2020-02-24 00:00:00,64282324.0134
2020-02-25 00:00:00,116289798.6375
2020-02-26 00:00:00,114160526.829
2020-02-27 00:00:00,206929921.0304
2020-02-28 00:00:00,147977054.9632
2020-02-29 00:00:00,123840827.84
2020-03-01 00:00:00,42866205.1042
2020-03-02 00:00:00,70749037.3753
2020-03-03 00:00:00,111268001.3928
2020-03-04 00:00:00,85149525.727
2020-03-05 00:00:00,70042032.863
2020-03-06 00:00:00,122314466.7311
2020-03-07 00:00:00,83522225.9936
2020-03-08 00:00:00,59230883.0334
2020-03-09 00:00:00,149933311.4868
2020-03-10 00:00:00,223121982.1464
2020-03-11 00:00:00,155835851.2678
2020-03-12 00:00:00,130840913.439
2020-03-13 00:00:00,574694714.8404
2020-03-14 00:00:00,684475988.6524
2020-03-15 00:00:00,158994389.6178
2020-03-16 00:00:00,201009885.676
2020-03-17 00:00:00,379747427.5455
2020-03-18 00:00:00,222784692.9885
2020-03-19 00:00:00,246280973.4105
2020-03-20 00:00:00,343510892.032
2020-03-21 00:00:00,382708757.244
2020-03-22 00:00:00,161732857.492
2020-03-23 00:00:00,155141963.114
2020-03-24 00:00:00,284307011.0216
2020-03-25 00:00:00,284016940.7236
2020-03-26 00:00:00,226038996.8232
2020-03-27 00:00:00,97401178.9625
2020-03-28 00:00:00,148443297.8847
2020-03-29 00:00:00,142726744.923
2020-03-30 00:00:00,103365161.5595
2020-03-31 00:00:00,186301830.9298
2020-04-01 00:00:00,89947515.0516
2020-04-02 00:00:00,168238042.6748
2020-04-03 00:00:00,279129046.5117
2020-04-04 00:00:00,165881487.018
2020-04-05 00:00:00,95099723.0015
2020-04-06 00:00:00,61737463.0944
2020-04-07 00:00:00,215734110.432
2020-04-08 00:00:00,180411335.9565
2020-04-09 00:00:00,143615580.8898
2020-04-10 00:00:00,118207885.6503
2020-04-11 00:00:00,170978168.3808
2020-04-12 00:00:00,59502005.484
2020-04-13 00:00:00,112654904.1387
2020-04-14 00:00:00,170118314.503
2020-04-15 00:00:00,107004164.2425
2020-04-16 00:00:00,112529486.108
2020-04-17 00:00:00,256066115.0861
2020-04-18 00:00:00,114895300.8069
2020-04-19 00:00:00,80410551.4416
2020-04-20 00:00:00,64645648.4664
2020-04-21 00:00:00,151878158.0712
2020-04-22 00:00:00,90394537.9036
2020-04-23 00:00:00,102205555.9641
2020-04-24 00:00:00,202186228.192
2020-04-25 00:00:00,130187406.006
2020-04-26 00:00:00,50386100.4416
2020-04-27 00:00:00,82965485.6952
2020-04-28 00:00:00,118631651.8972
2020-04-29 00:00:00,102426644.0325
2020-04-30 00:00:00,471328360.4002
2020-05-01 00:00:00,479861000.0475
2020-05-02 00:00:00,209464777.158
2020-05-03 00:00:00,111964108.685
2020-05-04 00:00:00,175862717.8055
2020-05-05 00:00:00,186639007.4084
2020-05-06 00:00:00,182897440.2792
2020-05-07 00:00:00,286155701.8305
2020-05-08 00:00:00,500733651.156
2020-05-09 00:00:00,336643471.834
2020-05-10 00:00:00,206048387.1605
2020-05-11 00:00:00,536864808.2512
2020-05-12 00:00:00,524377414.035
2020-05-13 00:00:00,217646788.1446
2020-05-14 00:00:00,235919563.5729
2020-05-15 00:00:00,332519067.871
2020-05-16 00:00:00,303595865.3108
2020-05-17 00:00:00,116707143.649
2020-05-18 00:00:00,176082868.208
2020-05-19 00:00:00,230169746.6235
2020-05-20 00:00:00,228306109.2126
2020-05-21 00:00:00,231513104.0482
2020-05-22 00:00:00,302921371.08
2020-05-23 00:00:00,137706362.7804
2020-05-24 00:00:00,69573042.348
2020-05-25 00:00:00,151515271.1025
2020-05-26 00:00:00,151521072.3334
2020-05-27 00:00:00,120113138.978
2020-05-28 00:00:00,148428061.012
2020-05-29 00:00:00,193513827.6855
2020-05-30 00:00:00,144086661.3976
2020-05-31 00:00:00,132752538.831
2020-06-01 00:00:00,99233158.4412
2020-06-02 00:00:00,280975717.9806
2020-06-03 00:00:00,429398121.4779
2020-06-04 00:00:00,128440438.9324
2020-06-05 00:00:00,183077760.7168
2020-06-06 00:00:00,139993515.4125
2020-06-07 00:00:00,74040583.5477
2020-06-08 00:00:00,129391452.868
2020-06-09 00:00:00,111353754.5815
2020-06-10 00:00:00,153220784.178
2020-06-11 00:00:00,158586968.0719
2020-06-12 00:00:00,321867038.6074
2020-06-13 00:00:00,132333533.7363
2020-06-14 00:00:00,51803750.58
2020-06-15 00:00:00,63632383.6098
2020-06-16 00:00:00,244968165.021
2020-06-17 00:00:00,138860025.7
2020-06-18 00:00:00,124106956.1473
2020-06-19 00:00:00,74041735.8065
2020-06-20 00:00:00,109732841.856
2020-06-21 00:00:00,57461731.8468
2020-06-22 00:00:00,36882860.072
2020-06-23 00:00:00,134494787.057
2020-06-24 00:00:00,102289235.2817
2020-06-25 00:00:00,178365905.779
2020-06-26 00:00:00,166531113.6115
2020-06-27 00:00:00,141780368.2755
2020-06-28 00:00:00,92221683.8292
2020-06-29 00:00:00,59501520.5565
2020-06-30 00:00:00,100083941.014
2020-07-01 00:00:00,63158022.9811
2020-07-02 00:00:00,98873138.805
2020-07-03 00:00:00,107207537.5074
2020-07-04 00:00:00,57803290.9944
2020-07-05 00:00:00,38839661.8326
2020-07-06 00:00:00,50720848.7269
2020-07-07 00:00:00,113743420.0259
2020-07-08 00:00:00,95242533.9588
2020-07-09 00:00:00,121129125.3966
2020-07-10 00:00:00,98869845.9588
2020-07-11 00:00:00,79818144.576
2020-07-12 00:00:00,30014745.7292
2020-07-13 00:00:00,42610639.379
2020-07-14 00:00:00,78223034.3433
2020-07-15 00:00:00,88249714.542
2020-07-16 00:00:00,83393685.6643
2020-07-17 00:00:00,88531436.7
2020-07-18 00:00:00,71682525.5883
2020-07-19 00:00:00,29934693.3054
2020-07-20 00:00:00,32799397.9768
2020-07-21 00:00:00,59994848.8643
2020-07-22 00:00:00,114760459.146
2020-07-23 00:00:00,103269918.086
2020-07-24 00:00:00,168395155.0164
2020-07-25 00:00:00,128787740.2896
2020-07-26 00:00:00,83145125.8
2020-07-27 00:00:00,169823595.5504
2020-07-28 00:00:00,569642411.592
2020-07-29 00:00:00,352662968.6388
2020-07-30 00:00:00,253835681.0886
2020-07-31 00:00:00,201165672.4417
2020-08-01 00:00:00,222815243.1332
2020-08-02 00:00:00,240815458.968
2020-08-03 00:00:00,289592847.786
2020-08-04 00:00:00,159671026.4652
2020-08-05 00:00:00,122455803.7725
2020-08-06 00:00:00,182136390.168
2020-08-07 00:00:00,203809369.9392
2020-08-08 00:00:00,215793133.728
2020-08-09 00:00:00,86008564.668
2020-08-10 00:00:00,59683346.886
2020-08-11 00:00:00,218397180.6838
2020-08-12 00:00:00,249861736.7918
2020-08-13 00:00:00,141688775.6123
2020-08-14 00:00:00,161732026.4091
2020-08-15 00:00:00,131449767.039
2020-08-16 00:00:00,101333020.2792
2020-08-17 00:00:00,63773670.1483
2020-08-18 00:00:00,253521339.7144
2020-08-19 00:00:00,217771115.2187
2020-08-20 00:00:00,208815095.82
2020-08-21 00:00:00,96746302.15519999
2020-08-22 00:00:00,153928936.99199998
2020-08-23 00:00:00,85029155.46000001
2020-08-24 00:00:00,39027595.4028
2020-08-25 00:00:00,75749356.9416
2020-08-26 00:00:00,168869325.88599998
2020-08-27 00:00:00,104337127.35570002
2020-08-28 00:00:00,152064701.8666
2020-08-29 00:00:00,125753228.67
2020-08-30 00:00:00,48056174.58719999
2020-08-31 00:00:00,54121905.8394
2020-09-01 00:00:00,102290923.35409999
2020-09-02 00:00:00,176627448.525
2020-09-03 00:00:00,265432700.672
2020-09-04 00:00:00,361418115.39089996
2020-09-05 00:00:00,310980390.15669996
2020-09-06 00:00:00,222072428.23080003
2020-09-07 00:00:00,89153592.5889
2020-09-08 00:00:00,153205856.4958
2020-09-09 00:00:00,194156867.12160003
2020-09-10 00:00:00,113383268.7008
2020-09-11 00:00:00,147055601.2892
2020-09-12 00:00:00,101653161.4472
2020-09-13 00:00:00,57857607.940000005
2020-09-14 00:00:00,81937985.7165
2020-09-15 00:00:00,143525658.62719998
2020-09-16 00:00:00,135273030.3276
2020-09-17 00:00:00,154480376.5826
2020-09-18 00:00:00,117116914.34619999
2020-09-19 00:00:00,88269394.26240002
2020-09-20 00:00:00,54811966.3947
2020-09-21 00:00:00,69233310.9125
2020-09-22 00:00:00,193630537.917
2020-09-23 00:00:00,99403513.6488
2020-09-24 00:00:00,124490884.2376
2020-09-25 00:00:00,124807106.4971
2020-09-26 00:00:00,129716552.8944
2020-09-27 00:00:00,48519033.92
2020-09-28 00:00:00,50063044.872
2020-09-29 00:00:00,109557462.41880001
2020-09-30 00:00:00,89865245.23200001
2020-10-01 00:00:00,89894642.8896
2020-10-02 00:00:00,183013787.4308
2020-10-03 00:00:00,150343724.50919998
2020-10-04 00:00:00,31477196.1224
2020-10-05 00:00:00,31512003.100199997
2020-10-06 00:00:00,78412225.0504
2020-10-07 00:00:00,103826838.3222
2020-10-08 00:00:00,102699834.10399999
2020-10-09 00:00:00,142856446.66199997
2020-10-10 00:00:00,120551930.57730001
2020-10-11 00:00:00,97927463.147
2020-10-12 00:00:00,60215827.8995
2020-10-13 00:00:00,166313556.27480003
2020-10-14 00:00:00,117568933.25919999
2020-10-15 00:00:00,93932070.9456
2020-10-16 00:00:00,111854678.0582
2020-10-17 00:00:00,109053461.5582
2020-10-18 00:00:00,34142836.4031
2020-10-19 00:00:00,29716243.876
2020-10-20 00:00:00,139587584.348
2020-10-21 00:00:00,167903083.01479998
2020-10-22 00:00:00,486931525.61759996
2020-10-23 00:00:00,234841376.76999998
2020-10-24 00:00:00,151273932.4116
2020-10-25 00:00:00,69928610.9054
2020-10-26 00:00:00,111062981.3517
2020-10-27 00:00:00,176006371.0356
2020-10-28 00:00:00,325461283.4025
2020-10-29 00:00:00,310741338.15
2020-10-30 00:00:00,228409072.2456
2020-10-31 00:00:00,265607933.7288
2020-11-01 00:00:00,194274881.2584
2020-11-02 00:00:00,81876480.6928
2020-11-03 00:00:00,202098850.1063
2020-11-04 00:00:00,213888432.2785
2020-11-05 00:00:00,303936796.2285
2020-11-06 00:00:00,575483038.2308999
2020-11-07 00:00:00,418654253.4993
2020-11-08 00:00:00,320513832.288
2020-11-09 00:00:00,168415197.354
2020-11-10 00:00:00,392305674.1401
2020-11-11 00:00:00,230269180.3512
2020-11-12 00:00:00,298105721.52049994
2020-11-13 00:00:00,478495947.4292
2020-11-14 00:00:00,264263990.3617
2020-11-15 00:00:00,163501040.4486
2020-11-16 00:00:00,97292561.7456
2020-11-17 00:00:00,293272996.4775
2020-11-18 00:00:00,424743957.97920007
2020-11-19 00:00:00,633847834.5785
2020-11-20 00:00:00,358043942.4177
2020-11-21 00:00:00,374130037.1055
2020-11-22 00:00:00,256287553.65
2020-11-23 00:00:00,276025442.5872
2020-11-24 00:00:00,344268444.6285
2020-11-25 00:00:00,523228040.5104
2020-11-26 00:00:00,357330319.00200003
2020-11-27 00:00:00,867494794.0976
2020-11-28 00:00:00,334361872.05259997
2020-11-29 00:00:00,203020072.4978
2020-11-30 00:00:00,192293943.96799996
2020-12-01 00:00:00,570429939.1842
2020-12-02 00:00:00,586228902.896
2020-12-03 00:00:00,311500178.6337
2020-12-04 00:00:00,269817738.8956
2020-12-05 00:00:00,278793731.2368
2020-12-06 00:00:00,114151706.81100002
2020-12-07 00:00:00,119935507.4742
2020-12-08 00:00:00,176619929.6967
2020-12-09 00:00:00,273878281.0107
2020-12-10 00:00:00,377966775.1915
2020-12-11 00:00:00,264270264.55839998
2020-12-12 00:00:00,291983141.38320005
2020-12-13 00:00:00,175018094.7288
2020-12-14 00:00:00,197236995.26399997
2020-12-15 00:00:00,156397143.1788
2020-12-16 00:00:00,288887515.235
2020-12-17 00:00:00,712598806.4956
2020-12-18 00:00:00,1177690832.1425998
2020-12-19 00:00:00,465956413.34580004
2020-12-20 00:00:00,428547892.6224
2020-12-21 00:00:00,301633611.35960007
2020-12-22 00:00:00,647260163.442
2020-12-23 00:00:00,433884278.63690007
2020-12-24 00:00:00,583254745.8283
2020-12-25 00:00:00,344759537.11370003
2020-12-26 00:00:00,375518728.1612
2020-12-27 00:00:00,530655727.47749996
2020-12-28 00:00:00,822241572.2106
2020-12-29 00:00:00,511058869.7897999
2020-12-30 00:00:00,584575020.2299
2020-12-31 00:00:00,751041810.9530001
2021-01-01 00:00:00,606524119.4576
2021-01-02 00:00:00,491258037.68749994
2021-01-03 00:00:00,1393906626.1097999
2021-01-04 00:00:00,975831414.561
2021-01-05 00:00:00,1432013252.8444002
2021-01-06 00:00:00,1026923831.7408
2021-01-07 00:00:00,1414154052.8992002
2021-01-08 00:00:00,1836614178.52
2021-01-09 00:00:00,1794260806.9199998
2021-01-10 00:00:00,711474842.7384001
2021-01-11 00:00:00,1415450812.9355998
2021-01-12 00:00:00,3039065355.8456006
2021-01-13 00:00:00,1344114134.9345999
2021-01-14 00:00:00,1209077691.9085999
2021-01-15 00:00:00,988940894.4948001
2021-01-16 00:00:00,1194986405.2812
2021-01-17 00:00:00,685084801.596
2021-01-18 00:00:00,650030053.9381001
2021-01-19 00:00:00,590495165.8249999
2021-01-20 00:00:00,579558848.8817999
2021-01-21 00:00:00,913461956.838
2021-01-22 00:00:00,1473827003.7816
2021-01-23 00:00:00,1271924926.152
2021-01-24 00:00:00,414697183.05480003
2021-01-25 00:00:00,362355621.4916
2021-01-26 00:00:00,724029496.8172
2021-01-27 00:00:00,782611741.174
2021-01-28 00:00:00,1231838586.1599
2021-01-29 00:00:00,1030518859.4481
2021-01-30 00:00:00,2130003472.9692001
2021-01-31 00:00:00,559013708.158
2021-02-01 00:00:00,358122291.45
2021-02-02 00:00:00,555827113.908
2021-02-03 00:00:00,598901450.2308002
2021-02-04 00:00:00,704292313.8375
2021-02-05 00:00:00,833075414.8451998
2021-02-06 00:00:00,464369301.493
2021-02-07 00:00:00,815234883.4812
2021-02-08 00:00:00,507510700.3529999
2021-02-09 00:00:00,1848583587.0119998
2021-02-10 00:00:00,1278680840.4312
2021-02-11 00:00:00,854939011.6974
2021-02-12 00:00:00,990292287.0491999
2021-02-13 00:00:00,689712445.314
2021-02-14 00:00:00,410208224.0802
2021-02-15 00:00:00,517594005.19490004
2021-02-16 00:00:00,708415696.938
2021-02-17 00:00:00,899200170.726
2021-02-18 00:00:00,1071500775.2992
2021-02-19 00:00:00,665321948.17
2021-02-20 00:00:00,1203321961.67
2021-02-21 00:00:00,737451802.1999999
2021-02-22 00:00:00,515842591.9302
2021-02-23 00:00:00,1925933019.174
2021-02-24 00:00:00,2125994179.9211
2021-02-25 00:00:00,1058762335.0275999
2021-02-26 00:00:00,915917915.7024
2021-02-27 00:00:00,1077018778.2680998
2021-02-28 00:00:00,399909227.55840003
2021-03-01 00:00:00,724061272.7104
2021-03-02 00:00:00,967845187.1567999
2021-03-03 00:00:00,645712708.9319999
2021-03-04 00:00:00,806146031.418
2021-03-05 00:00:00,781773549.7164001
2021-03-06 00:00:00,757198942.4943999
2021-03-07 00:00:00,314191307.884
2021-03-08 00:00:00,439137853.70299995
2021-03-09 00:00:00,593714545.9992
2021-03-10 00:00:00,757075750.3895999
2021-03-11 00:00:00,1017432150.9559002
2021-03-12 00:00:00,867544807.9200001
2021-03-13 00:00:00,701008587.7872
2021-03-14 00:00:00,988962162.2946001
2021-03-15 00:00:00,461229239.306
2021-03-16 00:00:00,1029700470.848
2021-03-17 00:00:00,933139262.0879998
2021-03-18 00:00:00,870414831.54
2021-03-19 00:00:00,769968936.616
2021-03-20 00:00:00,512236900.775
2021-03-21 00:00:00,388273949.242
2021-03-22 00:00:00,493777972.15409994
2021-03-23 00:00:00,818803864.2720001
2021-03-24 00:00:00,694554383.7493999
2021-03-25 00:00:00,930278334.3463001
2021-03-26 00:00:00,798490265.9184
2021-03-27 00:00:00,654657557.7619001
2021-03-28 00:00:00,417333164.98289996
2021-03-29 00:00:00,354789416.1339
2021-03-30 00:00:00,778905384.4239
2021-03-31 00:00:00,505528990.7958
2021-04-01 00:00:00,716750367.2175
2021-04-02 00:00:00,384195844.2432
2021-04-03 00:00:00,484719745.7236
2021-04-04 00:00:00,350520423.44759995
2021-04-05 00:00:00,244447137.70749998
2021-04-06 00:00:00,401549573.229
2021-04-07 00:00:00,389087525.5784
2021-04-08 00:00:00,756167636.0843999
2021-04-09 00:00:00,475807458.1388999
2021-04-10 00:00:00,407439694.0436
2021-04-11 00:00:00,689236659.54
2021-04-12 00:00:00,315279095.9451
2021-04-13 00:00:00,533381831.04499996
2021-04-14 00:00:00,932699539.664
2021-04-15 00:00:00,1004822805.7968
2021-04-16 00:00:00,480649145.05439997
2021-04-17 00:00:00,905029645.7906001
2021-04-18 00:00:00,444839749.04249996
2021-04-19 00:00:00,1795641744.0864
2021-04-20 00:00:00,829117286.5497999
2021-04-21 00:00:00,971129684.1243
2021-04-22 00:00:00,629420904.768
2021-04-23 00:00:00,1187405699.3865001
2021-04-24 00:00:00,1413848471.2289
2021-04-25 00:00:00,458274326.69310004
2021-04-26 00:00:00,576635611.2210001
2021-04-27 00:00:00,848207062.7712
2021-04-28 00:00:00,509014490.488
2021-04-29 00:00:00,563311741.806
2021-04-30 00:00:00,579652972.723
2021-05-01 00:00:00,683907404.46
2021-05-02 00:00:00,337492054.7
2021-05-03 00:00:00,286521388.9888
2021-05-04 00:00:00,571622384.9631
2021-05-05 00:00:00,836868262.6416
2021-05-06 00:00:00,775797222.5643001
2021-05-07 00:00:00,605987088.7744
2021-05-08 00:00:00,622419281.3629
2021-05-09 00:00:00,523002028.07149994
2021-05-10 00:00:00,534233808.3888
2021-05-11 00:00:00,903456808.965
2021-05-12 00:00:00,546570032.5
2021-05-13 00:00:00,928999961.1595999
2021-05-14 00:00:00,1528100267.3316
2021-05-15 00:00:00,573671658.7248
2021-05-16 00:00:00,536658388.23960006
2021-05-17 00:00:00,795540649.036
2021-05-18 00:00:00,1365356635.4928
2021-05-19 00:00:00,776420981.7175001
2021-05-20 00:00:00,3192479060.6673994
2021-05-21 00:00:00,1507671102.5376
2021-05-22 00:00:00,1438210289.5839999
2021-05-23 00:00:00,666031627.835
2021-05-24 00:00:00,1106858419.3752
2021-05-25 00:00:00,1032788864.5364999
2021-05-26 00:00:00,719154798.135
2021-05-27 00:00:00,676198904.1984
2021-05-28 00:00:00,489470054.16400003
2021-05-29 00:00:00,694420431.1602
2021-05-30 00:00:00,458364767.20769995
2021-05-31 00:00:00,329083645.82589996
2021-06-01 00:00:00,481997703.41160005
2021-06-02 00:00:00,465003628.5384
2021-06-03 00:00:00,472220579.50759995
2021-06-04 00:00:00,439066611.0446
2021-06-05 00:00:00,501492074.2641
2021-06-06 00:00:00,437701948.95419997
2021-06-07 00:00:00,244244789.69799998
2021-06-08 00:00:00,468061636.29730004
2021-06-09 00:00:00,898174396.709
2021-06-10 00:00:00,839878615.0992
2021-06-11 00:00:00,619830807.6814001
2021-06-12 00:00:00,418192315.5634
2021-06-13 00:00:00,400987660.045
2021-06-14 00:00:00,496421300.4036
2021-06-15 00:00:00,773480687.154
2021-06-16 00:00:00,563639731.3728
2021-06-17 00:00:00,527484731.4937
2021-06-18 00:00:00,473543196.0956
2021-06-19 00:00:00,492347272.54859996
2021-06-20 00:00:00,344470416.4143
2021-06-21 00:00:00,467990640.9804999
2021-06-22 00:00:00,881732120.885
2021-06-23 00:00:00,1181870044.7323
2021-06-24 00:00:00,567894517.4390001
2021-06-25 00:00:00,346763748.57839996
2021-06-26 00:00:00,487441486.4364
2021-06-27 00:00:00,383763274.666
2021-06-28 00:00:00,356498319.39
2021-06-29 00:00:00,355900532.4631
2021-06-30 00:00:00,385135142.10499996
2021-07-01 00:00:00,406967841.47840005
2021-07-02 00:00:00,324116506.02239996
2021-07-03 00:00:00,217066486.518
2021-07-04 00:00:00,169572916.05240002
2021-07-05 00:00:00,130884160.14700001
2021-07-06 00:00:00,262649988.6393
2021-07-07 00:00:00,258109070.2662
2021-07-08 00:00:00,205349507.1168
2021-07-09 00:00:00,358897369.3643
2021-07-10 00:00:00,195359782.66919997
2021-07-11 00:00:00,179503024.96170002
2021-07-12 00:00:00,135783786.0912
2021-07-13 00:00:00,192174937.9425
2021-07-14 00:00:00,196978689.6624
2021-07-15 00:00:00,250745294.95470002
2021-07-16 00:00:00,242886859.8507
2021-07-17 00:00:00,223188595.08749998
2021-07-18 00:00:00,153024608.92839998
2021-07-19 00:00:00,119375610.091
2021-07-20 00:00:00,227653989.38759997
2021-07-21 00:00:00,334239343.1424
2021-07-22 00:00:00,446695087.8546
2021-07-23 00:00:00,205069638.9348
2021-07-24 00:00:00,190920633.5901
2021-07-25 00:00:00,149062681.60979998
2021-07-26 00:00:00,213671233.62
2021-07-27 00:00:00,985237333.6841999
2021-07-28 00:00:00,636929009.4564999
2021-07-29 00:00:00,648707028.1244999
2021-07-30 00:00:00,291830057.3931
2021-07-31 00:00:00,484267642.4135
2021-08-01 00:00:00,231216114.81199998
2021-08-02 00:00:00,273365143.663
2021-08-03 00:00:00,304362108.8276
2021-08-04 00:00:00,357077322.26
2021-08-05 00:00:00,381430418.398
2021-08-06 00:00:00,589529886.96
2021-08-07 00:00:00,458571279.1505
2021-08-08 00:00:00,577948603.0353999
2021-08-09 00:00:00,424351428.9948
2021-08-10 00:00:00,673221003.7886
2021-08-11 00:00:00,341739411.6567
2021-08-12 00:00:00,357102154.8612
2021-08-13 00:00:00,364203587.11
2021-08-14 00:00:00,413817979.39739996
2021-08-15 00:00:00,289525608.0355
2021-08-16 00:00:00,238769871.1092
2021-08-17 00:00:00,328414269.4825
2021-08-18 00:00:00,391450533.16090006
2021-08-19 00:00:00,318619549.5016
2021-08-20 00:00:00,334784599.96800005
2021-08-21 00:00:00,393922039.2275
2021-08-22 00:00:00,293309782.24459994
2021-08-23 00:00:00,175696197.0432
2021-08-24 00:00:00,347662893.76
2021-08-25 00:00:00,329218454.3778
2021-08-26 00:00:00,308193605.3925
2021-08-27 00:00:00,350695648.25600004
2021-08-28 00:00:00,314537378.69339997
2021-08-29 00:00:00,127683988.5625
2021-08-30 00:00:00,185179756.2692
2021-08-31 00:00:00,243698081.57909998
2021-09-01 00:00:00,261861261.69700003
2021-09-02 00:00:00,295404213.2284
2021-09-03 00:00:00,333198224.2361
2021-09-04 00:00:00,364637470.90800005
2021-09-05 00:00:00,190864422.66779998
2021-09-06 00:00:00,205763894.329
2021-09-07 00:00:00,345881388.722
2021-09-08 00:00:00,984208204.1449
2021-09-09 00:00:00,440223166.06020004
2021-09-10 00:00:00,315266287.5528
2021-09-11 00:00:00,348659557.6632
2021-09-12 00:00:00,133023638.214
2021-09-13 00:00:00,137153005.1712
2021-09-14 00:00:00,398357109.5228
2021-09-15 00:00:00,260550303.57560003
2021-09-16 00:00:00,241115251.78049996
2021-09-17 00:00:00,265469578.3722
2021-09-18 00:00:00,233662730.952
2021-09-19 00:00:00,171820050.213
2021-09-20 00:00:00,135623202.8706
2021-09-21 00:00:00,605141090.3304
2021-09-22 00:00:00,726831468.7551999
2021-09-23 00:00:00,355516148.994
2021-09-24 00:00:00,369977052.76799995
2021-09-25 00:00:00,594658890.506
2021-09-26 00:00:00,132297206.4525
2021-09-27 00:00:00,231309916.7265
2021-09-28 00:00:00,249740960.376
2021-09-29 00:00:00,275833680.1512
2021-09-30 00:00:00,221224597.0592
2021-10-01 00:00:00,360342502.3033
2021-10-02 00:00:00,688291406.5437
2021-10-03 00:00:00,184243787.756
2021-10-04 00:00:00,183312373.50120002
2021-10-05 00:00:00,370887916.3315
2021-10-06 00:00:00,437607953.31240004
2021-10-07 00:00:00,869275029.8808
2021-10-08 00:00:00,402001281.18899995
2021-10-09 00:00:00,375062388.383
2021-10-10 00:00:00,168430381.1004
2021-10-11 00:00:00,294613549.79940003
2021-10-12 00:00:00,350997309.894
2021-10-13 00:00:00,516916488.0932001
2021-10-14 00:00:00,471270462.4177
2021-10-15 00:00:00,339375043.3206
2021-10-16 00:00:00,825023911.6309999
2021-10-17 00:00:00,263628462.4998
2021-10-18 00:00:00,271015042.96239996
2021-10-19 00:00:00,753842251.6688
2021-10-20 00:00:00,594456878.1812
2021-10-21 00:00:00,650092516.4596
2021-10-22 00:00:00,917892845.9842
2021-10-23 00:00:00,529183068.8158
2021-10-24 00:00:00,191872031.9088
2021-10-25 00:00:00,228927561.009
2021-10-26 00:00:00,277562724.5482
2021-10-27 00:00:00,379278445.2255
2021-10-28 00:00:00,590784490.3176
2021-10-29 00:00:00,692953330.3278999
2021-10-30 00:00:00,563700561.949
2021-10-31 00:00:00,226334070.90760002
2021-11-01 00:00:00,267709104.07680002
2021-11-02 00:00:00,412970758.83
2021-11-03 00:00:00,520838604.09360003
2021-11-04 00:00:00,424004759.3916
2021-11-05 00:00:00,282279127.4775
2021-11-06 00:00:00,261917194.44480002
2021-11-07 00:00:00,211867708.1079
2021-11-08 00:00:00,216409013.16300002
2021-11-09 00:00:00,577118758.6268001
2021-11-10 00:00:00,466601853.5078
2021-11-11 00:00:00,829053692.4852
2021-11-12 00:00:00,309495740.16110003
2021-11-13 00:00:00,490505372.2059
2021-11-14 00:00:00,168246880.5792
2021-11-15 00:00:00,214318500
2021-11-16 00:00:00,348327874.1925
2021-11-17 00:00:00,831553555.683
2021-11-18 00:00:00,549940655.7165
2021-11-19 00:00:00,810589480.6968
2021-11-20 00:00:00,479879941.47720003
2021-11-21 00:00:00,233278784.7116
2021-11-22 00:00:00,174269411.841
2021-11-23 00:00:00,494762556.34959996
2021-11-24 00:00:00,480199475.88900006
2021-11-25 00:00:00,332409438.7548
2021-11-26 00:00:00,289094884.176
2021-11-27 00:00:00,777492583.0165
2021-11-28 00:00:00,277078998.492
2021-11-29 00:00:00,252736299.37800002
2021-11-30 00:00:00,367826530.49249995
2021-12-01 00:00:00,522506214.22769994
2021-12-02 00:00:00,479668944.2496
2021-12-03 00:00:00,431885271.2832
2021-12-04 00:00:00,505379017.8231999
2021-12-05 00:00:00,1243669815.772
2021-12-06 00:00:00,618347670.1116
2021-12-07 00:00:00,595736795.6247
2021-12-08 00:00:00,308543486.1643
2021-12-09 00:00:00,301494308.8344
2021-12-10 00:00:00,355604123.5776
2021-12-11 00:00:00,337628656.4944
2021-12-12 00:00:00,212503434.6582
2021-12-13 00:00:00,202841550.615
2021-12-14 00:00:00,503961475.5761
2021-12-15 00:00:00,345859882.6347
2021-12-16 00:00:00,432899084.32320005
2021-12-17 00:00:00,273509536.4848
2021-12-18 00:00:00,356309895.02760005
2021-12-19 00:00:00,159581106.35739997
2021-12-20 00:00:00,192533517.7216
2021-12-21 00:00:00,276202623.5283
2021-12-22 00:00:00,345514275.7818
2021-12-23 00:00:00,211733671.302
2021-12-24 00:00:00,312600141.9432
2021-12-25 00:00:00,239081657.85399997
2021-12-26 00:00:00,123194900.1099
2021-12-27 00:00:00,141498363.7274
2021-12-28 00:00:00,193668918.30400002
2021-12-29 00:00:00,358069054.04760003
2021-12-30 00:00:00,265370559.54700002
2021-12-31 00:00:00,266888972.0112
2022-01-01 00:00:00,313877726.39159995
2022-01-02 00:00:00,180494758.2702
2022-01-03 00:00:00,127274108.004
2022-01-04 00:00:00,200401831.049
2022-01-05 00:00:00,246887759.41680002
2022-01-06 00:00:00,461984932.3115
2022-01-07 00:00:00,393637882.3188
2022-01-08 00:00:00,488956956.8856
2022-01-09 00:00:00,219239676.6817
2022-01-10 00:00:00,183137667.3576
2022-01-11 00:00:00,429424725.21000004
2022-01-12 00:00:00,330038460.48370004
2022-01-13 00:00:00,306079003.56
2022-01-14 00:00:00,272189573.50680006
2022-01-15 00:00:00,217414771.965
2022-01-16 00:00:00,111568728.7393
2022-01-17 00:00:00,107637568.29
2022-01-18 00:00:00,154783167.4775
2022-01-19 00:00:00,202865735.0568
2022-01-20 00:00:00,219649804.1615
2022-01-21 00:00:00,289428557.0358
2022-01-22 00:00:00,753687064.8299999
2022-01-23 00:00:00,446318667.4657
2022-01-24 00:00:00,257365978.4504
2022-01-25 00:00:00,737386595.8216001
2022-01-26 00:00:00,288957799.11689997
2022-01-27 00:00:00,439495100.73
2022-01-28 00:00:00,343642909.0705
2022-01-29 00:00:00,252375987.58350003
2022-01-30 00:00:00,147213501.3288
2022-01-31 00:00:00,87415311.4308
2022-02-01 00:00:00,230446207.79169998
2022-02-02 00:00:00,271406357.0686
2022-02-03 00:00:00,211170059.74400002
2022-02-04 00:00:00,163514426.92000002
2022-02-05 00:00:00,456958267.8625
2022-02-06 00:00:00,209490904.41120002
2022-02-07 00:00:00,141085407.5202
2022-02-08 00:00:00,403017431.6634
2022-02-09 00:00:00,366731227.48639995
2022-02-10 00:00:00,269200808.685
2022-02-11 00:00:00,464258417.52779996
2022-02-12 00:00:00,322559181.27099997
2022-02-13 00:00:00,140455080.6988
2022-02-14 00:00:00,90673301.6639
2022-02-15 00:00:00,187826655.38700002
2022-02-16 00:00:00,235405883.064
2022-02-17 00:00:00,173518252.1539
2022-02-18 00:00:00,327153771.0551
